primeras_150_palabras,sentiment,total_duplicadas,ids_duplicadas,review
"Loved today's show!!! It was a variety and not solely cooking (which would have been great too). Very stimulating and captivating, always keeping the viewer peeking around the corner to see what was coming up next. She is as down to earth and as personable as you get, like one of us which made the show all the more enjoyable. Special guests, who are friends as well made for a nice surprise too. Loved the 'first' theme and that the audience was invited to play along too. I must admit I was shocked to see her come in under her time limits on a few things, but she did it and by golly I'll be writing those recipes down. Saving time in the kitchen means more time with family. Those who haven't tuned in yet, find out what channel and the time, I assure you that you won't be disappointed.",positive,5,"5213, 12531, 16340, 18467, 30658","Loved today's show!!! It was a variety and not solely cooking (which would have been great too). Very stimulating and captivating, always keeping the viewer peeking around the corner to see what was coming up next. She is as down to earth and as personable as you get, like one of us which made the show all the more enjoyable. Special guests, who are friends as well made for a nice surprise too. Loved the 'first' theme and that the audience was invited to play along too. I must admit I was shocked to see her come in under her time limits on a few things, but she did it and by golly I'll be writing those recipes down. Saving time in the kitchen means more time with family. Those who haven't tuned in yet, find out what channel and the time, I assure you that you won't be disappointed."
"Hilarious, clean, light-hearted, and quote-worthy. What else can you ask for in a film? This is my all-time, number one favorite movie. Ever since I was a little girl, I've dreamed of owning a blue van with flames and an observation bubble.<br /><br />The cliché characters in ridiculous situations are what make this film such great fun. The wonderful comedic chemistry between Stephen Furst (Harold) and Andy Tennant (Melio) make up most of my favorite parts of the movie. And who didn't love the hopeless awkwardness of Flynch? Don't forget the airport antics of Leon's cronies, dressed up as Hari Krishnas: dancing, chanting and playing the tambourine--unbeatable! The clues are genius, the locations are classic, and the plot is timeless.<br /><br />A word to the wise, if you didn't watch this film when you were little, it probably won't win a place in your heart today. But nevertheless give it",positive,4,"7991, 8801, 33413, 34155","Hilarious, clean, light-hearted, and quote-worthy. What else can you ask for in a film? This is my all-time, number one favorite movie. Ever since I was a little girl, I've dreamed of owning a blue van with flames and an observation bubble.<br /><br />The cliché characters in ridiculous situations are what make this film such great fun. The wonderful comedic chemistry between Stephen Furst (Harold) and Andy Tennant (Melio) make up most of my favorite parts of the movie. And who didn't love the hopeless awkwardness of Flynch? Don't forget the airport antics of Leon's cronies, dressed up as Hari Krishnas: dancing, chanting and playing the tambourine--unbeatable! The clues are genius, the locations are classic, and the plot is timeless.<br /><br />A word to the wise, if you didn't watch this film when you were little, it probably won't win a place in your heart today. But nevertheless give it a chance, you may find that ""It doesn't matter what you say, it doesn't matter what you do, you've gotta play."""
"You do realize that you've been watching the EXACT SAME SHOW for eight years, right? I could understand the initial curiosity of seeing strangers co-exist on an Island, but you'd think that after watching unkempt, stink-ladened heroes run roughshod through the bush with an egg on a spoon for half a decade would be enough to get you to commit to something a little more original (and interesting).<br /><br />And I'm not even speaking of the shows validity which for the record I find questionable. It's just hard to suspend disbelief for ""Bushy Bill"" eating a rat when the entire crew of producers and camera people are housed in an air conditioned make-shift bio-dome sipping frosty mochcinno's with moxy.<br /><br />What's the appeal here? I don't care about these people or their meandering lives. I just don't get it. But if you DO find yourself being captivated by hairy, unwashed",negative,3,"10383, 27265, 43926","You do realize that you've been watching the EXACT SAME SHOW for eight years, right? I could understand the initial curiosity of seeing strangers co-exist on an Island, but you'd think that after watching unkempt, stink-ladened heroes run roughshod through the bush with an egg on a spoon for half a decade would be enough to get you to commit to something a little more original (and interesting).<br /><br />And I'm not even speaking of the shows validity which for the record I find questionable. It's just hard to suspend disbelief for ""Bushy Bill"" eating a rat when the entire crew of producers and camera people are housed in an air conditioned make-shift bio-dome sipping frosty mochcinno's with moxy.<br /><br />What's the appeal here? I don't care about these people or their meandering lives. I just don't get it. But if you DO find yourself being captivated by hairy, unwashed people, I suggest you turn off your TV and just take a trip to your local bus station where you can see people like this in their TRUE habitat. They call them HOMELESS PEOPLE, and free of charge, you can sit back and marvel in their uncanny ability to retrieve various cigarette debris from a plethora of garbage canisters, eventually striking ""pay-dirt"" and fashioning a homemade Dr. Frankenstein-styled cancer-stick, all the while begging people for change for food when the stink of ""Aqua Velva"" on their breath is enough to suggest otherwise. And the best part? Much like Survivor, every week one member of the tribe ""Leaves"" the ""Island"" when they are unceremoniously sent packing to the local Institution when the frightening unmedicated state of full-blown schizophrenia kicks into gear! Now THAT'S ENTERTAINMENT!"
"Nickelodeon has gone down the toilet. They have kids saying things like ""Oh my God!"" and ""We're screwed""<br /><br />This show promotes hate for people who aren't good looking, or aren't in the in crowd. It say that sexual promiscuity is alright, by having girls slobbering over shirtless boys. Not to mention the overweight boy who takes off his shirt. The main characters basically shun anyone out of the ordinary. Carly's friend Sam, who may be a lesbian, beats the snot out of anybody that crosses her path, which says it's alright to be a b**ch. This show has so much negativity in it that nobody should watch it! I give it a 0 out of 10!!!",negative,3,"4728, 42756, 47705","Nickelodeon has gone down the toilet. They have kids saying things like ""Oh my God!"" and ""We're screwed""<br /><br />This show promotes hate for people who aren't good looking, or aren't in the in crowd. It say that sexual promiscuity is alright, by having girls slobbering over shirtless boys. Not to mention the overweight boy who takes off his shirt. The main characters basically shun anyone out of the ordinary. Carly's friend Sam, who may be a lesbian, beats the snot out of anybody that crosses her path, which says it's alright to be a b**ch. This show has so much negativity in it that nobody should watch it! I give it a 0 out of 10!!!"
"Robert Jordan is a television star. Robert Jordan likes things orderly, on time and properly executed. In his world children are to be seen, not heard. So why would Mr. Jordan want to become the master of a rambunctious band of Boy Scouts? Ratings. His staff figures that if learns how to interact with the youth, they will be more inclined to watch his show. Of course watching Jordan cope comprises most of the fun.<br /><br />Like Mr. Belvedere and Mr. Belvedere Goes to College this one is sure to please.<br /><br />ANYONE INTERESTED IN OBTAINING A COPY OF THIS FILM PLEASE WRITE TO ME AT: IAMASEAL2@YAHOO.COM",positive,3,"12166, 17801, 29355","Robert Jordan is a television star. Robert Jordan likes things orderly, on time and properly executed. In his world children are to be seen, not heard. So why would Mr. Jordan want to become the master of a rambunctious band of Boy Scouts? Ratings. His staff figures that if learns how to interact with the youth, they will be more inclined to watch his show. Of course watching Jordan cope comprises most of the fun.<br /><br />Like Mr. Belvedere and Mr. Belvedere Goes to College this one is sure to please.<br /><br />ANYONE INTERESTED IN OBTAINING A COPY OF THIS FILM PLEASE WRITE TO ME AT: IAMASEAL2@YAHOO.COM"
"The monster will look very familiar to you. So will the rest of the film, if you've seen a half-dozen of these teenagers-trapped-in-the-woods movies. Okay, so they're not teenagers, this time, but they may as well be. Three couples decide it might be a good idea to check out a nearly-abandoned ghost town, in hopes of finding the gold that people were killed over a scant century-and-a-half before. You'd think that with a title like ""Miner's Massacre"" some interesting things might happen. They don't. In fact, only about 1/10 of the film actually takes place in the mine. I had envisioned teams of terrified miners scampering for their lives in the cavernous confines of their workplace, praying that Black Lung Disease would get them before The Grim Reaper exacted his grisly revenge, but instead I got terrestrial twenty-somethings fornicating--and, in one case, defecating--in the woods, a gang of morons with",negative,3,"7446, 19242, 34847","The monster will look very familiar to you. So will the rest of the film, if you've seen a half-dozen of these teenagers-trapped-in-the-woods movies. Okay, so they're not teenagers, this time, but they may as well be. Three couples decide it might be a good idea to check out a nearly-abandoned ghost town, in hopes of finding the gold that people were killed over a scant century-and-a-half before. You'd think that with a title like ""Miner's Massacre"" some interesting things might happen. They don't. In fact, only about 1/10 of the film actually takes place in the mine. I had envisioned teams of terrified miners scampering for their lives in the cavernous confines of their workplace, praying that Black Lung Disease would get them before The Grim Reaper exacted his grisly revenge, but instead I got terrestrial twenty-somethings fornicating--and, in one case, defecating--in the woods, a gang of morons with a collective I.Q. that would have difficulty pulling a plastic ring out of a box of Cracker Jacks, much less a buried treasure from an abandoned mine. No suspense, no scares, and plenty of embarrassing performances give this turkey a 3 for nudity."
"When i got this movie free from my job, along with three other similar movies.. I watched then with very low expectations. Now this movie isn't bad per se. You get what you pay for. It is a tale of love, betrayal, lies, sex, scandal, everything you want in a movie. Definitely not a Hollywood blockbuster, but for cheap thrills it is not that bad. I would probably never watch this movie again. In a nutshell this is the kind of movie that you would see either very late at night on a local television station that is just wanting to take up some time, or you would see it on a Sunday afternoon on a local television station that is trying to take up some time. Despite the bad acting, cliché lines, and sub par camera work. I didn't have the desire to turn off the movie and pretend",negative,3,"13477, 35475, 39505","When i got this movie free from my job, along with three other similar movies.. I watched then with very low expectations. Now this movie isn't bad per se. You get what you pay for. It is a tale of love, betrayal, lies, sex, scandal, everything you want in a movie. Definitely not a Hollywood blockbuster, but for cheap thrills it is not that bad. I would probably never watch this movie again. In a nutshell this is the kind of movie that you would see either very late at night on a local television station that is just wanting to take up some time, or you would see it on a Sunday afternoon on a local television station that is trying to take up some time. Despite the bad acting, cliché lines, and sub par camera work. I didn't have the desire to turn off the movie and pretend like it never popped into my DVD player. The story has been done many times in many movies. This one is no different, no better, no worse. <br /><br />Just your average movie."
"I see that C. Thomas Howell has appeared in many movies since his heyday in the 80s as an accomplished young actor.<br /><br />I bought this DVD because it was cheap and in part for the internet-related plot and to see how much older C. Thomas Howell is; I do not recall seeing him in any movies since the 1980s.<br /><br />In just a few words: what a very big disappointment. I give some low budget movies a chance, but this one started out lame. Within the first 15 minutes of the movie, this elusive woman is chatting with an Asian guy in a chatroom. They basically stimulate themselves to their own chat, she then insists on meeting the participant in person. She meets him, has sex, ties him up and then murders him in cold blood. The plot then deteriorates further.<br /><br />The plot is thin and flimsy and",negative,3,"18034, 33417, 38195","I see that C. Thomas Howell has appeared in many movies since his heyday in the 80s as an accomplished young actor.<br /><br />I bought this DVD because it was cheap and in part for the internet-related plot and to see how much older C. Thomas Howell is; I do not recall seeing him in any movies since the 1980s.<br /><br />In just a few words: what a very big disappointment. I give some low budget movies a chance, but this one started out lame. Within the first 15 minutes of the movie, this elusive woman is chatting with an Asian guy in a chatroom. They basically stimulate themselves to their own chat, she then insists on meeting the participant in person. She meets him, has sex, ties him up and then murders him in cold blood. The plot then deteriorates further.<br /><br />The plot is thin and flimsy and the acting is very stiff. Do not bother renting it much less purchasing it, even if it is in the $1 DVD bin. I plan to take my copy of the DVD to Goodwill. I am truly amazed that any of the prior reviewers here gave this movie a bad rating."
"This show comes up with interesting locations as fast as the travel channel. It is billed as reality but in actuality it is pure prime time soap opera. It's tries to use exotic locales as a facade to bring people into a phony contest & then proceeds to hook viewers on the contestants soap opera style.<br /><br />It also borrows from an early CBS game show pioneer- Beat The Clock- by inventing situations for its contestants to try & overcome. Then it rewards the winner money. If they can spice it up with a little interaction between the characters, even better. While the game format is in slow motion versus Beat The Clock- the real accomplishment of this series is to escape reality. <br /><br />This show has elements of several types of successful past programs. Reality television, hardly, but if your hooked on the contestants, locale or contest, this",negative,3,"3434, 13265, 32057","This show comes up with interesting locations as fast as the travel channel. It is billed as reality but in actuality it is pure prime time soap opera. It's tries to use exotic locales as a facade to bring people into a phony contest & then proceeds to hook viewers on the contestants soap opera style.<br /><br />It also borrows from an early CBS game show pioneer- Beat The Clock- by inventing situations for its contestants to try & overcome. Then it rewards the winner money. If they can spice it up with a little interaction between the characters, even better. While the game format is in slow motion versus Beat The Clock- the real accomplishment of this series is to escape reality. <br /><br />This show has elements of several types of successful past programs. Reality television, hardly, but if your hooked on the contestants, locale or contest, this is your cup of tea. If your not, this entire series is as I say, drivel dripping with gravy. It is another show hiding behind the reality label which is the trend it started in 2000.<br /><br />It is slick & well produced, so it might last a while yet. After all, so do re-runs of Gilligan's Island, Green Acres, The Beverly Hillbillies & The Brady Bunch. This just doesn't employ professional actors. The intelligence level is about the same."
"How has this piece of crap stayed on TV this long? It's terrible. It makes me want to shoot someone. It's so fake that it is actually worse than a 1940s sci-fi movie. I'd rather have a stroke than watch this nonsense. I remember watching it when it first came out. I thought, hey this could be interesting, then I found out how absolutely, insanely, ridiculously stupid it really was. It was so bad that I actually took out my pocket knife and stuck my hand to the table.<br /><br />Please people, stop watching this and all other reality shows, they're the trash that is jamming the networks and canceling quality programming that requires some thought to create.",negative,3,"10699, 31150, 48045","How has this piece of crap stayed on TV this long? It's terrible. It makes me want to shoot someone. It's so fake that it is actually worse than a 1940s sci-fi movie. I'd rather have a stroke than watch this nonsense. I remember watching it when it first came out. I thought, hey this could be interesting, then I found out how absolutely, insanely, ridiculously stupid it really was. It was so bad that I actually took out my pocket knife and stuck my hand to the table.<br /><br />Please people, stop watching this and all other reality shows, they're the trash that is jamming the networks and canceling quality programming that requires some thought to create."
Smallville episode Justice is the best episode of Smallville ! ! ! ! ! ! ! ! ! ! ! ! ! ! ! ! ! ! ! ! ! ! ! ! ! ! ! ! ! ! ! ! ! ! ! ! ! ! ! ! ! ! ! ! ! ! ! ! ! ! ! ! ! ! ! ! ! ! ! ! ! ! ! ! ! ! ! ! ! ! ! ! ! ! ! ! ! ! ! ! ! ! ! ! ! ! ! ! ! ! ! ! ! ! ! ! ! ! ! ! ! ! ! ! ! ! ! ! ! ! ! ! ! ! ! ! ! ! ! ! ! ! ! ! ! ! ! ! ! ! ! ! ! ! ! ! ! ! ! ! !,positive,2,"39182, 48927",Smallville episode Justice is the best episode of Smallville ! ! ! ! ! ! ! ! ! ! ! ! ! ! ! ! ! ! ! ! ! ! ! ! ! ! ! ! ! ! ! ! ! ! ! ! ! ! ! ! ! ! ! ! ! ! ! ! ! ! ! ! ! ! ! ! ! ! ! ! ! ! ! ! ! ! ! ! ! ! ! ! ! ! ! ! ! ! ! ! ! ! ! ! ! ! ! ! ! ! ! ! ! ! ! ! ! ! ! ! ! ! ! ! ! ! ! ! ! ! ! ! ! ! ! ! ! ! ! ! ! ! ! ! ! ! ! ! ! ! ! ! ! ! ! ! ! ! ! ! ! ! ! ! It's my favorite episode of Smallville! ! ! ! ! ! ! ! ! ! ! ! ! ! ! ! ! ! ! ! ! ! ! ! ! ! ! ! ! ! ! ! ! ! ! ! ! ! ! ! ! ! ! ! ! ! ! ! ! ! ! ! ! ! ! ! ! ! ! ! ! ! ! ! ! ! ! ! ! ! ! ! ! ! ! ! ! ! ! ! ! ! ! ! ! ! ! ! ! ! ! ! ! ! ! ! ! ! ! ! ! ! ! ! ! ! ! ! ! ! ! ! ! ! ! ! ! ! ! ! ! ! ! ! ! ! ! ! ! ! ! ! ! ! ! ! ! !
"The Andrew Davies adaptation of the Sarah Waters' novel was excellent. The characters of Nan and and Kitty were superbly portrayed by Rachael Stirling and Kelley Hawes respectively. The whole series was a total joy to watch. It caught the imagination of everyone across the board, whether straight or gay. I wish there could be a sequel!",positive,2,"16061, 33702","The Andrew Davies adaptation of the Sarah Waters' novel was excellent. The characters of Nan and and Kitty were superbly portrayed by Rachael Stirling and Kelley Hawes respectively. The whole series was a total joy to watch. It caught the imagination of everyone across the board, whether straight or gay. I wish there could be a sequel!"
"The 60s (1999) D: Mark Piznarski. Josh Hamilton, Julia Stiles, Jerry O'Connell, Jeremy Sisto, Jordana Brewster, Leonard Roberts, Bill Smitrovich, Annie Corley, Charles S. Dutton. NBC mini-series (later released to video/DVD as full length feature film) about the treacherous 1960s, as seen through the eyes of both a white family and a black family. The film's first half is driven by the excellent performance of Dutton as Reverend Willie Taylor and evenly spreads the storyline between the families. However, Dutton's character is killed halfway through and the black family is completely forgotten in a dull, incoherent, and downright awful 2nd half. RATING: 4 out of 10. Not rated (later rated PG-13 for video/DVD release).",negative,2,"21925, 32144","The 60s (1999) D: Mark Piznarski. Josh Hamilton, Julia Stiles, Jerry O'Connell, Jeremy Sisto, Jordana Brewster, Leonard Roberts, Bill Smitrovich, Annie Corley, Charles S. Dutton. NBC mini-series (later released to video/DVD as full length feature film) about the treacherous 1960s, as seen through the eyes of both a white family and a black family. The film's first half is driven by the excellent performance of Dutton as Reverend Willie Taylor and evenly spreads the storyline between the families. However, Dutton's character is killed halfway through and the black family is completely forgotten in a dull, incoherent, and downright awful 2nd half. RATING: 4 out of 10. Not rated (later rated PG-13 for video/DVD release)."
"The 1960's were a time of change and awakening for most people. Social upheaval and unrest were commonplace as people spoke-out about their views. Racial tensions, politics, the Vietnam War, sexual promiscuity, and drug use were all part of the daily fabric, and the daily news. This film attempted to encapsulate these historical aspects into an entertaining movie, and largely succeeded.<br /><br />In this film, two families are followed: one white, one black. During the first half of the film, the story follows each family on a equal basis through social and family struggles. Unfortunately, the second half of the movie is nearly dedicated to the white family. Admittedly, there are more characters in this family, and the story lines are intermingled, but equal consideration is not given to the racial aspects of this century.<br /><br />On the whole, the acting is well done and historical footage is mixed with",negative,2,"4729, 37655","The 1960's were a time of change and awakening for most people. Social upheaval and unrest were commonplace as people spoke-out about their views. Racial tensions, politics, the Vietnam War, sexual promiscuity, and drug use were all part of the daily fabric, and the daily news. This film attempted to encapsulate these historical aspects into an entertaining movie, and largely succeeded.<br /><br />In this film, two families are followed: one white, one black. During the first half of the film, the story follows each family on a equal basis through social and family struggles. Unfortunately, the second half of the movie is nearly dedicated to the white family. Admittedly, there are more characters in this family, and the story lines are intermingled, but equal consideration is not given to the racial aspects of this century.<br /><br />On the whole, the acting is well done and historical footage is mixed with color and black and white original footage to give a documentary feel to the movie. The movie is a work of fiction, but clips of well-known historical figures are used to set the time-line.<br /><br />I enjoyed the movie but the situations were predictable and the storyline was one-sided."
"The '60s is an occasionally entertaining film, most of this entertainment is from laughing at the film. It is extremely uneven, and includes many annoying elements. Take for instance the switch between black & white, and color. If done right, this could of been fairly effective, but because it was done poorly , it turned into a nuisance and only detracted from the already bad experience; much of the film had an odd feel to it. The acting wasn't extremely bad for a made for TV flick, but then again it was downright embarrassing at other times. Many of the events were not coherent, and ending up being confusing. How did this family somehow end up being at many of the big events during the 1960's? The ending was much too sappy for my tastes; because it was hollywoodized, everything had to turn out right in the end. I would",negative,2,"20898, 42903","The '60s is an occasionally entertaining film, most of this entertainment is from laughing at the film. It is extremely uneven, and includes many annoying elements. Take for instance the switch between black & white, and color. If done right, this could of been fairly effective, but because it was done poorly , it turned into a nuisance and only detracted from the already bad experience; much of the film had an odd feel to it. The acting wasn't extremely bad for a made for TV flick, but then again it was downright embarrassing at other times. Many of the events were not coherent, and ending up being confusing. How did this family somehow end up being at many of the big events during the 1960's? The ending was much too sappy for my tastes; because it was hollywoodized, everything had to turn out right in the end. I would advise you to not waste your time on The '60s and do something else with your time. I'm glad I watched this in class, and not on my own time. I think I can safely say that the best part of the movie was the inclusion of Bob Dylan's music. Those are just my rambling thoughts on the flick. I hope you take my advice, and stay away from this."
"Thankfully I watched this film alone, enabling me to fast-forward through the worst scenes (aka most of the film, actually). OK, some of it is not all bad, with partially good photography (even some of the under water scenes) and at times not too bad directing. But it still doesn't save the incredibly poor script and way worse acting. Additionally, when I don't find the movies ""hottie"" to be all that, even the wannabe-sexy love making scenes get dull. Really dull! And for the drama: You know it's always a bad sign when you get to dislike all of the characters so much you really don't care who lives and who dies.<br /><br />If you still haven't gotten tired of the reality series Survivor, you may find something to your liking in this movie. If not, stay well clear!",negative,2,"17573, 26442","Thankfully I watched this film alone, enabling me to fast-forward through the worst scenes (aka most of the film, actually). OK, some of it is not all bad, with partially good photography (even some of the under water scenes) and at times not too bad directing. But it still doesn't save the incredibly poor script and way worse acting. Additionally, when I don't find the movies ""hottie"" to be all that, even the wannabe-sexy love making scenes get dull. Really dull! And for the drama: You know it's always a bad sign when you get to dislike all of the characters so much you really don't care who lives and who dies.<br /><br />If you still haven't gotten tired of the reality series Survivor, you may find something to your liking in this movie. If not, stay well clear!"
"Shame Shame Shame on UA/DW for what you do! <br /><br />I was appalled. <br /><br />Do NOT take kids to see this movie. The humor is totally inappropriate for children - plus they'll be bored and disappointed. Certainly *we all* have read Theo's wonderful children book and certainly we have expectations...but this is pure trash. Dr. Seuss would be ashamed and certainly would've never given his ""thumbs up"" at such a dastardly attempt to capitalize on a classic.<br /><br />What a pity. <br /><br />Spend your money on the book. If you own a copy, then buy the book and donate it to a Toys for Tots program. This movie is NOT worth a ""free"" ticket viewing.<br /><br />Stick with the book. The tv cartoon version works well if you want a visual portrayal - save your money...seriously. SAVE your money - it will be on cable by saint",negative,2,"20646, 29259","Shame Shame Shame on UA/DW for what you do! <br /><br />I was appalled. <br /><br />Do NOT take kids to see this movie. The humor is totally inappropriate for children - plus they'll be bored and disappointed. Certainly *we all* have read Theo's wonderful children book and certainly we have expectations...but this is pure trash. Dr. Seuss would be ashamed and certainly would've never given his ""thumbs up"" at such a dastardly attempt to capitalize on a classic.<br /><br />What a pity. <br /><br />Spend your money on the book. If you own a copy, then buy the book and donate it to a Toys for Tots program. This movie is NOT worth a ""free"" ticket viewing.<br /><br />Stick with the book. The tv cartoon version works well if you want a visual portrayal - save your money...seriously. SAVE your money - it will be on cable by saint patty's day.<br /><br />Shame shame shame on what they do!!"
"Terminus Paradis was exceptional, but ""Niki ardelean"" comes too late. We already have enough of this and we want something new.<br /><br />Big directors should have no problems seeing beyond their time, not behind. Why people see Romania only as a postrevolutionary country?<br /><br />We are just born not reincarnated, and nobody gives a s**t anymore about old times. Most people dont remember or dont want to remember, and the new generation of movie consumers dont understand a bit. This should be the first day of romanian movie not the final song - priveghi! Maybe younger directors should make the move.",negative,2,"17567, 30299","Terminus Paradis was exceptional, but ""Niki ardelean"" comes too late. We already have enough of this and we want something new.<br /><br />Big directors should have no problems seeing beyond their time, not behind. Why people see Romania only as a postrevolutionary country?<br /><br />We are just born not reincarnated, and nobody gives a s**t anymore about old times. Most people dont remember or dont want to remember, and the new generation of movie consumers dont understand a bit. This should be the first day of romanian movie not the final song - priveghi! Maybe younger directors should make the move."
"Talk about rubbish! I can't think of one good thing in this movie. The screenplay was poor, the acting was terrible and the effects, well there were no effects. I can't believe the writer of this movie did Identity, everything in this movie made me sick to start to finish.<br /><br />The front cover of the video box shows a showman with shark like teeth and scary eyes. I looks like a scary villain, but like the old saying ""never judge a book by it's cover"", the whole villain looked like a cardboard cut out. One part in the film a girl gets killed by a salad tongs, terrible. The setting was bad enough, like they could of set the whole thing in Lapland but no, a tropical island instead.<br /><br />I took this movie as a spoof, which I think they wanted it to be but the only thing",negative,2,"39031, 39923","Talk about rubbish! I can't think of one good thing in this movie. The screenplay was poor, the acting was terrible and the effects, well there were no effects. I can't believe the writer of this movie did Identity, everything in this movie made me sick to start to finish.<br /><br />The front cover of the video box shows a showman with shark like teeth and scary eyes. I looks like a scary villain, but like the old saying ""never judge a book by it's cover"", the whole villain looked like a cardboard cut out. One part in the film a girl gets killed by a salad tongs, terrible. The setting was bad enough, like they could of set the whole thing in Lapland but no, a tropical island instead.<br /><br />I took this movie as a spoof, which I think they wanted it to be but the only thing that made me laugh in a bad way was the tacky effects. You can argue that I haven't watched the first one, but seeing this I would be safe if I wouldn't attempted it.<br /><br />The biggest joke in this movie is the effects, the snowballs looked like they were home made, and that carrot was a complete embarrassment. If I would of guess the budget of this movie would of probably be between 8 to 9 pounds fifty. The producer in a last minute panic must of grabbed the actors for the street gave them the script told them they have 6 minutes to practise these lines and shoot on a island.<br /><br />Lastly the acting in the film was painful, it was like the actors forgot their ordinary lines and made them up the way through.<br /><br />In conclusion I give this film: 0 stars out of 5"
"Since I am required to write minimum of 10 lines, and this garbage deserves not only a single one, I'll start with the following: 1. I voted AWFUL for this dreadful so called ""movie"".<br /><br />2. Let me explain why these turkeys Mr. David Varod produces are shot mainly in my beautiful homeland, Bulgaria (just in BTW, for the illiterate people around - this country is IN EUROPE, based north to Greece and has absolutely nothing to do with Mexico and Uruguay) Some years ago, NU Image has invaded our country and started making crappy mostly direct-to-video releases. Why here? Because here they pay derisively low fees to the Bulgarian crew and to the Bulgarian actors (most of them distinguished ones) which are, in many ways, better than most of their American colleagues. Personally I am ashamed of that fact. The reason is, of course, the greediness of the Americans",negative,2,"9923, 30500","Since I am required to write minimum of 10 lines, and this garbage deserves not only a single one, I'll start with the following: 1. I voted AWFUL for this dreadful so called ""movie"".<br /><br />2. Let me explain why these turkeys Mr. David Varod produces are shot mainly in my beautiful homeland, Bulgaria (just in BTW, for the illiterate people around - this country is IN EUROPE, based north to Greece and has absolutely nothing to do with Mexico and Uruguay) Some years ago, NU Image has invaded our country and started making crappy mostly direct-to-video releases. Why here? Because here they pay derisively low fees to the Bulgarian crew and to the Bulgarian actors (most of them distinguished ones) which are, in many ways, better than most of their American colleagues. Personally I am ashamed of that fact. The reason is, of course, the greediness of the Americans involved and their wish to get most, if not all of the profit. Actually it would't be so bad if only the production wasn't so filthy and pale. There hasn't been a good picture shot here for years. At present NU image is being sued here over the very questionably purchasing of our national cinema production centre called Boyana Films. No doubt about it there has been corruption, there has been deceit, there has been a lies in this recent purchase. The Bulgarian cinema is dead. Long live the Bulgarian cinema!"
"THE JIST: See something else.<br /><br />This film was highly rated by Gene Siskel, but after watching it I can't figure out why. The film is definitely original and different. It even has interesting dialogue at times, some cool moments, and a creepy ""noir"" feel. But it just isn't entertaining. It also doesn't make a whole lot of sense, in plot but especially in character motivations. I don't know anyone that behaves like these characters do.<br /><br />This is a difficult movie to take on -- I suggest you don't accept the challenge.",positive,2,"17145, 22112","THE JIST: See something else.<br /><br />This film was highly rated by Gene Siskel, but after watching it I can't figure out why. The film is definitely original and different. It even has interesting dialogue at times, some cool moments, and a creepy ""noir"" feel. But it just isn't entertaining. It also doesn't make a whole lot of sense, in plot but especially in character motivations. I don't know anyone that behaves like these characters do.<br /><br />This is a difficult movie to take on -- I suggest you don't accept the challenge."
"THE HAND OF DEATH most definitely rates a ten on a scale of one to- due, in no small part, to John Woo's masterful direction, coupled with Kat's superb cinematography: some of the leisurely tracking shots alone are worth the price of a rental; there are moments when this one borders on becoming an art-house film. Both James Tien and Sammo Hung make for the kind of villains you can't help but love to hate. Tien is particularly good as the baddest of the bad. It's a role reversal the likes of which I don't think I've ever seen before (Tien normally played a hero and, in fact, with his moustache, I didn't even recognize him at first). Sammo's goofy ""buck teeth"" only make an already unsavory character seem even more flawed; that he also happens to be a skilled martial artist makes him even less likable- in a villain",positive,2,"25548, 34810","THE HAND OF DEATH most definitely rates a ten on a scale of one to- due, in no small part, to John Woo's masterful direction, coupled with Kat's superb cinematography: some of the leisurely tracking shots alone are worth the price of a rental; there are moments when this one borders on becoming an art-house film. Both James Tien and Sammo Hung make for the kind of villains you can't help but love to hate. Tien is particularly good as the baddest of the bad. It's a role reversal the likes of which I don't think I've ever seen before (Tien normally played a hero and, in fact, with his moustache, I didn't even recognize him at first). Sammo's goofy ""buck teeth"" only make an already unsavory character seem even more flawed; that he also happens to be a skilled martial artist makes him even less likable- in a villain you love to hate kind of way. His choreography of the fight scenes throughout is fantastic. Jackie Chan appears briefly (early on and late in the going) as a blacksmith, and I believe I actually glimpsed Yuen Biao somewhere along the way. Tan as the lead is nothing less than magnificent."
"Spheeris debut must be one of the best music documentaries of all time. And as far as I know it's also the only one that focuses on the L.A. Punk Explosion of the early eighties. It's all there: not just great, great bands like Black Flag, Fear, X, the Germs, whose names may not mean much to you today, but whose influence on today's alternative rock music can not be over-estimated, but also the promoters, the media and first of all the audiences - the punks - all portrayed in a manner that makes you laugh, shudder and gasp with astonishment about the energy, the anger and the fury these youths put into their music. Where is that today? The eighties may have sucked big time when it cames to mainstream music, but the underground was rocking. If you need a proof for that, watch Fear's performance in Decline. Unmatched.",positive,2,"14618, 19895","Spheeris debut must be one of the best music documentaries of all time. And as far as I know it's also the only one that focuses on the L.A. Punk Explosion of the early eighties. It's all there: not just great, great bands like Black Flag, Fear, X, the Germs, whose names may not mean much to you today, but whose influence on today's alternative rock music can not be over-estimated, but also the promoters, the media and first of all the audiences - the punks - all portrayed in a manner that makes you laugh, shudder and gasp with astonishment about the energy, the anger and the fury these youths put into their music. Where is that today? The eighties may have sucked big time when it cames to mainstream music, but the underground was rocking. If you need a proof for that, watch Fear's performance in Decline. Unmatched. Great film! How come this is not available on vid, LD or DVD? P.S. The follow-up Decline Pt. II is hilarious, too"
"The BFG is one of Roald Dahl's most cherished books, but in this animated adaptation the magic just isn't there. This version remains pretty faithful to Dahl's original story so one can't lay the blame on John Hambley's script. If anything the fault lies with the colourless animation, the lethargic pace and the generally lacklustre voice-overs. One would be right to expect this story to make for a happy, vibrant, fun-filled movie..... instead, the film is a hopelessly dull affair that becomes quite tedious to watch. Children who are not familiar with the story should definitely read the book first! All the film will achieve is to put them off read what is actually a children's' classic.<br /><br />Young orphan Sophie (voice of Amanda Root) lives in a none-too-friendly orphanage under the cruel supervision of Mrs Clonkers. One evening she is peering through the window when she spots a massive",negative,2,"15464, 29397","The BFG is one of Roald Dahl's most cherished books, but in this animated adaptation the magic just isn't there. This version remains pretty faithful to Dahl's original story so one can't lay the blame on John Hambley's script. If anything the fault lies with the colourless animation, the lethargic pace and the generally lacklustre voice-overs. One would be right to expect this story to make for a happy, vibrant, fun-filled movie..... instead, the film is a hopelessly dull affair that becomes quite tedious to watch. Children who are not familiar with the story should definitely read the book first! All the film will achieve is to put them off read what is actually a children's' classic.<br /><br />Young orphan Sophie (voice of Amanda Root) lives in a none-too-friendly orphanage under the cruel supervision of Mrs Clonkers. One evening she is peering through the window when she spots a massive figure walking stealthily down the village street. The figure realises it has been seen, so it reaches in through the window and scoops Sophie from her bed, placing her into its enormous pocket before fleeing into the night. Sophie soon discovers that she has been kidnapped by a giant from Giant Country, and fears that he will eat her. But to her relief he turns out to be a kind and sensitive member of his species who introduces himself as the BFG (voice of David Jason). The BFG refuses to eat people, instead restricting himself to foul-tasting vegetables known as snozzcumbers. However, Giant Country is populated by numerous other giants who DO feast - every night, as it happens - on poor unsuspecting humans. Sophie and the BFG become great friends, and soon they come up with a plan to thwart the other giants. Together they go to the Queen of England (voice of Angela Thorne) with their remarkable story and beg her to send the army and the air force to fight the man-eating giants. The Queen agrees and so begins a dangerous operation to capture the bad giants before they can harm anyone else.<br /><br />Jason voices the BFG quite well (one of the few pluses in the film) but his good work is almost ruined by somewhat poor sound quality. The rest of the voice work is decidedly uninspired, with very little to bring the characters to life. Similarly, the BFG is the only character that is imaginatively animated - Sophie lacks appeal, and the giants are boringly designed (and look almost indistinguishable from each other). Even the places are uninventive; Giant Country especially comes up short, being nothing more than a barren wasteland with occasional rocks and canyons. At 88 minutes the film is not exactly lengthy, yet it drags quite badly in parts due to the soporific handling of several sequences. Little of Dahl's mischievous humour is conveyed satisfactorily. One chapter in the book deals with the BFG's love of ""whizzpopping"" (farting) and is laugh-out-loud hilarious. In the film, the same section is totally killed by unfunny handling. I came to the The BFG expecting lots of zest, fun and enjoyment, but what I got was pretty much the opposite! This one is a failed misfire that simply doesn't match the calibre of the book in any department - unfortunately, therefore, it must go down as one to skip."
"Sondra Locke stinks in this film, but then she was an awful 'actress' anyway. Unfortunately, she drags everyone else (including then =real life boyfriend Clint Eastwood down the drain with her. But what was Clint Eastwood thinking when he agreed to star in this one? One read of the script should have told him that this one was going to be a real snorer. It's an exceptionally weak story, basically no story or plot at all. Add in bored, poor acting, even from the normally good Eastwood. There's absolutely no action except a couple arguments and as far as I was concerned, this film ranks up at the top of the heap of natural sleep enhancers. Wow! Could a film BE any more boring? I think watching paint dry or the grass grow might be more fun. A real stinker. Don't bother with this one.",negative,2,"6192, 43987","Sondra Locke stinks in this film, but then she was an awful 'actress' anyway. Unfortunately, she drags everyone else (including then =real life boyfriend Clint Eastwood down the drain with her. But what was Clint Eastwood thinking when he agreed to star in this one? One read of the script should have told him that this one was going to be a real snorer. It's an exceptionally weak story, basically no story or plot at all. Add in bored, poor acting, even from the normally good Eastwood. There's absolutely no action except a couple arguments and as far as I was concerned, this film ranks up at the top of the heap of natural sleep enhancers. Wow! Could a film BE any more boring? I think watching paint dry or the grass grow might be more fun. A real stinker. Don't bother with this one."
"Somehow they summed up the 60's, ten years that radically changed our country, in four hours. And what a painful four hours it was. They trivilized the major events and happenings and they ""claimed"" it was about two families yet you barely saw the african-american family. If I were NBC I would be ashamed and embarrassed for airing such trash. What was amusing was this happy-go-lucky family you saw in the very beginning was tortured in so many ways, but managed to attend every major 60's event through the country. And the second family was such a non-factor. They devoted maybe five or six scenes total to this family. That poor son... Please NBC, do not make any movies about any other eras....leave that to PBS and the History Channel",negative,2,"41848, 48581","Somehow they summed up the 60's, ten years that radically changed our country, in four hours. And what a painful four hours it was. They trivilized the major events and happenings and they ""claimed"" it was about two families yet you barely saw the african-american family. If I were NBC I would be ashamed and embarrassed for airing such trash. What was amusing was this happy-go-lucky family you saw in the very beginning was tortured in so many ways, but managed to attend every major 60's event through the country. And the second family was such a non-factor. They devoted maybe five or six scenes total to this family. That poor son... Please NBC, do not make any movies about any other eras....leave that to PBS and the History Channel"
"Some will say this movie is a guilty pleasure. I loved this flick but I don't feel guilty about it. You can tell the whole cast and crew had fun making this movie. But Jack Frost 2 won't go over well with some people. Right from the beginning you can tell this movie will be cheesy and it definitely has an amateurish look to it. Well, if you get the privilege to watch this movie, after watching it remember that Jack Frost 2: Revenge of the Mutant Killer Snowman is a pleasure, not a guilty pleasure. Now, because I can't fill up ten lines heres some great scenes: <br /><br />**SPOILERS** <br /><br />The three women on the beach had great deaths. The first one had Jack in a tree trying to drop icicles on one of them. He kept missing so he dropped an anvil on her. The next",positive,2,"29112, 34387","Some will say this movie is a guilty pleasure. I loved this flick but I don't feel guilty about it. You can tell the whole cast and crew had fun making this movie. But Jack Frost 2 won't go over well with some people. Right from the beginning you can tell this movie will be cheesy and it definitely has an amateurish look to it. Well, if you get the privilege to watch this movie, after watching it remember that Jack Frost 2: Revenge of the Mutant Killer Snowman is a pleasure, not a guilty pleasure. Now, because I can't fill up ten lines heres some great scenes: <br /><br />**SPOILERS** <br /><br />The three women on the beach had great deaths. The first one had Jack in a tree trying to drop icicles on one of them. He kept missing so he dropped an anvil on her. The next woman fell on a bed of icicles. The last one was stabbed in the eyes with tongs.<br /><br />The other great one was where two surfers stoners are hanging out near a frozen pole. One of them gets their tongue stuck on it (of course). Jack Frost pulls him back a rips his tongue off while saying ""COWA-TONGUE-A DUDE!"". Well, you have to see it for yourself.<br /><br />And of course, the snowball children kicked ass.<br /><br />**END SPOILERS**<br /><br />infinity stars"
"Sigh. I'm baffled when I see a short like this get attention and assignments and whatnot. I saw this film at a festival before the filmmaker got any attention and forgot about it immediately afterwards. It was mildly annoying to see it swiping the Grinch Who Stole Christmas heart gag along with the narration, the set design seen many times before, the whole weak Tim Burton-ish style, and the story that goes nowhere. And we got the ""joke"" about shooting the crows with the 45 the first time, alright?<br /><br />But I guess what's really unacceptable is that it even swipes its basic concept from a comic book circa 1999 called LENORE, THE CUTE LITTLE DEAD GIRL by Roman Dirge! As any quick internet search will reveal. I mean, what is this? This is what they base a Hollywood contract on and opens doors in Canada for a filmmaker? ""Give",negative,2,"744, 6672","Sigh. I'm baffled when I see a short like this get attention and assignments and whatnot. I saw this film at a festival before the filmmaker got any attention and forgot about it immediately afterwards. It was mildly annoying to see it swiping the Grinch Who Stole Christmas heart gag along with the narration, the set design seen many times before, the whole weak Tim Burton-ish style, and the story that goes nowhere. And we got the ""joke"" about shooting the crows with the 45 the first time, alright?<br /><br />But I guess what's really unacceptable is that it even swipes its basic concept from a comic book circa 1999 called LENORE, THE CUTE LITTLE DEAD GIRL by Roman Dirge! As any quick internet search will reveal. I mean, what is this? This is what they base a Hollywood contract on and opens doors in Canada for a filmmaker? ""Give your head a shake"" as Don Cherry might say."
"So, I'm wondering while watching this film, did the producers of this movie get to save money on Sandra Bullock's wardrobe by dragging out her ""before"" clothes from Miss Congeniality? Did Ms. Bullock also get to sleepwalk through the role by channeling the ""before"" Gracie Hart? As many reviewers have noted before, the film is very formulaic. Add to that the deja vu viewer experiences with the character of Cassie Maywether as a somewhat darker Gracie Hart with more back story and it rapidly become a snooze fest.<br /><br />The two bad boy serial killers have been done before (and better) in other films. As has the ""good guy partner trying to protect his partner despite the evidence"" character been seen before. In fact none of the characters in the film ever get beyond two dimensions or try to be anything but trite stereotypes.<br /><br />One last peeve - using",negative,2,"5956, 9057","So, I'm wondering while watching this film, did the producers of this movie get to save money on Sandra Bullock's wardrobe by dragging out her ""before"" clothes from Miss Congeniality? Did Ms. Bullock also get to sleepwalk through the role by channeling the ""before"" Gracie Hart? As many reviewers have noted before, the film is very formulaic. Add to that the deja vu viewer experiences with the character of Cassie Maywether as a somewhat darker Gracie Hart with more back story and it rapidly become a snooze fest.<br /><br />The two bad boy serial killers have been done before (and better) in other films. As has the ""good guy partner trying to protect his partner despite the evidence"" character been seen before. In fact none of the characters in the film ever get beyond two dimensions or try to be anything but trite stereotypes.<br /><br />One last peeve - using the term serial killer is false advertising. Murdering one person - even if it's a premeditated murder - does not make you a serial killer. You may have the potential to become a serial killer but you are not a serial killer or even a spree killer."
"So much for JUDGE AND JURY, which lives up to its nonsense title. What good is there? The lighting is terribly foggy! Another horror movie you ask? Well, that's perfectly explainable. David Keith actually does pretty good at disguising clowns, chefs, and other shenanigans while being the killer who escaped death row. But overall, despite some new twists, it's reasonably stupid. Unapix has been putting out some ludicrous productions recently, and this one only means so much. We, the jury, find this film guilty for its indecent exposure to many of us sitting around believing it's a total waste of our time!",negative,2,"26059, 47116","So much for JUDGE AND JURY, which lives up to its nonsense title. What good is there? The lighting is terribly foggy! Another horror movie you ask? Well, that's perfectly explainable. David Keith actually does pretty good at disguising clowns, chefs, and other shenanigans while being the killer who escaped death row. But overall, despite some new twists, it's reasonably stupid. Unapix has been putting out some ludicrous productions recently, and this one only means so much. We, the jury, find this film guilty for its indecent exposure to many of us sitting around believing it's a total waste of our time!"
"Spend your time any other way, even housework is better than this movie. The jokes aren't funny, the fun rhymes that are Dr. Seus aren't there. A very lousy way to waste an evening. My kids 4-16 laughed a little at the beginning the younger ones got bored with it and left to play Barbies and the older ones left to play ps2 and surf the net. My wife left and did dishes. So I finished it alone. It was the worst ""kids"" movie I have seen. If you want to watch a fun kids movie watch Shrek 2, that movie is fun for kids and their parents. AVOID THIS MOVIE. It isn't funny, isn't cute, the cat's makeup is about the only good thing in it and you can see that on the disc label.",negative,2,"2506, 15738","Spend your time any other way, even housework is better than this movie. The jokes aren't funny, the fun rhymes that are Dr. Seus aren't there. A very lousy way to waste an evening. My kids 4-16 laughed a little at the beginning the younger ones got bored with it and left to play Barbies and the older ones left to play ps2 and surf the net. My wife left and did dishes. So I finished it alone. It was the worst ""kids"" movie I have seen. If you want to watch a fun kids movie watch Shrek 2, that movie is fun for kids and their parents. AVOID THIS MOVIE. It isn't funny, isn't cute, the cat's makeup is about the only good thing in it and you can see that on the disc label."
"The Hand of Death aka Countdown in Kung Fu (1976) is a vastly underrated early work by director John Woo. The film stars Dorian Tan (Tan Tao-liang) and features Jackie Chan, Sammo Hung and James Tien in significant supporting roles. Many people believe, or have been lead to believe by deceptive advertising, that this is a Jackie Chan film. This is not a Jackie Chan film, Dorian Tan is the star but Jackie gives one of his best (most serious) early performances.<br /><br />The Hand of Death is about a Shaolin disciple named Yunfei (Tan) who is sent on a mission to assassinate a Shaolin traitor named Shih Xiaofeng (Tien) and protect a revolutionary named Zhang Yi (Woo). Along his journey Yunfei meets up with a young woodcutter named Tan (Chan) and a disgraced sword fighter (Chang Chung) known as ""the wanderer."" Both men have suffered at the hands of",positive,2,"17796, 48946","The Hand of Death aka Countdown in Kung Fu (1976) is a vastly underrated early work by director John Woo. The film stars Dorian Tan (Tan Tao-liang) and features Jackie Chan, Sammo Hung and James Tien in significant supporting roles. Many people believe, or have been lead to believe by deceptive advertising, that this is a Jackie Chan film. This is not a Jackie Chan film, Dorian Tan is the star but Jackie gives one of his best (most serious) early performances.<br /><br />The Hand of Death is about a Shaolin disciple named Yunfei (Tan) who is sent on a mission to assassinate a Shaolin traitor named Shih Xiaofeng (Tien) and protect a revolutionary named Zhang Yi (Woo). Along his journey Yunfei meets up with a young woodcutter named Tan (Chan) and a disgraced sword fighter (Chang Chung) known as ""the wanderer."" Both men have suffered at the hands of Shih and want to take revenge. The three team up to defeat Shih and his eight bodyguards and escort the revolutionary to safety.<br /><br />The martial arts action is above average under the direction of Sammo Hung. Dorian Tan uses his trademark high kicks very effectively as the ""Northern eighteen styles kicks"" along with some ""Southern five styles boxing."" Sammo Hung and Jackie Chan provide excellent martial arts performances as well. James Tien is not the greatest martial artist on the Jade screen but does an acceptable job. Some of the early fights are a bit slow and seem over choreographed but the final showdowns featuring Chan, Tan and Hung are very good.<br /><br />Director John Woo provides plenty of interesting character development in the film, which is refreshing. The cinematography by Leung Wing Kat is very stylish, unique and beautiful for a kung fu film of this era. Joseph Koo's music: a combination of soft flutes and 70's ""Shaft"" style orchestral pieces is kung fu cinema at its best. Hand of Death is not Jackie and Sammo's usual kung fu comedy. Hand of Death is a serious, straightforward revenge driven story.<br /><br />Hand of Death aka Countdown in Kung Fu is an underrated classic in the old school kung fu genre. The film is one of the best artistically of its time and a preview of the great things to come from Jackie Chan and Sammo Hung. Hung's great choreography is put on display here before his directorial debut and Chan's early charisma and talent can be clearly seen.<br /><br />Hand of Death is a solid, stylish old school kung fu film and a brilliant early work of the legendary John Woo.<br /><br />Kung Fu Genre Rating 7.5/10 <br /><br />Wanderer to Tan (referring to his new weapon): ""The Little Eagle Wing God Lance."" <br /><br />Tan: ""Just a knickknack."""
"The Cat in the Hat is just a slap in the face film. Mike Myers as The Cat in the Hat is downright not funny and Mike Myers could not have been any worse. This is his worst film he has ever been in. The acting and the story was just terrible. I mean how could they make the most beloved stories by Dr. Seuss be made into film and being one of the worst films of all-time and such a disappointment. I couldn't have seen a more worst film than this besides, maybe Baby Geniuses. But this film is just so bad I can't even describe how badly they made this film. Bo Welch should be fired or the writer should. <br /><br />Hedeen's outlook: 0/10 No Stars F",negative,2,"39027, 42725","The Cat in the Hat is just a slap in the face film. Mike Myers as The Cat in the Hat is downright not funny and Mike Myers could not have been any worse. This is his worst film he has ever been in. The acting and the story was just terrible. I mean how could they make the most beloved stories by Dr. Seuss be made into film and being one of the worst films of all-time and such a disappointment. I couldn't have seen a more worst film than this besides, maybe Baby Geniuses. But this film is just so bad I can't even describe how badly they made this film. Bo Welch should be fired or the writer should. <br /><br />Hedeen's outlook: 0/10 No Stars F"
"The problem with so many people watching this movie is the mindset they watch it in. People come looking for a B-Grade horror film, or a ""So Bad It's Good"" movie. Jack Frost 2 is neither of these.<br /><br />It is, to put it simply, a very good movie cleverly hidden inside a very bad one. To view it as anything other than a screwball comedy (easily funnier than all three absolutely meritless ""Scary Movies"" combined) is to misinterpret the movie on a basic level. It would be like watching Shawshank Redemption and then complaining that there were no explosions.<br /><br />The premise is simple; the characters from the first movie, haunted by memories of Jack Frost, take a vacation to a tropical island. A new, improved Jack comes after them, now with essentially the powers of Hydro-Man from Spider-Man; essentially, he can turn from water to snow easily and",positive,2,"16150, 19720","The problem with so many people watching this movie is the mindset they watch it in. People come looking for a B-Grade horror film, or a ""So Bad It's Good"" movie. Jack Frost 2 is neither of these.<br /><br />It is, to put it simply, a very good movie cleverly hidden inside a very bad one. To view it as anything other than a screwball comedy (easily funnier than all three absolutely meritless ""Scary Movies"" combined) is to misinterpret the movie on a basic level. It would be like watching Shawshank Redemption and then complaining that there were no explosions.<br /><br />The premise is simple; the characters from the first movie, haunted by memories of Jack Frost, take a vacation to a tropical island. A new, improved Jack comes after them, now with essentially the powers of Hydro-Man from Spider-Man; essentially, he can turn from water to snow easily and quickly, divide himself, multiply himself, and, worst of all, he's managed to grow an immunity to his only former weakness...AntiFreeze.<br /><br />What's sad about this movie is that the brain dead fans of the first Jack Frost (a simply HORRIBLE movie) can't appreciate the change of tone for the sequel. Just as Alien was a horror film and Aliens was all about action, Jack Frost was a weak attempt at gimmick horror and Jack Frost 2 is a cleverly written parody of the gimmick horror genre.<br /><br />Most of the entertainment comes the live action actors, who serve admirably. Particularly funny among them are Ray Tooney (playing a caricature of a retired British Colonel from the early 1900s), Christopher Allport (offering an insane, hilarious spin on his wooden performance from the first film), and David Allen Brooks (taking the once serious role of manners to new, totally bizarre heights).<br /><br />The lack of ""memorable quotes"" disturbs me.<br /><br />As a horror movie, Jack Frost 2: Revenge of The Mutant Killer Snowman, rates a zero. But you have to understand, IT'S NOT A HORROR MOVIE."
"There are many different versions of this one floating around, so make sure you can locate one of the unrated copies, otherwise some gore and one scene of nudity might be missing. Some versions also omit most of the opening sequence and other bits here and there. The cut I saw has the on-screen title WITCHCRAFT: EVIL ENCOUNTERS and was released by Shriek Show, who maintain the original US release title WITCHERY for the DVD release. It's a nice-looking print and seems to have all of the footage, but has some cropping/aspect ratio issues. In Italy, it was released as LA CASA 4 (WITCHCRAFT). The first two LA CASA releases were actually the first two EVIL DEAD films (retitled) and the third LA CASA was another film by the same production company (Filmirage), which is best known here in America as GHOSTHOUSE. To make matters even more confusing, WITCHERY was",negative,2,"15386, 24649","There are many different versions of this one floating around, so make sure you can locate one of the unrated copies, otherwise some gore and one scene of nudity might be missing. Some versions also omit most of the opening sequence and other bits here and there. The cut I saw has the on-screen title WITCHCRAFT: EVIL ENCOUNTERS and was released by Shriek Show, who maintain the original US release title WITCHERY for the DVD release. It's a nice-looking print and seems to have all of the footage, but has some cropping/aspect ratio issues. In Italy, it was released as LA CASA 4 (WITCHCRAFT). The first two LA CASA releases were actually the first two EVIL DEAD films (retitled) and the third LA CASA was another film by the same production company (Filmirage), which is best known here in America as GHOSTHOUSE. To make matters even more confusing, WITCHERY was also released elsewhere as GHOSTHOUSE 2. Except in Germany, where GHOSTHOUSE 2 is actually THE OGRE: DEMONS 3. OK, I better just shut up now. I'm starting to confuse myself!<br /><br />Regardless of the title, this is a very hit-or-miss horror effort. Some of it is good, some of it isn't. I actually was into this film for the first half or so, but toward the end it became a senseless mess. A large, vacant hotel located on an island about 50 miles from Boston is the setting, as various people get picked off one-by-one by a German- speaking witch (Hildegard Knef). Photographer Gary (David Hasselhoff), who wants to capture ""Witch Light,"" and his virginal writer girlfriend (Leslie Cumming), who is studying witchcraft, are shacking up at the hotel without permission. Along comes real estate agent Jerry (Rick Farnsworth), who's showing off the property to potential buyers Rose (Annie Ross) and Freddie (Robert Champagne) Brooks. Also tagging along are their children; pregnant grown daughter Jane (Linda Blair) and very young son Tommy (Michael Manchester), as well as oversexed architect Linda Sullivan (Catherine Hickland - Hasselhoff's wife at the time). Once everyone is inside, their boat driver is killed (hung) and the boat disappears, so they find themselves trapped and basically at the mercy of the ""Lady in Black.""<br /><br />So what can you expect to find here? Plenty of unpleasantries! One of the characters has their lips sewn shut and is then hung upside down in the fireplace and accidentally slow-roasted by the rest of the cast. There's also a crucifixion, witches eating a dead baby, a swordfish through the head, someone set on fire, a possession, a Sesame Street tape recorder, the virgin getting raped by some demon, a guys veins bulging and exploding thanks to voodoo doll pokes and some other stuff. From a technical standpoint, it's a nice-looking film with pretty good cinematography, a decent score and good gore effects. The hotel/island setting is also pretty nice. Blair (particularly at the end) and Ross both seem like they're having fun and Knef is great as the evil witch. Even though people like to ridicule Hasselhoff these days, he's not bad in his role, either.<br /><br />On the down side, despite all the gore, the film seems somewhat dull and it gets monotonous after about an hour. The supernatural themes are muddled and confusing, too. When characters are being swept into the witches lair to be tortured and killed, the filmmakers unwisely decided to superimpose the screaming actors over some silly looking red spiral vortex effect that looks supremely cheesy. And the witch lair itself is vacant and cheaply designed with unfinished lumber. And while most of the cast is at least decent, a few of the performances (particularly the ""actress"" who plays Hasselhoff's girlfriend and the kid) are so bad they're constantly distracting."
"The whole shorthand for supposedly being more aware in this weird time is that you are ""Blue"". The Blue State mentality. This is supposed to get us off the hook for what is/was happening during the last few years in our country (The USA). It doesn't get anyone off the hook but it makes us feel better, as though we aren't benefiting in any way from living here and getting all the good stuff that a US citizen gets just by being a US citizen. <br /><br />But I'm so sick of bitching about this. It doesn't do any good. I haven't taken much action lately and I wonder how many people have. Maybe I'm just down because my job was ""outsourced"" last month and now I'm looking for work in the shrinking tech support field where most of the jobs are quickly going to India and other places overseas.",positive,2,"7994, 32237","The whole shorthand for supposedly being more aware in this weird time is that you are ""Blue"". The Blue State mentality. This is supposed to get us off the hook for what is/was happening during the last few years in our country (The USA). It doesn't get anyone off the hook but it makes us feel better, as though we aren't benefiting in any way from living here and getting all the good stuff that a US citizen gets just by being a US citizen. <br /><br />But I'm so sick of bitching about this. It doesn't do any good. I haven't taken much action lately and I wonder how many people have. Maybe I'm just down because my job was ""outsourced"" last month and now I'm looking for work in the shrinking tech support field where most of the jobs are quickly going to India and other places overseas. I'm thinking that soon it's not going to pay off to be a citizen here with the screwed up infrastructure and the shrinking job market and the obsession with war. These days it seems like anyone who speaks out gets jumped and questioned about there ""patriotism"". Anyway, back to this review: USA The Movie is an obscure DVD that makes me realize that some people have taken action, whether it's through politics, protesting or arts or media. The filmmaker is obviously passionate, knowledgeable, willing to go outside the norm, frustrated, unique, astute etc. <br /><br />I looked through the whole site that's linked to the DVD and got lost in all the articles, essays etc.that are there. The DVD does that too, has references to different times, views and historical points. Sometimes someone does something out there."
"The unthinkable has happened. Having first witnessed it a few years ago, I have had a film that has been my benchmark for awfulness and that film was called ""McCinsey's Island"". A family adventure movie with Hulk Hogan and Grace Jones (I'm not making this up), it plunged to new depths of movie making and is still the only film I've seen that made me wonder what else the film's budget could have been spent on. Like new schools or cancer-treating drugs. However, for sheer and unadulterated levels of crap, any film will be having to lower their standards even lower if they wish to trump ""Guest House Paradiso"" to the distinction of being one of the very worst movies I've ever had to watch.<br /><br />Based loosely around the puerile but amusing TV show ""Bottom"", this film introduces us to two of the biggest losers imaginable. Richard (Rik Mayall)",negative,2,"17054, 20835","The unthinkable has happened. Having first witnessed it a few years ago, I have had a film that has been my benchmark for awfulness and that film was called ""McCinsey's Island"". A family adventure movie with Hulk Hogan and Grace Jones (I'm not making this up), it plunged to new depths of movie making and is still the only film I've seen that made me wonder what else the film's budget could have been spent on. Like new schools or cancer-treating drugs. However, for sheer and unadulterated levels of crap, any film will be having to lower their standards even lower if they wish to trump ""Guest House Paradiso"" to the distinction of being one of the very worst movies I've ever had to watch.<br /><br />Based loosely around the puerile but amusing TV show ""Bottom"", this film introduces us to two of the biggest losers imaginable. Richard (Rik Mayall) is a hotel manager, as unfriendly as anyone you can imagine and so twistedly lecherous as to almost ooze slime from every action. His buddy Eddie (director Adrian Edmondson) is an alcoholic waste of human life and together, they try to run Britain's worst hotel situated upon a cliff-top next to a nuclear power station. Between them, they indulge in cartoony violence (with sound effects) at regular intervals, steal anything remotely valuable or interesting from the fools who stay there and stare longingly at any woman at all. The plot, such as it is, involves the arrival of fabled Italian screen goddess Gina Carbonara (Vincent Cassel) who is fleeing from her wedding and attempts to lay low at the Guest House Paradiso, much to the astonishment of Richie and Eddie. And... that's it.<br /><br />I used to think that the Carry On films represented everything bad about the UK film industry and God knows, we've spent so much time and money trying to escape that god awful legacy. We've had films like ""Trainspotting"", ""28 Days Later"", ""Four Weddings And A Funeral"" and the brilliant ""Shaun Of The Dead"" (also starring Simon Pegg) but this... this drags those films screaming and kicking back to the days of Sid James and Barbara Windsor's top flying off with the aid of a bicycle whistle. ""Guest House Paradiso"" is so low in its ambition that it insults you the minute you watch it. I kept watching, waiting in anticipation for the jokes to start but they never came. Just an endless stream of trapped knob gags, unimaginative scenarios that defy explanation, slightly amusing violence with frying pans and fridge doors and almost nothing raising so much as a smirk. Come the first ad break (it was on TV, you see) and I was ready to switch off but my loyal duties to you, my readers, kept me going. ""I'm watching this so they don't have to"" became my mantra so you guys better remember how much you owe me for this because this was about as much fun as having sand kicking into my eyes and being force-fed dog food.<br /><br />Trust me, I used to love the ""Bottom"" TV show. The combination of suitably grubby acting from Mayall and Edmondson with OTT juvenile humour worked... for half an hour every week. Certainly not for an hour and a half, as Edmondson and Mayall indulge themselves in their little private joke and bore and depress the rest of the audience. Honestly, this makes Mayall's ""Drop Dead Fred"" seem like ""The Godfather"" and should you happen to meet either of these two people (who are pretty much solely responsible for the chaos on screen pretending to be a movie), feel free to swiftly deliver a boot to their testicle region. They'd probably enjoy it. Pegg and Bill Nighy (both as guests at the hotel) are dragged down with this sinking ship but at least they survived. Mayall and Edmondson should not be so lucky. The movie equivalent of Chernobyl and should be avoided as such."
"The undoubted highlight of this movie is Peter O'Toole's performance. In turn wildly comical and terribly terribly tragic. Does anybody do it better than O'Toole? I don't think so. What a great face that man has!<br /><br />The story is an odd one and quite disturbing and emotionally intense in parts (especially toward the end) but it is also oddly touching and does succeed on many levels. However, I felt the film basically revolved around Peter O'Toole's luminous performance and I'm sure I wouldn't have enjoyed it even half as much if he hadn't been in it.",positive,2,"25186, 39401","The undoubted highlight of this movie is Peter O'Toole's performance. In turn wildly comical and terribly terribly tragic. Does anybody do it better than O'Toole? I don't think so. What a great face that man has!<br /><br />The story is an odd one and quite disturbing and emotionally intense in parts (especially toward the end) but it is also oddly touching and does succeed on many levels. However, I felt the film basically revolved around Peter O'Toole's luminous performance and I'm sure I wouldn't have enjoyed it even half as much if he hadn't been in it."
"The threesome of Bill Boyd, Robert Armstrong, and James Gleason play Coney Island carnys vying for the hand of Ginger Rogers, a working gal who sells salt water taffy. With the outbreak of World War I, the threesome enlist and pursue Ginger from afar. The first half of this RKO Pathe production is hard going, with the three male leads chewing up the scenery with overcooked one-liners and 'snappy' dialogue that quickly grows tiresome. The second half concentrates on action sequences as the US Navy pursues both a German merchant cruiser and a U-boat. These sequences are lively and well-filmed, but overall this is an overlong and unsatisfying comedy-drama with a flat ending. For fans of the stars only.",negative,2,"21505, 26987","The threesome of Bill Boyd, Robert Armstrong, and James Gleason play Coney Island carnys vying for the hand of Ginger Rogers, a working gal who sells salt water taffy. With the outbreak of World War I, the threesome enlist and pursue Ginger from afar. The first half of this RKO Pathe production is hard going, with the three male leads chewing up the scenery with overcooked one-liners and 'snappy' dialogue that quickly grows tiresome. The second half concentrates on action sequences as the US Navy pursues both a German merchant cruiser and a U-boat. These sequences are lively and well-filmed, but overall this is an overlong and unsatisfying comedy-drama with a flat ending. For fans of the stars only."
"The sun was not shining, it was too wet to play, so I went to the movies, that cold, cold, wet date day.<br /><br />""The Cat in the Hat"" was the name of the flick, and when it was over, my stomach was sick.<br /><br />Mike Myers played the Cat, his humor was lame, and kids needn't see this, the humor was not tame.<br /><br />the film was like drinking milk, from a rabid cow, so it IS fun to have fun, yet the filmmakers didn't know how.<br /><br />This film, in short is atrocious. The acting was bad, the plot was tweaked too much, and the humor was surprisingly very crude.<br /><br />It starts with Conrad and Sally, A rule breaker and a future sheriff. When their Mother has to go to work, she gets Mrs. Kwan to babysit. Possibly the lone funny part in the movie is when",negative,2,"22558, 26355","The sun was not shining, it was too wet to play, so I went to the movies, that cold, cold, wet date day.<br /><br />""The Cat in the Hat"" was the name of the flick, and when it was over, my stomach was sick.<br /><br />Mike Myers played the Cat, his humor was lame, and kids needn't see this, the humor was not tame.<br /><br />the film was like drinking milk, from a rabid cow, so it IS fun to have fun, yet the filmmakers didn't know how.<br /><br />This film, in short is atrocious. The acting was bad, the plot was tweaked too much, and the humor was surprisingly very crude.<br /><br />It starts with Conrad and Sally, A rule breaker and a future sheriff. When their Mother has to go to work, she gets Mrs. Kwan to babysit. Possibly the lone funny part in the movie is when Mrs. Kwan is watching a Taiwanese court room, a `la C-SPAN. She soon falls asleep, and here comes the Cat.<br /><br />The film starts to spiral out of control. The Cat came to try to let the kids have some fun. He's got Thing 1 and Thing 2, Who suddenly start trashing the house. He improvises a TV Infomercial, and accidentally slices his tail off. And when the Cat goes full Carmen Miranda, it's not funny. Possibly his only funny disguise is as a hippie activist. And there's a fish who tries warning the kids about the Cat.<br /><br />Too bad he didn't warn us this film was as much fun as sour milk, or chopping your tail off.<br /><br />Soon the kids are outside looking for the family dog, who has the key to a crate on his collar. If the crate is not locked soon, their house will be home to the Cat's universe. Here it gets a little more interesting, but not enough to save the film.<br /><br />The acting, overall, is horrible. Mike Meyers brings his brand of irreverent Austin Powers humor to the Cat, Saying things like ""You dirty ho"" and imagining himself as a woman for the rest of his life after a whack in the testicles while posing as a pinata. Spencer Breslin is great as the trouble-making Conrad, and Dakota Fanning is cute as Sally, though they alone are not enough to save this horrendous Aortic Dissection waiting to kill John Ritter(accident waiting to happen). Alec Baldwin's slick and slimey Lawrence Quinn is disgusting, ever trying to woo the kids mom, who is played by Kelly Preston. And Sean Hayes is Mr. Humberfloob, Mom's boss, and is also the voice of the fish. The latter three are also bland.<br /><br />Overall, if I were a parent I would not take my kids who are into potty humor, cause there's plenty of it and more. Save your $7.00 and see something else. As the late great Dr. Seuss once said,<br /><br />It is fun to have fun, But you have to know how. Really, Universal, stop! Theodore's already turning over in his grave.<br /><br />Like my Mom always says, ""Curiousity killed the Cat"".- The Cat In The Hat * out of *****"
"The stranger Jack (Matthew Lillard) arrives in the studio of the crook collector of antiques Max (Vincent D'Onofrio) and tells his ambitious companion and specialist in poisons Jamie (Valeria Golino) that he is Jack's brother. Jamie does not buy his story, dominates Jack and ties him up to a chair. When Max arrives, Jack proposes US$ 100,000.00 for each one to protect him in a negotiation of the antiques ""Spanish Judges"" with a wealthy and dangerous collector. Max invites his stupid acquaintance Piece (Mark Boone Junior), who comes with his retarded girlfriend that believes she is from Mars, to compose the backup team. However, Jack double-crosses the collector and then he intrigues Jack, Jamie and Piece.<br /><br />The low budget ""Spanish Judges"" is a movie with a reasonable screenplay with an awful conclusion that wastes a good cast. Valeria Golino is astonishingly beautiful but together with the good actor Vincent",negative,2,"10581, 34519","The stranger Jack (Matthew Lillard) arrives in the studio of the crook collector of antiques Max (Vincent D'Onofrio) and tells his ambitious companion and specialist in poisons Jamie (Valeria Golino) that he is Jack's brother. Jamie does not buy his story, dominates Jack and ties him up to a chair. When Max arrives, Jack proposes US$ 100,000.00 for each one to protect him in a negotiation of the antiques ""Spanish Judges"" with a wealthy and dangerous collector. Max invites his stupid acquaintance Piece (Mark Boone Junior), who comes with his retarded girlfriend that believes she is from Mars, to compose the backup team. However, Jack double-crosses the collector and then he intrigues Jack, Jamie and Piece.<br /><br />The low budget ""Spanish Judges"" is a movie with a reasonable screenplay with an awful conclusion that wastes a good cast. Valeria Golino is astonishingly beautiful but together with the good actor Vincent D'Onofrio, they are not able to save the stupid story. Further, the scenes that are supposed to be funny unfortunately do not work, and actually they are silly and not funny. My vote is three.<br /><br />Title (Brazil): ""Tudo Por Dinheiro"" (""All For Money"")"
"The story and the show were good, but it was really depressing and I hate depressing movies. Ri'Chard is great. He really put on a top notch performance, and the girl who played his sister was really awesome and gorgeous. Seriously, I thought she was Carmen Electra until I saw the IMDb profile. I can't say anything bad about Peter Galleghar. He's one of my favorite actors. I love Anne Rice. I'm currently reading the Vampire Chronicles, but I'm glad I saw the movie before reading the book. This is a little too""real"" for me. I prefer Lestat and Louis's witty little tiffs to the struggles of slaves. Eartha Kitt was so creepy and after her character did what she did The movie was ruined for me; I could barely stand to watch the rest of the show. (sorry for the ambiguity, but I don't want to give anything away)",negative,2,"513, 21674","The story and the show were good, but it was really depressing and I hate depressing movies. Ri'Chard is great. He really put on a top notch performance, and the girl who played his sister was really awesome and gorgeous. Seriously, I thought she was Carmen Electra until I saw the IMDb profile. I can't say anything bad about Peter Galleghar. He's one of my favorite actors. I love Anne Rice. I'm currently reading the Vampire Chronicles, but I'm glad I saw the movie before reading the book. This is a little too""real"" for me. I prefer Lestat and Louis's witty little tiffs to the struggles of slaves. Eartha Kitt was so creepy and after her character did what she did The movie was ruined for me; I could barely stand to watch the rest of the show. (sorry for the ambiguity, but I don't want to give anything away) Sorry, but it's just not my type of show."
"The scenes are fast-paced. the characters are great. I love Anne-Marie Johnson's acting. I really like the ending. <br /><br />However, I was disappointed that this movie didn't delve deeper into Achilles's and Athena's relationship. It only blossomed when they kissed each other.",positive,2,"14848, 43831","The scenes are fast-paced. the characters are great. I love Anne-Marie Johnson's acting. I really like the ending. <br /><br />However, I was disappointed that this movie didn't delve deeper into Achilles's and Athena's relationship. It only blossomed when they kissed each other."
"The premise of Bottom crossed with Fawlty Towers sounds great! However, Ade Edmonson & Rik Mayall have managed to create a film that raises barely a titter. Ten years ago, Rik Mayall's mad stare and Ade's idiocy were funny, now they are just annoying.<br /><br />The film had promise - though the most horrendous hotel in Britain is not a new idea - but failed to deliver. The saving graces were competent performances from Simon (Spaced, Big Train) Pegg and Helene Mathieu, and the film is only 90 minutes long. Sorry, guys, but you really have hit the Bottom",negative,2,"11868, 27959","The premise of Bottom crossed with Fawlty Towers sounds great! However, Ade Edmonson & Rik Mayall have managed to create a film that raises barely a titter. Ten years ago, Rik Mayall's mad stare and Ade's idiocy were funny, now they are just annoying.<br /><br />The film had promise - though the most horrendous hotel in Britain is not a new idea - but failed to deliver. The saving graces were competent performances from Simon (Spaced, Big Train) Pegg and Helene Mathieu, and the film is only 90 minutes long. Sorry, guys, but you really have hit the Bottom"
"The Russian space station 'Avna' with a crew of four Russians and two Americans is threatening to re-enter the Earth's atmosphere in a matter of days. Russia asks for NASA's help in rescuing the stranded crew and NASA scrambles the space shuttle Atlantis. The NSA also have an interest in the 'Prometheus', a prototype microwave power source being tested aboard 'Avna' and organise for one of their men to be placed on the mission.<br /><br />That's the plot. Onto less important things. The space station and the shuttle are the same, blatantly obvious models used in 'Fallout', 'Memorial Day' and 'Dark Breed' (and a handful of other films, I suspect). The model effects are so obvious throughout the entire movie and make the film look very 1960s. The sets are a little better but are far too '80s for what is supposedly a brand new station built by an American",negative,2,"24404, 27332","The Russian space station 'Avna' with a crew of four Russians and two Americans is threatening to re-enter the Earth's atmosphere in a matter of days. Russia asks for NASA's help in rescuing the stranded crew and NASA scrambles the space shuttle Atlantis. The NSA also have an interest in the 'Prometheus', a prototype microwave power source being tested aboard 'Avna' and organise for one of their men to be placed on the mission.<br /><br />That's the plot. Onto less important things. The space station and the shuttle are the same, blatantly obvious models used in 'Fallout', 'Memorial Day' and 'Dark Breed' (and a handful of other films, I suspect). The model effects are so obvious throughout the entire movie and make the film look very 1960s. The sets are a little better but are far too '80s for what is supposedly a brand new station built by an American company (which later comes in as part of a conspiracy to destroy 'Avna' and the 'Prometheus' and claim the insurance. The script has a few good moments (including Yuri's farewell and the little spiel at the end) but is otherwise fairly bland and sub-standard. The acting is okay; the only real standout performance comes from Alex Veadov who offers up some of the film's better dialogue. Michael Dudikoff is, surprisingly, one of the best parts about this film. Ice-T is Ice-T. 'Nuff said. The film offers a few surprises, though, that I don't wish to spoil.<br /><br />Certainly one of the better low-grade, contemporary-set sci-fi films of the last six years, but not the best. The film is watchable but the special effects and plot will probably put a lot of viewers off. Rent the other 'Stranded' sci-fi film instead."
"The other lowest-rating reviewers have summed up this sewage so perfectly there seems little to add. I must stress that I've only had the Cockney Filth imposed on me during visits from my children, who insist on watching the Sunday omnibus. My god, it's depressing! Like all soaps, it consists entirely of totally unlikeable characters being unpleasant to each other, but it's ten times as bad as the next worst one could be. The reviewer who mocked the 'true to life' bilge spouted by its defenders was spot-on. If anyone lived in a social environment like this, they'd slash their wrists within days. And I can assure anyone not familiar with the real East End that it's rather more 'ethnically enriched' than you'll ever see here. Take my advice - avoid this nadir of the British TV industry. It is EVIL.",negative,2,"3689, 12819","The other lowest-rating reviewers have summed up this sewage so perfectly there seems little to add. I must stress that I've only had the Cockney Filth imposed on me during visits from my children, who insist on watching the Sunday omnibus. My god, it's depressing! Like all soaps, it consists entirely of totally unlikeable characters being unpleasant to each other, but it's ten times as bad as the next worst one could be. The reviewer who mocked the 'true to life' bilge spouted by its defenders was spot-on. If anyone lived in a social environment like this, they'd slash their wrists within days. And I can assure anyone not familiar with the real East End that it's rather more 'ethnically enriched' than you'll ever see here. Take my advice - avoid this nadir of the British TV industry. It is EVIL."
"The original ""les visiteurs"" was original, hilarious, interesting, balanced and near perfect. LV2 must be a candidate for ""Worst first sequel to a really good film"". In LV2 everyone keeps shouting, when a gag doesn't work first it's repeated another 5 times with some vague hope that it will eventually become funny. LV2 is a horrible parody of LV1, except of course that a parody should be inventive. If you loved LV1 just don't see this film, just see LV1 again!!",negative,2,"16635, 23818","The original ""les visiteurs"" was original, hilarious, interesting, balanced and near perfect. LV2 must be a candidate for ""Worst first sequel to a really good film"". In LV2 everyone keeps shouting, when a gag doesn't work first it's repeated another 5 times with some vague hope that it will eventually become funny. LV2 is a horrible parody of LV1, except of course that a parody should be inventive. If you loved LV1 just don't see this film, just see LV1 again!!"
"The only good thing about this unfunny dreck is that I didn't have to pay for it. I saw it for free at college. And if a college student can't find humor in something that was free, it's hopeless.<br /><br />Stale acting and poor jokes cannot be masked by an excellent, yet bewildering set design (that goes out of its way to market Volkswagon Beetles). I don't know what Michaels Myers was doing in this movie, but I have never seen anything more depressing. This was nothing more than a blatant effort to capitalize on the previous success of the Grinch (which has its opponents, but I enjoyed it very much). It's difficult not to sit through this failure and wonder what better projects were passed over to fund it.<br /><br />You want a funny Seuss adaptation? Go with the Grinch.",negative,2,"7661, 34523","The only good thing about this unfunny dreck is that I didn't have to pay for it. I saw it for free at college. And if a college student can't find humor in something that was free, it's hopeless.<br /><br />Stale acting and poor jokes cannot be masked by an excellent, yet bewildering set design (that goes out of its way to market Volkswagon Beetles). I don't know what Michaels Myers was doing in this movie, but I have never seen anything more depressing. This was nothing more than a blatant effort to capitalize on the previous success of the Grinch (which has its opponents, but I enjoyed it very much). It's difficult not to sit through this failure and wonder what better projects were passed over to fund it.<br /><br />You want a funny Seuss adaptation? Go with the Grinch."
"The movie was very good. I'm an avid mystery fan and I usually figure out who is going to be killed and who did the killing. While I did figure out who was going to be killed I didn't figure out who did it. I wasn't happy with the portrayal of the Gerda character but given the year the movie was supposed to take place it is possible the woman would have been that 'cloying'. Please know that while these Poirot movies are good, they just don't have the same dynamic to them as the series does because they don't have Japp, Ms. Lemon and especially Hastings! David Suchet is definitely Poirot. I have seen every actor who's played him. The worst was Peter Ustinov!",positive,2,"17257, 42544","The movie was very good. I'm an avid mystery fan and I usually figure out who is going to be killed and who did the killing. While I did figure out who was going to be killed I didn't figure out who did it. I wasn't happy with the portrayal of the Gerda character but given the year the movie was supposed to take place it is possible the woman would have been that 'cloying'. Please know that while these Poirot movies are good, they just don't have the same dynamic to them as the series does because they don't have Japp, Ms. Lemon and especially Hastings! David Suchet is definitely Poirot. I have seen every actor who's played him. The worst was Peter Ustinov!"
"The movie was excellent, save for some of the scenes with Esposito. I enjoyed how it brought together every detective on the series, and wrapped up some plotlines that were never resolved during the series (thanks to NBC...). It was great to see Pembleton and Bayliss together at their most human, and most basic persons. Braugher and Secor did a great job, but as usual will get overlooked. It hurt to see that this was the end of Homicide. Memories, tapes, and reruns on CourtTV just aren't the same as watching it come on every Friday. But the movie did its job and did it very well, presenting a great depiction of life after Al retired, and the family relationship that existed between the unit. I enjoyed this a lot.",positive,2,"6370, 7425","The movie was excellent, save for some of the scenes with Esposito. I enjoyed how it brought together every detective on the series, and wrapped up some plotlines that were never resolved during the series (thanks to NBC...). It was great to see Pembleton and Bayliss together at their most human, and most basic persons. Braugher and Secor did a great job, but as usual will get overlooked. It hurt to see that this was the end of Homicide. Memories, tapes, and reruns on CourtTV just aren't the same as watching it come on every Friday. But the movie did its job and did it very well, presenting a great depiction of life after Al retired, and the family relationship that existed between the unit. I enjoyed this a lot."
"The movie contains a very short scene of Deneuve in a bathtub. She looks absolutely stunning for a lady age 56, but this is the only saving grace of the movie. Otherwise, it has a mindless, unmotivated script and the lead actress has none of Deneuve's appeal. The director apparently watched too many Peter Greenaway films and Pola X comes across as a student's imitation of the Greenaway style, without any of his inspiration.",negative,2,"11338, 23938","The movie contains a very short scene of Deneuve in a bathtub. She looks absolutely stunning for a lady age 56, but this is the only saving grace of the movie. Otherwise, it has a mindless, unmotivated script and the lead actress has none of Deneuve's appeal. The director apparently watched too many Peter Greenaway films and Pola X comes across as a student's imitation of the Greenaway style, without any of his inspiration."
"The first time I had heard of Guest House Paridiso was in the, er... ""washroom"" after having just seen Fight Club. In each urinal was deposited a small, round black circle. When the circle came into contact with moisture (to put it delicately), it caused a colour picture to form, with photographs of the two stars and the tag line ""You'll P*** Yourself Laughing"". When you'd finished washing your hands, the circle had dried and faded to black again, waiting to spring it's surprise on the next ""victim"".<br /><br />Okay, maybe the punchline wasn't terribly sophisticated, but you have to admit it was innovative. In fact, I think I can honestly say I've never seen anything like it in my life before, and these days of over a century of cinema and marketing, that's a real feat. What a pity the film that went with it failed to live up",negative,2,"9425, 36595","The first time I had heard of Guest House Paridiso was in the, er... ""washroom"" after having just seen Fight Club. In each urinal was deposited a small, round black circle. When the circle came into contact with moisture (to put it delicately), it caused a colour picture to form, with photographs of the two stars and the tag line ""You'll P*** Yourself Laughing"". When you'd finished washing your hands, the circle had dried and faded to black again, waiting to spring it's surprise on the next ""victim"".<br /><br />Okay, maybe the punchline wasn't terribly sophisticated, but you have to admit it was innovative. In fact, I think I can honestly say I've never seen anything like it in my life before, and these days of over a century of cinema and marketing, that's a real feat. What a pity the film that went with it failed to live up to the promise.<br /><br />I hate to pan Guest House Paridiso and I am indebted to Rik Mayall (Richard Twat) and Adrian Edmondson (Eddie Elizabeth Ndingombaba) for many years of laughter through their appealing television series, be it the invention of The Young Ones (1982-1984), the sitting room plays of Bottom (1991-1995), or even solo work, such as Rik in the New Statesman (1988-1993). In fact, this would have made an hilarious 45 minute tv special. Unfortunately, its an 89 minute film.<br /><br />There's definitely some merit to be had, and I laughed continuously throughout the protracted finale, which spoofed the Exorcist and Raiders of the Lost Ark, and involved... well, you'll have to see that bit for yourself. Yet often the pace is leaden, and a sterile atmosphere is throughout. The two stars (Edmondson taking his usual backseat, this time due to the fact that he adequately directs) never really get into first gear, Mayall only sporadically showing the foul-mouthed mania that makes us love him on the small screen. Indeed, the writers' presumption that we are already familiar with the characters leads to them being underdelivered to the audience. The slight hints of depth seen in the series (Richie's effeminate, failed social-climbing for example) are not present here, and instead we are left with parodies of parodies.<br /><br />The Fawlty Towers accusation does pass water, complete with drunken chef and unseen, called-for waiter ""Pasquele"", which uncannily rhymes with Manuel. Some of the ideas, such a hotel next to a nuclear reactor with a childrens' swing hanging over a cliff face, are very, very funny, but ultimately the frenetic pace is stolen, the two constantly looking for a studio audience that isn't there, and all the ""dead laugh"" areas patched up with incidental ""comedy"" music that would have been dated in a Carry On film two decades ago.<br /><br />Paridiso's brand of puerile, sadistic, perverse humour IS funny, and I feel sure it will make you laugh ... just not as often as it should."
"The fact that this cruddy series could elicit dozens of comments (much less hundreds of 'votes') speaks volumes as to the decline of Western (or at least American) civilization.<br /><br />Read Proust, you morons!! Or at least Dave Barry or Calvin and Hobbes anthologies.<br /><br />Chuck Norris. Wrap your brains around the fact that in order to rate or write about this series you'd have to have spent minutes..nay, HOURS...viewing this poor sod treading the boards and spewing lines with less emotional impact than the gal who used to call off the correct time on your local service.<br /><br />PLEASE DON'T WATCH THIS SHOW!! SPARE YOUR FEW REMAINING BRAIN CELLS!",negative,2,"12581, 47890","The fact that this cruddy series could elicit dozens of comments (much less hundreds of 'votes') speaks volumes as to the decline of Western (or at least American) civilization.<br /><br />Read Proust, you morons!! Or at least Dave Barry or Calvin and Hobbes anthologies.<br /><br />Chuck Norris. Wrap your brains around the fact that in order to rate or write about this series you'd have to have spent minutes..nay, HOURS...viewing this poor sod treading the boards and spewing lines with less emotional impact than the gal who used to call off the correct time on your local service.<br /><br />PLEASE DON'T WATCH THIS SHOW!! SPARE YOUR FEW REMAINING BRAIN CELLS!"
The daytime TV of films. Seldom have I felt so little attachment to characters. Seldom have I been made to cringe by such dire dialogue. Nauseous London thirty-somethings mincing round lurid BBC sets spouting platitudinous mulch. Avoid this film as if it were your grandmother's clunge.,negative,2,"33515, 47864",The daytime TV of films. Seldom have I felt so little attachment to characters. Seldom have I been made to cringe by such dire dialogue. Nauseous London thirty-somethings mincing round lurid BBC sets spouting platitudinous mulch. Avoid this film as if it were your grandmother's clunge.
"Seriously, I don´t really get why people here are bashing it. I mean,<br /><br />the idea of a killer snowman wreaking havoc on a tropical island paradise is pretty absurd. The good news is, the producers realized it and made it a comedy in the vein of Army of Darkness. <br /><br />Especially in the second half of the film, when the little killer snowballs attack, I laughed my ass off. For example, the put one of the little creeps into a blender (a la Gremlins 1) and mix it. After that, it morphs back into a snowball and squeals with a high pitched voice ""That was fun!"".<br /><br />Bottom line - incredible movie, rent it.",positive,2,"1914, 31610","Seriously, I don´t really get why people here are bashing it. I mean,<br /><br />the idea of a killer snowman wreaking havoc on a tropical island paradise is pretty absurd. The good news is, the producers realized it and made it a comedy in the vein of Army of Darkness. <br /><br />Especially in the second half of the film, when the little killer snowballs attack, I laughed my ass off. For example, the put one of the little creeps into a blender (a la Gremlins 1) and mix it. After that, it morphs back into a snowball and squeals with a high pitched voice ""That was fun!"".<br /><br />Bottom line - incredible movie, rent it."
"Quite what the producers of this appalling adaptation were trying to do is impossible to fathom.<br /><br />A group of top quality actors, in the main well cast (with a couple of notable exceptions), who give pretty good performances. Penelope Keith is perfect as Aunt Louise and equally good is Joanna Lumley as Diana. All do well with the scripts they were given.<br /><br />So much for the good. The average would include the sets. Nancherrow is nothing like the house described in the book, although bizarrely the house they use for the Dower House looks remarkably like it. It is clear then that the Dower House is far too big. In the later parts, the writers decided to bring the entire story back to the UK, presumably to save money, although with a little imagination I have no doubt they could have recreated Ceylon.<br /><br />Now to the bad.",negative,2,"2013, 3537","Quite what the producers of this appalling adaptation were trying to do is impossible to fathom.<br /><br />A group of top quality actors, in the main well cast (with a couple of notable exceptions), who give pretty good performances. Penelope Keith is perfect as Aunt Louise and equally good is Joanna Lumley as Diana. All do well with the scripts they were given.<br /><br />So much for the good. The average would include the sets. Nancherrow is nothing like the house described in the book, although bizarrely the house they use for the Dower House looks remarkably like it. It is clear then that the Dower House is far too big. In the later parts, the writers decided to bring the entire story back to the UK, presumably to save money, although with a little imagination I have no doubt they could have recreated Ceylon.<br /><br />Now to the bad. The screenplay. This is such an appallingly bad adaptation is hard to find words to condemn it. Edward does not die in the battle of Britain but survives, blinded. He makes a brief appearance then commits suicide - why?? Loveday has changed from the young woman totally in love with Gus to a sensible farmer's wife who can give up the love her life with barely a tear (less emotional than Brief Encounter). Gus, a man besotted and passionately in love, is prepared to give up his love without complaint. Walter (Mudge in the book) turns from a shallow unfaithful husband to a devoted family man. Jess is made into a psychologically disturbed young woman who won't speak. Aunt Biddy still has a drink problem but now without any justification. The Dower House is occupied by the army for no obvious reason other than a very short scene with Jess who has a fear of armed soldiers. Whilst Miss Mortimer's breasts are utterly delightful, I could not see how their display on several occasions moved the plot forward. The delightfully named Nettlebed becomes the mundane Dobson. The word limit prevents me from continuing the list.<br /><br />There is a sequel (which I lost all interest in watching after this nonsense) and I wonder if the changes were made to create the follow on story. It is difficult to image that Rosamunde Pilcher would have approved this grotesque perversion of her book; presumably she lost her control when the rights were purchased."
"Rented this tonite from my local video store. It was titled ""Black Horizon."" I guess someone felt this was good enough for a 2004 re-release...<br /><br />Micheal Dudikoff is unfortunetly not a ninja in this movie, one of the major flaws of this film right off the bat. Another major flaw would be that Ice-t's action scenes are stolen from other movies, particularly the first scene of his rescue, which is directly from the Wesley Snipes movie ""The Art of War,"" with Ice-T edited in. I hope they paid for that footage.<br /><br />The plot is awful, the special effects had little effort put into them (love those wires holding them in space), the acting is wooden (also love those New York/Russian accents). Ice-T being in the movie is pointless. These guys also forgot the fact that there is no gravity in space, but I guess they weren't worried about",negative,2,"6228, 16327","Rented this tonite from my local video store. It was titled ""Black Horizon."" I guess someone felt this was good enough for a 2004 re-release...<br /><br />Micheal Dudikoff is unfortunetly not a ninja in this movie, one of the major flaws of this film right off the bat. Another major flaw would be that Ice-t's action scenes are stolen from other movies, particularly the first scene of his rescue, which is directly from the Wesley Snipes movie ""The Art of War,"" with Ice-T edited in. I hope they paid for that footage.<br /><br />The plot is awful, the special effects had little effort put into them (love those wires holding them in space), the acting is wooden (also love those New York/Russian accents). Ice-T being in the movie is pointless. These guys also forgot the fact that there is no gravity in space, but I guess they weren't worried about it.<br /><br />Micheal Dudikoff should go back to doing what he's ""good"" at and make American Ninja 6."
"Murder By Numbers is one of those movies that you expect is made-for-TV but isn't. Considering the only actor of any note is Bullock (although Michael Pitt seems to be moving onto bigger and better things), it isn't a great surprise that this movie quickly fades away from memory to be replaced by more important things. Like... remembering to lock your front door when you go out. Or putting clothes back on when you come out of the shower.<br /><br />Bullock plays Cassie Mayweather, a cop with personal issues (don't they all). Together with her new partner (a wet-looking Ben Chaplin), she is called to investigate the murder of a young woman. Nothing unusual there except that the perps are a couple of teenage students who think they've planned and executed the perfect murder. As the investigation continues, a battle of wills emerges between Cassie and the main suspect Richie",negative,2,"26983, 35294","Murder By Numbers is one of those movies that you expect is made-for-TV but isn't. Considering the only actor of any note is Bullock (although Michael Pitt seems to be moving onto bigger and better things), it isn't a great surprise that this movie quickly fades away from memory to be replaced by more important things. Like... remembering to lock your front door when you go out. Or putting clothes back on when you come out of the shower.<br /><br />Bullock plays Cassie Mayweather, a cop with personal issues (don't they all). Together with her new partner (a wet-looking Ben Chaplin), she is called to investigate the murder of a young woman. Nothing unusual there except that the perps are a couple of teenage students who think they've planned and executed the perfect murder. As the investigation continues, a battle of wills emerges between Cassie and the main suspect Richie Haywood (Ryan Gosling).<br /><br />The crippling issue here is that the two leads are hopeless. Bullock, though she is very nice to look at, is about as believable in the role of a hardened cynical cop as Rodney Dangerfield (actually, he'd be better!). Chaplin, for his sins, is a complete non-entity and I feel sorry that he has to put this film on his CV in his attempt to break into Hollywood. At least Gosling and Pitt, as the conniving sneering suspects, acquit themselves adequately. As if dodgy leads weren't bad enough, a story that would send anybody to sleep and a highly predictable (but illogical) ending shoot this film in the head before it has a chance to run.<br /><br />""Murder By Numbers"" has absolutely nothing going for it, even a pointless nude scene by Bullock wouldn't redeem it. Well, just a little but still not enough to save it. Forgettable, predictable and redundant - this is one film that isn't going to move the cop genre forward. As Cassie probably says on her next case, there's nothing to see here people. Move along, keep moving..."
"Mickey Rourke is enjoying a renaissance at the moment... and fair play to him. I always liked his image and his acting ability in such fare as Angel Heart and Johnny Handsome. You know what you are going to get with Rourke - mean, moody, dirty. But this film gives you much more - and you don't want most of it.<br /><br />First and foremost - this whole thing just doesn't make sense. Rourke is a hardened IRA killer who after killing a bus-load of schoolchildren flees Ireland for London. He is on the run from the cops and from his own Army comrades. He has also vowed to never kill again. It looks like the bus full of kids finally did it for him.<br /><br />However, when he gets to London he is tracked down by a local mobster (Bates - looking like his eyebrows and hair came straight",negative,2,"3216, 14214","Mickey Rourke is enjoying a renaissance at the moment... and fair play to him. I always liked his image and his acting ability in such fare as Angel Heart and Johnny Handsome. You know what you are going to get with Rourke - mean, moody, dirty. But this film gives you much more - and you don't want most of it.<br /><br />First and foremost - this whole thing just doesn't make sense. Rourke is a hardened IRA killer who after killing a bus-load of schoolchildren flees Ireland for London. He is on the run from the cops and from his own Army comrades. He has also vowed to never kill again. It looks like the bus full of kids finally did it for him.<br /><br />However, when he gets to London he is tracked down by a local mobster (Bates - looking like his eyebrows and hair came straight off a Burton's dummy) to kill his main competitor in turn for £50,000 and a boat trip to the US. Rourke reluctantly agrees to do it but is seen by a priest (Hoskins) and confesses the crime to him in the confessional in order to keep the priest's mouth shut. He figures it is better than killing him.<br /><br />A wealth of things arise here which just don't add up : 1. Why pick Rourke to off your competition? As is illustrated by a scene whereby an employee is pinned to a wall by a couple of heavies with what look like awls - these London guys are tough enough anyway to do their own killing. 2. Not only that but the Mobster gets a guy to follow Rourke and witness the killing with his own eyes. Why didn't that guy simply kill the competitor and save all the hassle of dealing with Rourke? 3. Hoskins sees the murder take place and the police let him go off - without protection, I may add - to take confession? No way. 4. Rourke hangs around the church (right next to where he carried out the murder ) immediately after the crime takes place to go to confession. Why aren't the cops checking the place out? 5. Rourke hangs around the church and Hoskin's blind niece in particular, for days afterwards without anybody bothering him. What? He's on the run and he stays put by the very place where he committed another murder? Stupid. 6. The cops actually meet Rourke in the church ""fixing"" the organ and have no idea who he is. Do they not know he is on the run for the school bus bombing? They don't even check up on him? 7. Why get Rourke to kill for you, and then tell him to wait around for a few days to get on the boat? You'd think you'd want to get rid of him immediately. Or kill him. One or the other? 8. Why does Bates' brother suddenly decide to rape the blind niece in the midst of all the waiting? Could he not restrain himself for a few days? At least until Rourke has been safely offed to the States? Ridiculous. 9. Rourke suddenly has inner turmoil after all his years of killing and wins over the blind niece immediately - even after she knows he is a killer, she still loves him? Again - utterly ludicrous. And besides - she falls in ""love"" with him in record time - a few days !!!! 10. The whole bomb thing at the end is just plain silly from Bates point of view. 11. Things happen in parts of this film that just do not make sense or are simply in there to help the storyline (and I say that in jest) along. Bates' houses Rourke in a whorehouse until the boat is ready to sail and Rourke suddenly displays a moral high ground to respect the whore in the house - but yet will bed a blind girl. 12. Rourke asks a henchman on the boat where Bates is - and the henchman practically spurts out the entire movements of his boss in less than 10 seconds. It was embarrassing - the guy was telling Rourke far more than he even asked. 13. Hoskin's priest is an ex-army guy and we see him beat up three henchmen behind a pub. Totally uncalled-for and yet another cringe-worthy scene.<br /><br />I'm gonna stop there at unlucky 13 without mentioning Rourke's hair (so falsely red it is laughable), his accent (which to be fair is not too bad sometimes but deteriorates to a barely heard mumble at other times), his clothes, walk, looks to the heavens etc. Nor will I mention the music and the choppy editing style.<br /><br />Oooppps - I have just mentioned them.<br /><br />Overall - a disaster of a film with some obvious religious imagery thrown in (Rourke on the cross, preaching from a pulpit) which would embarrass a first year film student never mind a top star and director.<br /><br />4/10."
"Mean spirited, and down right degrading adaptation to the classic children's tale not only lacks the charm of its forefather but lacks any talent what so ever. Mike Myers should not only be ashamed of himself for his horrible performance that is a clear rip off of what Jim Carrey did but he should give up acting all together. He is so annoying that you would want to beat the crap out of him if you were able to jump right in the film. The sets are ugly and the cinematography is very poor. I have seen a lot of bad film this year, but this not only takes the cake but it is with out a doubt one the worse films ever made.",negative,2,"17114, 44990","Mean spirited, and down right degrading adaptation to the classic children's tale not only lacks the charm of its forefather but lacks any talent what so ever. Mike Myers should not only be ashamed of himself for his horrible performance that is a clear rip off of what Jim Carrey did but he should give up acting all together. He is so annoying that you would want to beat the crap out of him if you were able to jump right in the film. The sets are ugly and the cinematography is very poor. I have seen a lot of bad film this year, but this not only takes the cake but it is with out a doubt one the worse films ever made."
"Maybe it is unfair for me to review this movie because I walked out well before the end. That's odd, because I usually like Shakespeare on the screen and I enjoyed Midsummers Night's Dream once, many years ago, when I saw it on the stage.<br /><br /> I think that two things did me in: that squeaky twerp with the Shakespearian name, Calista Flockhart, and Michelle Feiffer sitting in a giant clamshell. Well, I suppose you could say it supposed to be a comedy -- but when the scenery is funny and the actors aren't, I'd say we have a bad movie on our hands....",negative,2,"5983, 16835","Maybe it is unfair for me to review this movie because I walked out well before the end. That's odd, because I usually like Shakespeare on the screen and I enjoyed Midsummers Night's Dream once, many years ago, when I saw it on the stage.<br /><br /> I think that two things did me in: that squeaky twerp with the Shakespearian name, Calista Flockhart, and Michelle Feiffer sitting in a giant clamshell. Well, I suppose you could say it supposed to be a comedy -- but when the scenery is funny and the actors aren't, I'd say we have a bad movie on our hands...."
"Mario Racocevic from Europe is the only user who has posted a comment so far and covers the major points to the film.Yet again another difficult film to purchase in the UK.I had to go through ""Midnight Video"" who have a Swedish branch.I went to the post office and bought by mail order this and a similar title at only SKR30 a title.<br /><br />This film goes under many ""a.k.a's"" depending on when and where it is marketed.I had previously purchased ""The Bloodsucker leads the Dance"" (which you will find if you search on Imdb under ""people"" and input ""Krista Nell"").The actor who plays the Count on his private island in the latter film had his words dubbed from Italian into English by an actor with an unmistakably mournful and rather tired sounding voice.I smiled when I heard this same voice dubbing on the English soundtrack as the police inspector",negative,2,"34332, 46165","Mario Racocevic from Europe is the only user who has posted a comment so far and covers the major points to the film.Yet again another difficult film to purchase in the UK.I had to go through ""Midnight Video"" who have a Swedish branch.I went to the post office and bought by mail order this and a similar title at only SKR30 a title.<br /><br />This film goes under many ""a.k.a's"" depending on when and where it is marketed.I had previously purchased ""The Bloodsucker leads the Dance"" (which you will find if you search on Imdb under ""people"" and input ""Krista Nell"").The actor who plays the Count on his private island in the latter film had his words dubbed from Italian into English by an actor with an unmistakably mournful and rather tired sounding voice.I smiled when I heard this same voice dubbing on the English soundtrack as the police inspector who is investigating the murder of the prostitute killed in the copse in the subject film.My choice of course was to see another outing by the delicious Krista Nell.<br /><br />There are quite a few rather inconsequential sub plots in the movie involving blackmail/extortion, sleazy affairs with girlfriends' mothers, a motor cycle chase resulting in a gangland hit, a gangrape by a ""client's"" motorcycle friends, sleazy photography, cross dressing by transvestites etc. which give a flavour to this film summarised in a word - SLEAZE, (but artistic sleaze).The aforementioned contributor liked this film but the lowly rating suggests other Imdb fans did not albeit without explaining their ""wheres and whyfores"".Personally I thought there were too many subplots and not enough put into the main story and the relationship of these subordinate characters to the central plot and the development of their screen characters.Also a professional film editor was sorely needed as some of the scenes appeared to last far too long, having made their point, so that the film appeared to drag in places; e.g. the scene of the dancing transvestite.Krista Nell appears in one fruity scene with a client but this too is but a vignette and I was left wanting more from her, the director and the screenplay.<br /><br />I love the political incorrectness shown in older films (this is 30 years from its making) e.g. smoking in offices and the way some characters react to each other in the office!I would suggest 4/10 as a more realistic rating and I have awarded it as such."
"Margaret Mitchell spins in her grave every time somebody watches this mess! Fine costuming and sets can't even begin to overwhelm lackluster performances by Joanne Whalley (as the title character) and the ever-bland Timothy Dalton (as Rhett). Even worse than the acting--and perhaps partially explaining it--is the script, which is astoundingly cliched and predictable. Add to that hellishly bad script a score that'll have you cringing, and you've got a disaster I wouldn't wish on any viewer. SCARLETT is just amazingly lousy, and I can't imagine how it ever got made, much less made it to video.",negative,2,"41393, 49206","Margaret Mitchell spins in her grave every time somebody watches this mess! Fine costuming and sets can't even begin to overwhelm lackluster performances by Joanne Whalley (as the title character) and the ever-bland Timothy Dalton (as Rhett). Even worse than the acting--and perhaps partially explaining it--is the script, which is astoundingly cliched and predictable. Add to that hellishly bad script a score that'll have you cringing, and you've got a disaster I wouldn't wish on any viewer. SCARLETT is just amazingly lousy, and I can't imagine how it ever got made, much less made it to video."
"Love it, love it, love it! This is another absolutely superb performance from the Divine Miss M. From the beginning to the end, this is one big treat! Don't rent it- buy it now!",positive,2,"8356, 10868","Love it, love it, love it! This is another absolutely superb performance from the Divine Miss M. From the beginning to the end, this is one big treat! Don't rent it- buy it now!"
"Linda Lovelace was the victim of a sadistic woman hater, Chuck Traynor. I don't understand how having sex with a dog (which is animal abuse, as well) can be found to be entertaining or funny. Linda Lovelace was a virtual prisoner who was coerced into making these films. I know some people will criticize this comment but I feel strongly that these types of films fuel the fire of hatred and further misogynistic feelings towards women. This society continues to portray women as sexual objects as opposed to human beings. We call ourselves ""civilized"" however I feel we have a long way to go before we can ever scratch the surface of being civilized.",negative,2,"11396, 45432","Linda Lovelace was the victim of a sadistic woman hater, Chuck Traynor. I don't understand how having sex with a dog (which is animal abuse, as well) can be found to be entertaining or funny. Linda Lovelace was a virtual prisoner who was coerced into making these films. I know some people will criticize this comment but I feel strongly that these types of films fuel the fire of hatred and further misogynistic feelings towards women. This society continues to portray women as sexual objects as opposed to human beings. We call ourselves ""civilized"" however I feel we have a long way to go before we can ever scratch the surface of being civilized."
"Licence fees to watch this trash, And pay for it with hard-earned cash? Humourless, no hint of laughter, God knows how it won a BAFTA! <br /><br />We've now been subjected to ""Eastenders"" for twenty years. When, oh when is the Great British public going to see this awful soap for what it is? Crass Pap! This programme no more depicts reality in the East End of London than everyday life in Beirut, and never has done.<br /><br />The Eastenders I know (the real ones) are kind, courageous, hardworking and loyal. And one of their greatest attributes is humour. It was the Eastenders who went through the worst of the London blitz and still stuck two fingers up to Hitler. And what do we see on our screens for five days of the week (including an omnibus)? Nothing but a bunch of moaning, wailing, ""dead from the neck up"" wimps,",negative,2,"17219, 28541","Licence fees to watch this trash, And pay for it with hard-earned cash? Humourless, no hint of laughter, God knows how it won a BAFTA! <br /><br />We've now been subjected to ""Eastenders"" for twenty years. When, oh when is the Great British public going to see this awful soap for what it is? Crass Pap! This programme no more depicts reality in the East End of London than everyday life in Beirut, and never has done.<br /><br />The Eastenders I know (the real ones) are kind, courageous, hardworking and loyal. And one of their greatest attributes is humour. It was the Eastenders who went through the worst of the London blitz and still stuck two fingers up to Hitler. And what do we see on our screens for five days of the week (including an omnibus)? Nothing but a bunch of moaning, wailing, ""dead from the neck up"" wimps, who seem to do little else than sit in a pub all day sniping at each other. What a great advert for Britain that is!! Do the writers actually believe this garbage they're pumping out? Obviously the woolly-minded section of the public does, but then I've heard that apparently anyone can be brainwashed into believing anything."
"Les Visiteurs, the first movie about the medieval time travelers was actually funny. I like Jean Reno as an actor, but there was more. There were unexpected twists, funny situations and of course plain absurdness, that would remind you a little bit of Louis de Funes.<br /><br />Now this sequel has the same characters, the same actors in great part and the same time traveling. The plot changes a little, since the characters now are supposed to be experienced time travelers. So they jump up and down in history, without paying any attention to the fact that it keeps getting absurder as you advance in the movie. The duke, Jean Reno, tries to keep the whole thing together with his playing, but his character has been emptied, so there's not a lot he can do to save the film.<br /><br />Now the duke's slave/helper, he has really all the attention.",negative,2,"25815, 49991","Les Visiteurs, the first movie about the medieval time travelers was actually funny. I like Jean Reno as an actor, but there was more. There were unexpected twists, funny situations and of course plain absurdness, that would remind you a little bit of Louis de Funes.<br /><br />Now this sequel has the same characters, the same actors in great part and the same time traveling. The plot changes a little, since the characters now are supposed to be experienced time travelers. So they jump up and down in history, without paying any attention to the fact that it keeps getting absurder as you advance in the movie. The duke, Jean Reno, tries to keep the whole thing together with his playing, but his character has been emptied, so there's not a lot he can do to save the film.<br /><br />Now the duke's slave/helper, he has really all the attention. The movie is merely about him and his being clumsy / annoying / stupid or whatever he was supposed to be. Fact is; this character tries to produce the laughter from the audience, but he does not succeed. It is as if someone was telling you a really very very bad joke, you already know, but he insists on telling that joke till the end, adding details, to make your suffering a little longer.<br /><br />If you liked Les Visiteurs, do not spoil the taste in your mouth with the sequel. If you didn't like Les Visiteurs, you would never consider seeing the sequel. If you liked this sequel... well, I suppose you still need to see a lot of movies."
"Leos Carax is brilliant and is one of the best film and camera guys in the business so it should come as no surprise that Pola X is an almost perfect filming of the most gut wrenching story ever. Seriously. If I could have figured out some way to climb inside my video monitor, I would have thrashed Pierre to within an inch of his life. No one has the right to be that self absorbed and that stupid, both at the same time, except maybe Heathcliff in Emily Bronte's Wuthering Heights. After spending 134 minutes with Pierre, I need a large glass of brandy. Never have I been so angry at a main character. Ok, having said that, Pola X is a stunning movie with one of the few totally honest sex scenes I've ever seen in any film....which means another piece of brilliant filmmaking....and I'm talking graphic here,",positive,2,"4920, 38693","Leos Carax is brilliant and is one of the best film and camera guys in the business so it should come as no surprise that Pola X is an almost perfect filming of the most gut wrenching story ever. Seriously. If I could have figured out some way to climb inside my video monitor, I would have thrashed Pierre to within an inch of his life. No one has the right to be that self absorbed and that stupid, both at the same time, except maybe Heathcliff in Emily Bronte's Wuthering Heights. After spending 134 minutes with Pierre, I need a large glass of brandy. Never have I been so angry at a main character. Ok, having said that, Pola X is a stunning movie with one of the few totally honest sex scenes I've ever seen in any film....which means another piece of brilliant filmmaking....and I'm talking graphic here, by the way. Pola X will beat the hell out of you, though, so make sure you're up for it if you decide to watch it."
"Leos Carax has made 3 great movies: Boys Meet Girls, Mauvais Sang, Les Amants du Pont Neuf. In fact those films were not that great but it has the violence of youth, the beauty of juvenile wilderness. Carax in these three movies was well aware of what cinema was, but he tried to make his own vision of the art, without thinking about about all he have seen, but using it and melting it into his times. Pola X is a very different movie because Carax made Les Amants du Pont Neuf, a monstruosity of 20 millions dollars, a film that has destroyed everything on its way. After such a movie you can't do another one in the same point of view. So Leos Carax has to changed, and he did. The movie isn't as beautiful as its first, it's more reasonable, no more studio, no more dreamed Paris, Carax",positive,2,"26458, 35578","Leos Carax has made 3 great movies: Boys Meet Girls, Mauvais Sang, Les Amants du Pont Neuf. In fact those films were not that great but it has the violence of youth, the beauty of juvenile wilderness. Carax in these three movies was well aware of what cinema was, but he tried to make his own vision of the art, without thinking about about all he have seen, but using it and melting it into his times. Pola X is a very different movie because Carax made Les Amants du Pont Neuf, a monstruosity of 20 millions dollars, a film that has destroyed everything on its way. After such a movie you can't do another one in the same point of view. So Leos Carax has to changed, and he did. The movie isn't as beautiful as its first, it's more reasonable, no more studio, no more dreamed Paris, Carax has entered at last reality. It's not clean anymore, it's not poetic characters. Carax have become a romantic in the german sense of it."
"Just about everything in this movie is wrong, wrong, wrong. Take Mike Myers, for example. He's reached the point where you realize that his shtick hasn't changed since his SNL days, over ten years ago. He's doing the same cutesy stream-of-consciousness jokes and the same voices. His Cat is painfully unfunny. He tries way to hard. He's some weird Type A comedian, not the cool cat he's supposed to be. The rest of the movie is just as bad. The sets are unbelievably ugly --- and clearly a waste of millions of dollars. (Cardboard cut-outs for the background buildings would have made more sense than constructing an entire neighborhood and main street.) Alec Balwin tries to do a funny Great Santini impression, but he ends up looking and sounding incoherent. There's even an innapropriate cheesecake moment with faux celebrity Paris Hilton --- that sticks in the mind simply because this",negative,2,"27017, 30029","Just about everything in this movie is wrong, wrong, wrong. Take Mike Myers, for example. He's reached the point where you realize that his shtick hasn't changed since his SNL days, over ten years ago. He's doing the same cutesy stream-of-consciousness jokes and the same voices. His Cat is painfully unfunny. He tries way to hard. He's some weird Type A comedian, not the cool cat he's supposed to be. The rest of the movie is just as bad. The sets are unbelievably ugly --- and clearly a waste of millions of dollars. (Cardboard cut-outs for the background buildings would have made more sense than constructing an entire neighborhood and main street.) Alec Balwin tries to do a funny Great Santini impression, but he ends up looking and sounding incoherent. There's even an innapropriate cheesecake moment with faux celebrity Paris Hilton --- that sticks in the mind simply because this is supposed to be a Dr. Seuss story. Avoid this movie at all costs, folks. It's not even an interesting train wreck. (I hope they'll make Horton Hears a Who with Robin Williams. Then we'll have the bad-Seuss movie-starring-spasitc- comedian trilogy.)"
"Jack Frost returns with an army of Styrofoam balls that can only be foiled by being shot with super-soakers loaded with margaritas. How's that for a plot? The film hinges on such a ridiculous premise that it barely raises an eyebrow when characters are killed with BBQ tongs and are impaled by carrots. You might even say the whole movie is skating on thin ice (ba-boom-tish).<br /><br />Admittedly, there are some fantastic one-liners including a remark about the Murderous Coconut Shark.<br /><br />Fair enough times are hard, but that does not excuse the willingness of the actors to take part in such utter tripe.<br /><br />For those fans hoping to see Jack Frost, be prepared to accept him as merely a phallic carrot creeping up the beach with corny voice-over commentary.",negative,2,"10494, 26393","Jack Frost returns with an army of Styrofoam balls that can only be foiled by being shot with super-soakers loaded with margaritas. How's that for a plot? The film hinges on such a ridiculous premise that it barely raises an eyebrow when characters are killed with BBQ tongs and are impaled by carrots. You might even say the whole movie is skating on thin ice (ba-boom-tish).<br /><br />Admittedly, there are some fantastic one-liners including a remark about the Murderous Coconut Shark.<br /><br />Fair enough times are hard, but that does not excuse the willingness of the actors to take part in such utter tripe.<br /><br />For those fans hoping to see Jack Frost, be prepared to accept him as merely a phallic carrot creeping up the beach with corny voice-over commentary."
"Jack Frost 2. THE worst ""horror film"" I have ever seen. Why? 1)The premise is WELL beyond ridiculous 2) The damn thing doesn't even have legs to move on! 3) It escapes AFTER being completely submerged in Anti-Freeze (first film) 4) Get this...It travels all the way across an ocean of SALT WATER to a TROPICAL island to get revenge on the sheriff that did him in the first film. 5) ""Killer Snowballs"". I have yet to be drunk enough to see ""Ginger Dead Man"" so as of the writing of this, Jack Frost 2 hold the distinction of being THE stupidest ""horror"" film ever. Even Surpassing the inaneness of it's predecessor (if you can believe that!).",negative,2,"23263, 23555","Jack Frost 2. THE worst ""horror film"" I have ever seen. Why? 1)The premise is WELL beyond ridiculous 2) The damn thing doesn't even have legs to move on! 3) It escapes AFTER being completely submerged in Anti-Freeze (first film) 4) Get this...It travels all the way across an ocean of SALT WATER to a TROPICAL island to get revenge on the sheriff that did him in the first film. 5) ""Killer Snowballs"". I have yet to be drunk enough to see ""Ginger Dead Man"" so as of the writing of this, Jack Frost 2 hold the distinction of being THE stupidest ""horror"" film ever. Even Surpassing the inaneness of it's predecessor (if you can believe that!)."
"Jack Frost 2, is probably the most cheesiest movie I have ever seen in my life. The complete title of the film, is Jack Frost 2: Revenge of the Mutant Killer Snowman. Horror movie fans that have a taste for campy story lines, will be delighted to watch this. This film was straight to video, and for good reasons. Here's why: The acting, was so atrocious, and so terrible, that it could cause one to cry. The main character had no personality, and the actor's bad acting made it all worse. The screenplay was, was also atrocious. Each character always says a cheesy line, and add the cheesy lines to the bad choreography, then you have something bad. Second, the story line isn't really all that impressive, but since this movie was straight to video, it is forgiven. The director, and writer could have turned the idea of a killer",positive,2,"5973, 29762","Jack Frost 2, is probably the most cheesiest movie I have ever seen in my life. The complete title of the film, is Jack Frost 2: Revenge of the Mutant Killer Snowman. Horror movie fans that have a taste for campy story lines, will be delighted to watch this. This film was straight to video, and for good reasons. Here's why: The acting, was so atrocious, and so terrible, that it could cause one to cry. The main character had no personality, and the actor's bad acting made it all worse. The screenplay was, was also atrocious. Each character always says a cheesy line, and add the cheesy lines to the bad choreography, then you have something bad. Second, the story line isn't really all that impressive, but since this movie was straight to video, it is forgiven. The director, and writer could have turned the idea of a killer snowman, into something cool, but they didn't. They story has lots of plot holes in it. In the beginning, a cup of coffee gets knocked into the fish tank, with the melted Jack Frost. Scientists try to restore his life, but they couldn't. Once the cup of coffee fell into the tank, Jack Frost was completely restored. Now he is immune to anti-freeze. In Jack Frost part 1, the main character's DNA got mixed up with the Anti-freeze that was used to kill Jack Frost. Since the main character is allergic to bananas, Jack Frost is too. Hence, here's my point. They say that Sam's DNA combined with Jack Frost's. But, one of the scientists had some saliva on the cup, so when it fell into the tank, the scientists DNA would have been combined with Jack Frosts. Another thing, the special effects weren't very good either. Here's the good points: Jack Frost 2 has lots of blood, that looks pretty realistic. Even though this movie is flawed to hell, it is still entertaining. Overall, Jack Frost 2 is an enjoyable horror movie. The first one was better though. 7 out of 10."
"Jack Frost 2 was a horrible, terrible, sadly pathetic excuse for a sequal to a great movie. The original, was a low budget comedy horror film about a murdered who was turned into a snowman after an accident with some toxic waste. And the snowman went around murdering people, and avoiding blow dryers like the plague. This, however, was a far cry from the quality of the original. It seems like this even had a lower-budget because for some reason, after an hour into this film, I still hadn't seen the snowman. Some revenge he's getting if he's always in the form of Ice cubes with a cheesy voice-over and a little shake of the cooler he rests in to give animation to the character. Disappointing to no belief, even for a fan of bad cinema.",negative,2,"44334, 46325","Jack Frost 2 was a horrible, terrible, sadly pathetic excuse for a sequal to a great movie. The original, was a low budget comedy horror film about a murdered who was turned into a snowman after an accident with some toxic waste. And the snowman went around murdering people, and avoiding blow dryers like the plague. This, however, was a far cry from the quality of the original. It seems like this even had a lower-budget because for some reason, after an hour into this film, I still hadn't seen the snowman. Some revenge he's getting if he's always in the form of Ice cubes with a cheesy voice-over and a little shake of the cooler he rests in to give animation to the character. Disappointing to no belief, even for a fan of bad cinema."
"Jack Frost 2 is out of the question, I'm actually surprised people are allowed to make these sort of movies.<br /><br />As Sam and his wife take to the Tropicana for a relaxing Christmas, Jack returns to kill off the fun and take on a revenge with inbreeding...<br /><br />Don't take a swip at this film at all, most people say its a laugh with your mates, but frankily its a waste of time. If the people who made this film can get a job by doing what they do, they can at least take the time and effort to write up a better story, especially the cheesy character names.",negative,2,"23126, 48444","Jack Frost 2 is out of the question, I'm actually surprised people are allowed to make these sort of movies.<br /><br />As Sam and his wife take to the Tropicana for a relaxing Christmas, Jack returns to kill off the fun and take on a revenge with inbreeding...<br /><br />Don't take a swip at this film at all, most people say its a laugh with your mates, but frankily its a waste of time. If the people who made this film can get a job by doing what they do, they can at least take the time and effort to write up a better story, especially the cheesy character names."
"It`s funny how instinct warns you of something . For example as soon as the company credits read Nu Image I knew instinctively I`d seen a really crap film by them somewhere before but couldn`t remember where . Nevertheless I just knew JUDGE AND JURY was going to be crap and it was . Maybe I`m psychic ?<br /><br />!!!! MILD SPOILERS !!!!<br /><br />The opening is rather violent with several people getting blown away for no more reason than being in the wrong place at the wrong time . I don`t know about you but I`m geting slightly fed up with exploitive violence onscreen nowadays along with bad language , especially if it`s spouted by actors as bad as the ones in this movie . Anyway the plot revolves around the bad dude getting executed and coming back to reek revenge on the man who shot his wife .",negative,2,"47443, 49781","It`s funny how instinct warns you of something . For example as soon as the company credits read Nu Image I knew instinctively I`d seen a really crap film by them somewhere before but couldn`t remember where . Nevertheless I just knew JUDGE AND JURY was going to be crap and it was . Maybe I`m psychic ?<br /><br />!!!! MILD SPOILERS !!!!<br /><br />The opening is rather violent with several people getting blown away for no more reason than being in the wrong place at the wrong time . I don`t know about you but I`m geting slightly fed up with exploitive violence onscreen nowadays along with bad language , especially if it`s spouted by actors as bad as the ones in this movie . Anyway the plot revolves around the bad dude getting executed and coming back to reek revenge on the man who shot his wife . Oh did I mention the bad dude and his wife murdered a couple of people on their wedding night ? Yeah he`s a serious badass mofo . In fact he`s so bad ( And I don`t mean the acting - I`ll get to that in a moment ) that he`s impossible to take seriously and this is before he`s executed only to return as Elton John , Elvis , a French chef etc . I wonder if Keith David got paid for this ? because he looks lke he`s having so much fun on screen that`s the only reason he`s playing the role . What a pity this reviewer didn`t have any fun whatsoever watching JUDGE AND JURY . Hey maybe the producers could send me Keith`s fee ? Gawd only knows I deserve it.<br /><br />I disliked this movie a lot as if you hadn`t guessed and my main beef isn`t with the stupid plot or the cheap production values but with its attitude to violence . If like me you`ve had a wine bottle cracked over your head or been kicked in the ribs very hard several times you`ll know violence is an obscene painful thing , but JUDGE AND JURY will have you believe that if you`re thrown through a window , crash through some bannisters and fall twenty odd feet onto a table not only will you be unhurt but you`ll be able to outrun a couple of rabid devil dogs . It could of course be argued that any film starring Sly , Arnie or Bruce also suffers from this same dishonest showing of violence but with JUDGE AND JURY it yanked my chain"
"It's very sad that Lucian Pintilie does not stop making movies. They get worse every time. Niki and Flo (2003) is a depressing stab at the camera. It's unfortunate that from the many movies that are made yearly in Romania , the worst of them get to be sent abroad ( e.g. Chicago International Film Festival). This movie without a plot , acting or script is a waste of time and money. Score: 0.02 out of 10.",negative,2,"11557, 29254","It's very sad that Lucian Pintilie does not stop making movies. They get worse every time. Niki and Flo (2003) is a depressing stab at the camera. It's unfortunate that from the many movies that are made yearly in Romania , the worst of them get to be sent abroad ( e.g. Chicago International Film Festival). This movie without a plot , acting or script is a waste of time and money. Score: 0.02 out of 10."
"It's unlikely that anyone except those who adore silent films will appreciate any of the lyrical camera-work and busy (but scratchy) background score that accompanies this 1933 release. Although sound came into general use in 1928, there are no more than fifty words spoken to tell the story of a woman, unhappily married, who deserts her husband for a younger man after a romantic interlude in the woods.<br /><br />The most vividly photographed scene has the jealous husband giving a lift to the young man for a ride into town, proceeding to drive normally until he realizes the man is his wife's lover. In a frenzy of jealousy, he drives at top speed toward a railroad crossing but changes his mind at the last moment, losing his nerve. It's probably the most tension-filled scene in the otherwise decidedly slow-moving and obviously contrived story.<br /><br />HEDY LAMARR is given the sort",negative,2,"9019, 14858","It's unlikely that anyone except those who adore silent films will appreciate any of the lyrical camera-work and busy (but scratchy) background score that accompanies this 1933 release. Although sound came into general use in 1928, there are no more than fifty words spoken to tell the story of a woman, unhappily married, who deserts her husband for a younger man after a romantic interlude in the woods.<br /><br />The most vividly photographed scene has the jealous husband giving a lift to the young man for a ride into town, proceeding to drive normally until he realizes the man is his wife's lover. In a frenzy of jealousy, he drives at top speed toward a railroad crossing but changes his mind at the last moment, losing his nerve. It's probably the most tension-filled scene in the otherwise decidedly slow-moving and obviously contrived story.<br /><br />HEDY LAMARR is given the sort of close-up treatment lavished on Marlene Dietrich by her discoverer, but her beauty had not yet been refined by the cosmeticians as they were when she was transported to Hollywood. Her performance consists mostly of looking sad and morose while mourning the loss of her marriage with only brief glimpses of a smile when she finds her true love (ARIBERT MOG), the handsome young stud who retrieves her clothes after a nude swim.<br /><br />The swimming scene is very brief, discreetly photographed, and not worth all the heat it apparently generated. The love-making scene, later on, is also artfully photographed with the sort of lyrical photography evident throughout most of the film--artfully so. More is left to the imagination with the use of symbolism--and this is the sort of thing that has others proclaiming the film is some kind of lyrical masterpiece.<br /><br />Not so. It's disappointing, primitively crude in its sound portions (including the laborious symphonic music in the background) and certainly Miss Lamarr is fortunate that Louis B. Mayer saw the film and on the basis of it, gave her a career in Hollywood. He must have seen something in her work that I didn't.<br /><br />It's apparent that this was conceived as a silent film with the camera doing all the work. The jarring ""workers"" scene at the conclusion goes on for too long and is a jarring intrusion where none is needed. It fails to end the film on the proper note."
"It's so sad that Romanian audiences are still populated with vulgar and uneducated individuals who relish this kind of cheap and demonstrative shows, as superficial and brutal as the ""Garcea"" series or the ""Vacanta mare"" child-plays... The difference is that Mugur Mihäescu, Doru Octavian Dumitru and other such sub-artisans never presume to claim their shows as ""art"". Pintilie, who 40 years ago made a very good movie (""Duminicä la ora sase"") followed by another one, nice enough (""Reconstituirea""), tries to declare his film-lenghts ""art works"" - but, unfortunately, he masters at a way too limited level the specifically cinematographic means of expression. As such, ""Niki Ardelean"" offers again a sample of ""HOW NOT"" - this being about its only merit.",negative,2,"12091, 18643","It's so sad that Romanian audiences are still populated with vulgar and uneducated individuals who relish this kind of cheap and demonstrative shows, as superficial and brutal as the ""Garcea"" series or the ""Vacanta mare"" child-plays... The difference is that Mugur Mihäescu, Doru Octavian Dumitru and other such sub-artisans never presume to claim their shows as ""art"". Pintilie, who 40 years ago made a very good movie (""Duminicä la ora sase"") followed by another one, nice enough (""Reconstituirea""), tries to declare his film-lenghts ""art works"" - but, unfortunately, he masters at a way too limited level the specifically cinematographic means of expression. As such, ""Niki Ardelean"" offers again a sample of ""HOW NOT"" - this being about its only merit."
"Most movies I can sit through easily, even if I do not particularly like the movie. I am the type of person who recognizes great films even if I do not like the genre. This is the first movie I could not stand to watch. Cat in the Hat is the worst movie I have ever seen--and I've seen a lot of movies. The acting is okay (Myers is good as the cat, it's just that he is REALLY annoying). The silly songs the cat sings were boring and monotonous, even for the children in the audience. The plot drags on and on, and viewers must suffer through poor dialogue. The ""witty"" parental remarks are disgusting, not funny (I remember some awful comment about a garden hoe being compared to, well, a type of person people call a ""ho""). Even though the movie is really short, it seemed to last",negative,2,"19284, 24586","Most movies I can sit through easily, even if I do not particularly like the movie. I am the type of person who recognizes great films even if I do not like the genre. This is the first movie I could not stand to watch. Cat in the Hat is the worst movie I have ever seen--and I've seen a lot of movies. The acting is okay (Myers is good as the cat, it's just that he is REALLY annoying). The silly songs the cat sings were boring and monotonous, even for the children in the audience. The plot drags on and on, and viewers must suffer through poor dialogue. The ""witty"" parental remarks are disgusting, not funny (I remember some awful comment about a garden hoe being compared to, well, a type of person people call a ""ho""). Even though the movie is really short, it seemed to last FOREVER. Do not waste your time. I know small kids who hated this movie. If children can't stand it, I do not know how any adults can. I would like to fume more about this film but I do not even feel like wasting anymore time writing this review about it. I HATED IT! So, in summary, do not spend 90 minutes of your life watching this! See a GOOD movie!<br /><br />1/10 stars--the lowest review I have ever given a movie."
"My favourite police series of all time turns to a TV-film. Does it work? Yes. Gee runs for mayor and gets shot. The Homicide ""hall of fame"" turns up. Pembleton and nearly all of the cops who ever played in this series. A lot of flashbacks helps you who hasn´t seen the TV-series but it amuses the fans too. The last five minutes solves another murder and at the very end even two of the dead cops turn up. And a short appearance from my favourite coroner Juliana Cox. This is a good film.",positive,2,"1748, 3769","My favourite police series of all time turns to a TV-film. Does it work? Yes. Gee runs for mayor and gets shot. The Homicide ""hall of fame"" turns up. Pembleton and nearly all of the cops who ever played in this series. A lot of flashbacks helps you who hasn´t seen the TV-series but it amuses the fans too. The last five minutes solves another murder and at the very end even two of the dead cops turn up. And a short appearance from my favourite coroner Juliana Cox. This is a good film."
"Red Skelton was still another major star who made the transition from movies to television with ease.<br /><br />His shows certainly brought a laughter to the American households of years back.<br /><br />He would begin the show with an opening monologue. Afterwards, we would have a variety of characters. Remember Gertrude and Heathcliff in the monologue? How can we ever forget San Fernando Red? I remember one episode where as a king Red introduced his queen by referring to her as your fatness.<br /><br />Go know that Red would use his comedic talents to really hide from his tragic life. He lost a son to leukemia at age 11 or so. His wife, Georgia, died by suicide.",positive,2,"30283, 33941","Red Skelton was still another major star who made the transition from movies to television with ease.<br /><br />His shows certainly brought a laughter to the American households of years back.<br /><br />He would begin the show with an opening monologue. Afterwards, we would have a variety of characters. Remember Gertrude and Heathcliff in the monologue? How can we ever forget San Fernando Red? I remember one episode where as a king Red introduced his queen by referring to her as your fatness.<br /><br />Go know that Red would use his comedic talents to really hide from his tragic life. He lost a son to leukemia at age 11 or so. His wife, Georgia, died by suicide."
"My wife and I saw every episode in this series and loved it. However, the series was cut short without a final episode by the producers of the show. It ended with a typical end-the-season cliff hanger leaving it's fans feeling cheated. A waste of great writing and acting.",negative,2,"33881, 44567","My wife and I saw every episode in this series and loved it. However, the series was cut short without a final episode by the producers of the show. It ended with a typical end-the-season cliff hanger leaving it's fans feeling cheated. A waste of great writing and acting."
"There has been a political documentary, of recent vintage, called Why We Fight, which tries to examine the infamous Military Industrial Complex and its grip on this nation. It is considered both polemical and incisive in making its case against both that complex and the war fiasco we are currently involved in in Iraq. Yet, a far more famous series of films, with the same name, was made during World War Two, by Hollywood director Frank Capra. Although considered documentaries, and having won Oscars in that category, this series of seven films is really and truly mere agitprop, more in the vein of Leni Reifenstal's Triumph Of The Will, scenes of which Capra recycles for his own purposes. That said, that fact does not mean it does not have vital information that subsequent generations of World War Two documentaries (such as the BBC's lauded The World At War) lacked, nor",positive,2,"44835, 49871","There has been a political documentary, of recent vintage, called Why We Fight, which tries to examine the infamous Military Industrial Complex and its grip on this nation. It is considered both polemical and incisive in making its case against both that complex and the war fiasco we are currently involved in in Iraq. Yet, a far more famous series of films, with the same name, was made during World War Two, by Hollywood director Frank Capra. Although considered documentaries, and having won Oscars in that category, this series of seven films is really and truly mere agitprop, more in the vein of Leni Reifenstal's Triumph Of The Will, scenes of which Capra recycles for his own purposes. That said, that fact does not mean it does not have vital information that subsequent generations of World War Two documentaries (such as the BBC's lauded The World At War) lacked, nor does that mean that its value as a primary source is any the less valuable. They are skillfully made, and after recently purchasing some used DVDs at a discount store, I found myself with the opportunity to select a free DVD with my purchase. I chose Goodtimes DVD's four DVD collection of the series.<br /><br />Rarely has something free been so worth invaluable. While there are no extras on the DVDs, and the sound quality of the prints varies, these films provide insight into the minds of Americans two thirds of a century ago, when racism was overt (as in many of the classic Warner Brothers pro-war cartoons of the era), and there was nothing wrong with blatant distortion of facts. The seven films, produced between 1942 and 1945, are Prelude To War, The Nazis Strike, Divide And Conquer, The Battle Of Britain, The Battle Of Russia, The Battle Of China, and War Comes To America.<br /><br />Overall, the film series is well worth watching, not only for the obvious reasons, but for the subtle things it reveals, such as the use of the plural for terms like X millions when referring to dollars, rather than the modern singular, or the most overused graphic in the whole series- a Japanese sword piercing the center of Manchuria. Yet, it also shows the complexities of trying to apply past standards to current wars. The lesson of World War One (avoid foreign entanglements) was not applicable to World War Two, whose own lesson (act early against dictatorships) has not been applicable in the three major wars America has fought since: Korea, Vietnam, nor Iraq. The fact that much of this series teeters on the uncertainties of the times it was made in only underscores its historic value in today's information-clogged times. It may not help you sort out the truth from the lies and propaganda of today, but at least you'll realize you are not the first to be in such a tenuous position, nor will you be the last."
"Pretentious claptrap, updating Herman Melville (!), about a young man's vaguely incestuous relationship with his aristocratic mother getting transferred to his long-lost sister who has been raised by gypsies. Or something like that  not that anyone really cares to unravel its multi-layered plot decked out with pornographic sex scenes, pseudo-symbolic imagery (the siblings swimming in a river of blood) and other bizarre touches (a gypsy child repeatedly insults passers-by in the street until she is anonymously beaten to death, the deafening music of a rock group utilized in the demolition of old buildings). Considering the source material and the presence of Catherine Deneuve (who at least gets to bathe in the nude), I was expecting a lot more from this one; apparently, there's an even longer TV version of POLA X out there",negative,2,"7502, 42384","Pretentious claptrap, updating Herman Melville (!), about a young man's vaguely incestuous relationship with his aristocratic mother getting transferred to his long-lost sister who has been raised by gypsies. Or something like that  not that anyone really cares to unravel its multi-layered plot decked out with pornographic sex scenes, pseudo-symbolic imagery (the siblings swimming in a river of blood) and other bizarre touches (a gypsy child repeatedly insults passers-by in the street until she is anonymously beaten to death, the deafening music of a rock group utilized in the demolition of old buildings). Considering the source material and the presence of Catherine Deneuve (who at least gets to bathe in the nude), I was expecting a lot more from this one; apparently, there's an even longer TV version of POLA X out there"
"Possibly the worst film within the genre in existence. It was announced as a comedy, but is simply tragically pathetic. I don't think anyone could have achieved anything more terrible and irritating if they were specifically requested to. It is toilet humour at its very poorest, I would avoid even watching the trailer. I only went to see it because it was announced that if you like Monty Python, you are bound to love this. Whoever wrote that was either biased or seriously deranged. I am still bewildered how one can honestly believe such a statement. Rarely do I leave the cinema, really it takes a lot of effort for a film to have that effect on me: this one did it in just 30 minutes.",negative,2,"6041, 49224","Possibly the worst film within the genre in existence. It was announced as a comedy, but is simply tragically pathetic. I don't think anyone could have achieved anything more terrible and irritating if they were specifically requested to. It is toilet humour at its very poorest, I would avoid even watching the trailer. I only went to see it because it was announced that if you like Monty Python, you are bound to love this. Whoever wrote that was either biased or seriously deranged. I am still bewildered how one can honestly believe such a statement. Rarely do I leave the cinema, really it takes a lot of effort for a film to have that effect on me: this one did it in just 30 minutes."
"Poorly acted, poorly written and poorly directed. Special effects are cheap. Best performance is by Yvette Napir, but that's not saying much. Story is a confusing mess about corporate greed leading to sabotage of a space station and an attempt to rescue those stranded aboard.<br /><br /> There is little suspense and even less action. There's one car chase that's not bad, but the rest of the movie is simply a waste of everyone's time.",negative,2,"16203, 24255","Poorly acted, poorly written and poorly directed. Special effects are cheap. Best performance is by Yvette Napir, but that's not saying much. Story is a confusing mess about corporate greed leading to sabotage of a space station and an attempt to rescue those stranded aboard.<br /><br /> There is little suspense and even less action. There's one car chase that's not bad, but the rest of the movie is simply a waste of everyone's time."
"Pola X is a beautiful adaption of Herman Melville's 'Pierre; or, the Ambiguities'. The comments on here surprise me, it makes me wonder what has led to the overwhelmingly negative reaction. <br /><br />The shock value is the least appealing thing about this film - a minor detail that has been blown out of proportion. The story is of Pierre's downfall - and the subsequent destruction of those around him - which is overtly demonstrated in his features, demeanour and idiolect. The dialogue and soundtrack set this film apart from any other I have seen, and turn a fundamentally traditional storyline with controversial twists into an unforgettably emotional epic.<br /><br />I can't stress enough the importance of disregarding everything you have heard about this film and watching, as I did, with an open mind. You will, I hope, be rewarded in the same way that I was. I felt on",positive,2,"3776, 35594","Pola X is a beautiful adaption of Herman Melville's 'Pierre; or, the Ambiguities'. The comments on here surprise me, it makes me wonder what has led to the overwhelmingly negative reaction. <br /><br />The shock value is the least appealing thing about this film - a minor detail that has been blown out of proportion. The story is of Pierre's downfall - and the subsequent destruction of those around him - which is overtly demonstrated in his features, demeanour and idiolect. The dialogue and soundtrack set this film apart from any other I have seen, and turn a fundamentally traditional storyline with controversial twists into an unforgettably emotional epic.<br /><br />I can't stress enough the importance of disregarding everything you have heard about this film and watching, as I did, with an open mind. You will, I hope, be rewarded in the same way that I was. I felt on edge and nervous from around the half-hour mark, however the film is far from scary in any traditional sense. It will leave you with 1,000 thoughts, each of them at once troublesome and thrilling. I know I'm gushing here, but I feel the need to make up for the negative perception of this film. It's the best I've seen all year."
"Please, If you're thinking about renting this movie, don't. If you're thinking of watching a couple of downloaded clips, don't. If I had my way, nobody would even have to read this summary.<br /><br />The acting, despite being one fo the high points of the movie was still pathetic. The director was probaly a sadist. The witty one liners were something you'd expect from a room of highly paid anti-social 7 year olds that eat paint-chips for breakfast.<br /><br />The problem with this movie, is that it tries to be a movie like ""Evil Dead 2""(do not under any circumstances associate these 2 movies) in that it's so bad it's funny. But it also tries to be funny at the same time, and fails so overwhelmingly to do so, that your sense of humor is left too crippled to do anything but set off your gag reflex in an attmept",negative,2,"3752, 12936","Please, If you're thinking about renting this movie, don't. If you're thinking of watching a couple of downloaded clips, don't. If I had my way, nobody would even have to read this summary.<br /><br />The acting, despite being one fo the high points of the movie was still pathetic. The director was probaly a sadist. The witty one liners were something you'd expect from a room of highly paid anti-social 7 year olds that eat paint-chips for breakfast.<br /><br />The problem with this movie, is that it tries to be a movie like ""Evil Dead 2""(do not under any circumstances associate these 2 movies) in that it's so bad it's funny. But it also tries to be funny at the same time, and fails so overwhelmingly to do so, that your sense of humor is left too crippled to do anything but set off your gag reflex in an attmept to save itself.<br /><br />I could go on for much much more, detailing just how awful it really was, but I think it would strip me of my will to live just to continue to think about it. If you need me, I'll be off trying to boil myself so that I might feel clean again..."
"Peter O'Toole is a treat to watch in roles where the lines he speaks are good and offer a chance for him to swagger in drunken stupor. The lovely Susannah York provides a good foil for O'Toole's dramatic presence.<br /><br />The film alludes to incest--without a single explicit scene--but it is able to entertain the viewer in its raucous social commentary. Though this is not major film by any reckoning, it will be remembered for its entertaining performances. <br /><br />Even York, signing the papers at the end, is a treat to watch, exuding tragedy silently. The possible weakness here is Thompson's laid-back direction. But the film floats because of the actors and the script.<br /><br />I saw the film twice over a period of 20 years--on both occasions with the name ""Brotherly love"". ""Country dance"" is a rather farcical and inappropriate title for this movie, wherever it was released",positive,2,"16545, 21616","Peter O'Toole is a treat to watch in roles where the lines he speaks are good and offer a chance for him to swagger in drunken stupor. The lovely Susannah York provides a good foil for O'Toole's dramatic presence.<br /><br />The film alludes to incest--without a single explicit scene--but it is able to entertain the viewer in its raucous social commentary. Though this is not major film by any reckoning, it will be remembered for its entertaining performances. <br /><br />Even York, signing the papers at the end, is a treat to watch, exuding tragedy silently. The possible weakness here is Thompson's laid-back direction. But the film floats because of the actors and the script.<br /><br />I saw the film twice over a period of 20 years--on both occasions with the name ""Brotherly love"". ""Country dance"" is a rather farcical and inappropriate title for this movie, wherever it was released as such."
"People, please don't bother to watch this movie! This movie is bad! It's totally waste of time. I don't see any point here. It's a Stupid film with lousy plot and the acting is poor. I rather get myself beaten than watch this movie ever again.",negative,2,"12883, 43530","People, please don't bother to watch this movie! This movie is bad! It's totally waste of time. I don't see any point here. It's a Stupid film with lousy plot and the acting is poor. I rather get myself beaten than watch this movie ever again."
"One of Disney's best films that I can enjoy watching often. you may easily guess the outcome, but who cares? its just plain fun escape for 1 hour forty-two minutes. and after all wasn't movies meant to get away from reality for just a short time anyway? The cast sparkles with delight. -magictrain",positive,2,"23104, 48383","One of Disney's best films that I can enjoy watching often. you may easily guess the outcome, but who cares? its just plain fun escape for 1 hour forty-two minutes. and after all wasn't movies meant to get away from reality for just a short time anyway? The cast sparkles with delight. -magictrain"
"Once big action star who fell off the face of the earth ends up in a small town with a problem with drug dealers and a dead body of a federal agent. Reuniting with some former co-stars to clean up the town.<br /><br />Low key, often to the point of blandness, ""action"" comedy mostly just doesn't work. Part of the problem is the casting Chris Klien as a former action hero. he's not bad, but he's really not believable as some one who was taken to be a tough guy. As I said he's not bad, he's just just miscast for what his back story is. The real problem here is the combination of the script, which really isn't funny and seems artificial at times, and the direction which is pedestrian to the port of dullness. There is no life in the way things are set up. Its as if",negative,2,"30457, 40058","Once big action star who fell off the face of the earth ends up in a small town with a problem with drug dealers and a dead body of a federal agent. Reuniting with some former co-stars to clean up the town.<br /><br />Low key, often to the point of blandness, ""action"" comedy mostly just doesn't work. Part of the problem is the casting Chris Klien as a former action hero. he's not bad, but he's really not believable as some one who was taken to be a tough guy. As I said he's not bad, he's just just miscast for what his back story is. The real problem here is the combination of the script, which really isn't funny and seems artificial at times, and the direction which is pedestrian to the port of dullness. There is no life in the way things are set up. Its as if the director had a list of shots and went by that list. It makes for an un-engaging film. And yet the film occasionally springs to life, such as the in the final show down that ends the film. That sequence works, but because the earlier parts of the film floundered its drained of much of its power.<br /><br />I can't really recommend the film. Its worth a shot if you're a fan of the actors or are a huge fan of independent cinema in all its forms, but otherwise this is just a disappointment."
"Okay, you have:<br /><br />Penelope Keith as Miss Herringbone-Tweed, B.B.E. (Backbone of England.) She's killed off in the first scene - that's right, folks; this show has no backbone!<br /><br />Peter O'Toole as Ol' Colonel Cricket from The First War and now the emblazered Lord of the Manor.<br /><br />Joanna Lumley as the ensweatered Lady of the Manor, 20 years younger than the colonel and 20 years past her own prime but still glamourous (Brit spelling, not mine) enough to have a toy-boy on the side. It's alright, they have Col. Cricket's full knowledge and consent (they guy even comes 'round for Christmas!) Still, she's considerate of the colonel enough to have said toy-boy her own age (what a gal!)<br /><br />David McCallum as said toy-boy, equally as pointlessly glamourous as his squeeze. Pilcher couldn't come up with any cover for him within the story, so she gave him a",negative,2,"32511, 33486","Okay, you have:<br /><br />Penelope Keith as Miss Herringbone-Tweed, B.B.E. (Backbone of England.) She's killed off in the first scene - that's right, folks; this show has no backbone!<br /><br />Peter O'Toole as Ol' Colonel Cricket from The First War and now the emblazered Lord of the Manor.<br /><br />Joanna Lumley as the ensweatered Lady of the Manor, 20 years younger than the colonel and 20 years past her own prime but still glamourous (Brit spelling, not mine) enough to have a toy-boy on the side. It's alright, they have Col. Cricket's full knowledge and consent (they guy even comes 'round for Christmas!) Still, she's considerate of the colonel enough to have said toy-boy her own age (what a gal!)<br /><br />David McCallum as said toy-boy, equally as pointlessly glamourous as his squeeze. Pilcher couldn't come up with any cover for him within the story, so she gave him a hush-hush job at the Circus.<br /><br />and finally:<br /><br />Susan Hampshire as Miss Polonia Teacups, Venerable Headmistress of the Venerable Girls' Boarding-School, serving tea in her office with a dash of deep, poignant advice for life in the outside world just before graduation. Her best bit of advice: ""I've only been to Nancherrow (the local Stately Home of England) once. I thought it was very beautiful but, somehow, not part of the real world."" Well, we can't say they didn't warn us.<br /><br />Ah, Susan - time was, your character would have been running the whole show. They don't write 'em like that any more. Our loss, not yours.<br /><br />So - with a cast and setting like this, you have the re-makings of ""Brideshead Revisited,"" right?<br /><br />Wrong! They took these 1-dimensional supporting roles because they paid so well. After all, acting is one of the oldest temp-jobs there is (YOU name another!)<br /><br />First warning sign: lots and lots of backlighting. They get around it by shooting outdoors - ""hey, it's just the sunlight!""<br /><br />Second warning sign: Leading Lady cries a lot. When not crying, her eyes are moist. That's the law of romance novels: Leading Lady is ""dewy-eyed.""<br /><br />Henceforth, Leading Lady shall be known as L.L.<br /><br />Third warning sign: L.L. actually has stars in her eyes when she's in love. Still, I'll give Emily Mortimer an award just for having to act with that spotlight in her eyes (I wonder . did they use contacts?)<br /><br />And lastly, fourth warning sign: no on-screen female character is ""Mrs."" She's either ""Miss"" or ""Lady.""<br /><br />When all was said and done, I still couldn't tell you who was pursuing whom and why. I couldn't even tell you what was said and done.<br /><br />To sum up: they all live through World War II without anything happening to them at all.<br /><br />OK, at the end, L.L. finds she's lost her parents to the Japanese prison camps and baby sis comes home catatonic. Meanwhile (there's always a ""meanwhile,"") some young guy L.L. had a crush on (when, I don't know) comes home from some wartime tough spot and is found living on the street by Lady of the Manor (must be some street if SHE's going to find him there.) Both war casualties are whisked away to recover at Nancherrow (SOMEBODY has to be ""whisked away"" SOMEWHERE in these romance stories!)<br /><br />Great drama."
"Okay, I'll say it. This movie made me laugh so hard that it hurt. This statement may offend some of you who may think that this movie is nothing more than a waste of film. But the thing that most people don't get is that this movie was intended to be bad and cheezy. I mean, did people actually think that a movie about a killer snowman was intended to be a masterpiece? Just look at the ""scary"" hologram on the jacket of the movie and you'll find your answer. Instead, like the original Jack Frost (which I thought was just as funny), this movie turned out to be a side-splitting journey into the depths of corny dialogue, bad one liners and horrible special effects. And it's all made to deliver laughter to us viewers. It certainly worked for me.<br /><br />For example: Anne Tiler (to her troubled husband): What",positive,2,"13445, 19504","Okay, I'll say it. This movie made me laugh so hard that it hurt. This statement may offend some of you who may think that this movie is nothing more than a waste of film. But the thing that most people don't get is that this movie was intended to be bad and cheezy. I mean, did people actually think that a movie about a killer snowman was intended to be a masterpiece? Just look at the ""scary"" hologram on the jacket of the movie and you'll find your answer. Instead, like the original Jack Frost (which I thought was just as funny), this movie turned out to be a side-splitting journey into the depths of corny dialogue, bad one liners and horrible special effects. And it's all made to deliver laughter to us viewers. It certainly worked for me.<br /><br />For example: Anne Tiler (to her troubled husband): What makes you frown so heavily darling?<br /><br />If that chunk of dialogue doesn't make you laugh, then you have serious issues. Who in their right mind would utter those words in real life? Of course, no one because it was meant to sound ridiculous! Just take one viewing of this movie with an open mind and low expectations, and hopefully you'll see what's so damn funny about Jack Frost 2."
"Okay , so this wasnt what I was expecting. I rented this film just to see how it would be since I want to see the first one anyway. But , this film had B-movie all over it. But when I watched it I realized that it was very funny. For the first 30 minutes It was just how the snowman was kiiling people and one man losing his sanity. But , those first few minutes had some funny one liners in it. When He throws up the first of his little minions I knew this would be very very funny. They all act like the gremlins in the ninteen eighty four hit gremlins that it made it look like it was spoofing it and made me forget it was a B-movie. So if you like to laugh rent this one.",positive,2,"28335, 28346","Okay , so this wasnt what I was expecting. I rented this film just to see how it would be since I want to see the first one anyway. But , this film had B-movie all over it. But when I watched it I realized that it was very funny. For the first 30 minutes It was just how the snowman was kiiling people and one man losing his sanity. But , those first few minutes had some funny one liners in it. When He throws up the first of his little minions I knew this would be very very funny. They all act like the gremlins in the ninteen eighty four hit gremlins that it made it look like it was spoofing it and made me forget it was a B-movie. So if you like to laugh rent this one."
"Oh my... bad clothing, worse synth music and the worst: David Hasselhoff. The 80's are back with vengeance in Witchery, an American-Italian co-production, helmed by infamous Joe 'D'Amato on the production side and short-careered director (thank heavens for small miracles) Fabrizio Laurenti directing . Marketed as a kind of sequel to Sam Raimi's Evil Dead series in Italy (that was dubbed ""La Casa"" in there), Witchery delivers some modest gore groceries and bad acting.<br /><br />A mix of ghost story, possessions and witchcraft, the film bounces clueless from scene to another without letting some seriously wooden actors and hilarious day and night mix-ups slow it's progress to expectable ending, topped with some serious WTF surprise climax. (I just love the look on her face...) Surprisingly Laurenti manages to gather some suspense and air of malice in few - very few - scenes; unluckily for him, these few glimpses of mild",negative,2,"8898, 44313","Oh my... bad clothing, worse synth music and the worst: David Hasselhoff. The 80's are back with vengeance in Witchery, an American-Italian co-production, helmed by infamous Joe 'D'Amato on the production side and short-careered director (thank heavens for small miracles) Fabrizio Laurenti directing . Marketed as a kind of sequel to Sam Raimi's Evil Dead series in Italy (that was dubbed ""La Casa"" in there), Witchery delivers some modest gore groceries and bad acting.<br /><br />A mix of ghost story, possessions and witchcraft, the film bounces clueless from scene to another without letting some seriously wooden actors and hilarious day and night mix-ups slow it's progress to expectable ending, topped with some serious WTF surprise climax. (I just love the look on her face...) Surprisingly Laurenti manages to gather some suspense and air of malice in few - very few - scenes; unluckily for him, these few glimpses of mild movie magic go down quickly and effectively.<br /><br />The plus sides are experienced, when the gore hits the fan. This department is quite effective and entertaining in that classic latex and red paint style of the 80's Italo-gore, when things were made 100% hand-made and as shockingly and vivid as modest budgets could allow. I could only watch with sadistic glee and few laughters all the over-the-top ways that obnoxious characters (and actors) got mangled and misused, one by one. I only felt sorry for Linda Blair, who apparently haven't been let to try any other than that good old possessed girl / woman role ever in his career, or so it looks like when checking out his filmography.<br /><br />Well, folks - not much more to tell, and even less to tell home about. Don't expect too much when spending some rainy afternoon with this, and probably you'll experience at least some mild fun. It also helps if your rotten little heart pounds in the beat of 80's euro gore horror. And speaking of hearts - every movie that has David Hasselhoff getting skewered by a sizeable metal object and bleeding heavily around the room and corridors, MUST have it's one on the right place.<br /><br />This is my truth - what is yours?"
"Oh God,what an idiotic movie!Incredibly cheap with fake special effects(the creature is played by one guy in lame costume)and stupid plot.All dialogues are unbelievably bad and these actors(HA!HA!HA!)...they're simply ludicrous.For example I have never seen so annoying characters like in this junk(these dumb kids or pregnant woman with his husband and many more).All in all,this is a great entertainment if you're drunk.Avoid it like the plague.Am I drunk?I don't think so...",negative,2,"23338, 27554","Oh God,what an idiotic movie!Incredibly cheap with fake special effects(the creature is played by one guy in lame costume)and stupid plot.All dialogues are unbelievably bad and these actors(HA!HA!HA!)...they're simply ludicrous.For example I have never seen so annoying characters like in this junk(these dumb kids or pregnant woman with his husband and many more).All in all,this is a great entertainment if you're drunk.Avoid it like the plague.Am I drunk?I don't think so..."
"Of all the films I have seen, this one, The Rage, has got to be one of the worst yet. The direction, LOGIC, continuity, changes in plot-script and dialog made me cry out in pain. ""How could ANYONE come up with something so crappy""? Gary Busey is know for his ""B"" movies, but this is a sure ""W"" movie. (W=waste).<br /><br />Take for example: about two dozen FBI & local law officers surround a trailer house with a jeep wagoneer. Inside the jeep is MA and is ""confused"" as to why all the cops are about. Within seconds a huge gun battle ensues, MA being killed straight off. The cops blast away at the jeep with gary and company blasting away at them. The cops fall like dominoes and the jeep with Gary drives around in circles and are not hit by one single bullet/pellet. MA is killed and gary",negative,2,"42, 25088","Of all the films I have seen, this one, The Rage, has got to be one of the worst yet. The direction, LOGIC, continuity, changes in plot-script and dialog made me cry out in pain. ""How could ANYONE come up with something so crappy""? Gary Busey is know for his ""B"" movies, but this is a sure ""W"" movie. (W=waste).<br /><br />Take for example: about two dozen FBI & local law officers surround a trailer house with a jeep wagoneer. Inside the jeep is MA and is ""confused"" as to why all the cops are about. Within seconds a huge gun battle ensues, MA being killed straight off. The cops blast away at the jeep with gary and company blasting away at them. The cops fall like dominoes and the jeep with Gary drives around in circles and are not hit by one single bullet/pellet. MA is killed and gary seems to not to have noticed-damn that guy is tough. Truly a miracle, not since the six-shooter held 300 bullets has there been such a miracle."
"OK, so this film is well acted. It has good direction but the simple fact is that it undermines what all gay and lesbian people have been fighting for all these years. The straight man ""deciding to be gay"" and the gay man ""Deciding to be straight"" I did enjoy it up until the last 20 minutes, after that i got really offended. As what usually happens in these films the straight actors play the main parts and the out gay actors play the secondary straight roles. The leads are played by handsome men but don't let that distract you from the fact that this is a a film that leaves you feeling unfulfilled. All the romance and relationships you hope would happen do not. Unless you are a priest that is in which case god bless straight woman who cure our homos.",negative,2,"15794, 42745","OK, so this film is well acted. It has good direction but the simple fact is that it undermines what all gay and lesbian people have been fighting for all these years. The straight man ""deciding to be gay"" and the gay man ""Deciding to be straight"" I did enjoy it up until the last 20 minutes, after that i got really offended. As what usually happens in these films the straight actors play the main parts and the out gay actors play the secondary straight roles. The leads are played by handsome men but don't let that distract you from the fact that this is a a film that leaves you feeling unfulfilled. All the romance and relationships you hope would happen do not. Unless you are a priest that is in which case god bless straight woman who cure our homos."
"Not only was this movie better than all the final season of H:LOTS. But it was better than any movie made for TV I have ever seen!<br /><br />Looking at the ""Top 250"" I see that only one small screen movie has made it: How the Grinch Stole Christmas. I think it is time to increase that group to 2.<br /><br />I will admit that the original series had several shows that were better than this, but I didn't mind. I just LOVED being able to enter the world of the Baltimore Homicide Squad again!",positive,2,"24805, 42263","Not only was this movie better than all the final season of H:LOTS. But it was better than any movie made for TV I have ever seen!<br /><br />Looking at the ""Top 250"" I see that only one small screen movie has made it: How the Grinch Stole Christmas. I think it is time to increase that group to 2.<br /><br />I will admit that the original series had several shows that were better than this, but I didn't mind. I just LOVED being able to enter the world of the Baltimore Homicide Squad again!"
"No spoilers here but I have been a fan since Waking the Dead started but the last series, of which only 3 have been on so far is awful. The stories bear no resemblance to the original idea of the series. I found these 3 in the last series jaw droppingly ludicrous. As a BBC licence payer, after the show I rang BBC complaints to pass on my disappointment. I'm amazed that actors of the calibre of Trevor Eve and Sue Johnstone didn't object to the story lines. These actors have been with these characters for 8 seasons, surly they can see it's lost all direction. It's a good job it is the last series or the next series may start with the team investigating the death of Father Christmas!<br /><br />Paul Bentley, West Yorkshire, England.",negative,2,"24642, 28033","No spoilers here but I have been a fan since Waking the Dead started but the last series, of which only 3 have been on so far is awful. The stories bear no resemblance to the original idea of the series. I found these 3 in the last series jaw droppingly ludicrous. As a BBC licence payer, after the show I rang BBC complaints to pass on my disappointment. I'm amazed that actors of the calibre of Trevor Eve and Sue Johnstone didn't object to the story lines. These actors have been with these characters for 8 seasons, surly they can see it's lost all direction. It's a good job it is the last series or the next series may start with the team investigating the death of Father Christmas!<br /><br />Paul Bentley, West Yorkshire, England."
"No redeeming features, this film is rubbish. Its jokes don't begin to be funny. The humour for children is pathetic, and the attempts to appeal to adults just add a tacky smuttishness to the whole miserable package. Sitting through it with my children just made me uncomfortable about what might be coming next. I couldn't enjoy the film at all. Although my child for whom the DVD was bought enjoyed the fact that she owned a new DVD, neither she nor her sisters expressed much interest in seeing it again, unlike with Monsters inc, Finding Nemo, Jungle Book, Lion King, etc. which all get frequent requests for replays.",negative,2,"23727, 47426","No redeeming features, this film is rubbish. Its jokes don't begin to be funny. The humour for children is pathetic, and the attempts to appeal to adults just add a tacky smuttishness to the whole miserable package. Sitting through it with my children just made me uncomfortable about what might be coming next. I couldn't enjoy the film at all. Although my child for whom the DVD was bought enjoyed the fact that she owned a new DVD, neither she nor her sisters expressed much interest in seeing it again, unlike with Monsters inc, Finding Nemo, Jungle Book, Lion King, etc. which all get frequent requests for replays."
"No one would ever question that director Leos Carax is a genius, but what we wonder about is: is he an insane genius? So many people hated this film! I am normally the first person to accuse many French directors of making offensive, boring, disgusting and pretentious films (such as the horrible recent film 'L'Enfant' and the pointless and offensive 'Feux Rouges'). But strangely enough, I actually think that 'Pola X' is an amazing film, made with great skill and passion by a master of his craft, and containing remarkable performances. The film does carry melodrama to more extreme lengths than I believe I have ever seen on screen before. But then, Carax is extreme, that we know. The film also contains what I consider way over-the-top Trotskyite or Anarchist fantasies and wet-dreams, what with a mysterious group of young men training to fire machine guns at the bourgeoisie in",positive,2,"22721, 35650","No one would ever question that director Leos Carax is a genius, but what we wonder about is: is he an insane genius? So many people hated this film! I am normally the first person to accuse many French directors of making offensive, boring, disgusting and pretentious films (such as the horrible recent film 'L'Enfant' and the pointless and offensive 'Feux Rouges'). But strangely enough, I actually think that 'Pola X' is an amazing film, made with great skill and passion by a master of his craft, and containing remarkable performances. The film does carry melodrama to more extreme lengths than I believe I have ever seen on screen before. But then, Carax is extreme, that we know. The film also contains what I consider way over-the-top Trotskyite or Anarchist fantasies and wet-dreams, what with a mysterious group of young men training to fire machine guns at the bourgeoisie in between playing Scott Walker's rather fascinating music in a band which has its recording sessions in an abandoned warehouse filled with squatters and fires burning in old steel barrels. Guillaume Depardieu plays a rich young man in a château (whose step-mother is Catherine Deneuve, and he wanders into her bathroom while she is naked in the bath, by the way). But he suddenly 'snaps' completely when he discovers that his deceased father, a famous diplomat, had fathered an illegitimate daughter who had been effectively disposed of by Deneuve as an inconvenience. This is because the sister suddenly turns up as a kind of Romanian refugee with wild dishevelled hair, expressionless face, and little ability to speak French coherently. Depardieu then transforms himself into a 'class hero' of the far left and wants to kill or destroy his family for their hypocrisy and corruption, and lives in squalor and extreme poverty, while scorning a vast inheritance. He then commences an incestuous sexual relationship with his half-sister, which is shown in an explicit sex scene which has offended many people, though I have no objection to it, as I think people are far too hysterical about sex, especially in America, where apparently it never happens. The intensity of the acting and the filming make this unlikely scenario come off as an experience of powerful, if depressing, hyper-melodrama. The differences between Carax making an extreme film like this and the numerous extreme French films which I think are pretentious and disgusting are (1) that Carax is an excellent filmmaker, and (2) he is seriously attempting to explore a meaningful, if harrowing, extreme emotional condition, whereby a human being disintegrates and turns against his background. Many would say that the extreme elements in this film were gratuitous, but I don't agree. I believe Carax was genuine, and was not making an exploitation picture at all. It is very difficult to defend a man who goes that far and who, for all I know, may be a complete madman, but I believe he deserves defending for this remarkable cinematic achievement."
"There are plenty of comments already posted saying exactly how I felt about this film so Ill keep it short.<br /><br />""The Grinch"" I thought was marvellous - Jim Carrey is a truly talented, physical comedian as well as being a versatile clever actor (in my opinion). Mike Myers on the other hand gets his laughs by being annoying. I used to like him very much in his ""Waynes World"" and ""So I Married an Axe Murderer"" days - but Ive never been fond of Austin Powers and ""the Cat In The Hat"" has just finished me off. <br /><br />This film was horrible - the gags were horrible! inappropriate for children not only in adult content but in the fact that some of them were so dated they havent amused anyone for 50 years! The plot was messy, messy, messy! Its a shame really because the children were very",negative,2,"1314, 7222","There are plenty of comments already posted saying exactly how I felt about this film so Ill keep it short.<br /><br />""The Grinch"" I thought was marvellous - Jim Carrey is a truly talented, physical comedian as well as being a versatile clever actor (in my opinion). Mike Myers on the other hand gets his laughs by being annoying. I used to like him very much in his ""Waynes World"" and ""So I Married an Axe Murderer"" days - but Ive never been fond of Austin Powers and ""the Cat In The Hat"" has just finished me off. <br /><br />This film was horrible - the gags were horrible! inappropriate for children not only in adult content but in the fact that some of them were so dated they havent amused anyone for 50 years! The plot was messy, messy, messy! Its a shame really because the children were very likeable as was ""Mom"". They probably could have picked a better villain than Alec Baldwin - but he could have pulled it off if it weren't for Myers ugly, revolting over-acted portrayal of the Cat.<br /><br />I mean - did Myers even glance at a script? Was one written? The other actors seemed to have one - but the Cat just seemed to be winging it!<br /><br />On the other hand I would like to mention that the sets and props were marvellous!!! But unfortunately they cant save this film.<br /><br />Poor Dr Seuss - the man was a genius! Dont ruin his reputation by adapting his work in a such a lazy, messy way!!!<br /><br />1/10"
"""Go Fish"" garnered Rose Troche rightly or wrongly the reputation of a film maker with much promise.<br /><br />Its then hard to understand how she could turn out a movie made up of stereotypes that one associates with inferior sitcoms. The entire film rings hollow. I cringed the whole way through.<br /><br />Its supposed to be a look into nineties human sexuality. Well not much more here to be learned than from ""In and Out"". By now most of us actually do know, that there are men who are sexually attracted to women and there men who are sexually attracted to men and there are even men sexually attracted to both sexes. <br /><br />Seldom has this revelation been portrayed on the screen with so little wit and style.<br /><br />Pathetic.",negative,2,"34058, 47467","""Go Fish"" garnered Rose Troche rightly or wrongly the reputation of a film maker with much promise.<br /><br />Its then hard to understand how she could turn out a movie made up of stereotypes that one associates with inferior sitcoms. The entire film rings hollow. I cringed the whole way through.<br /><br />Its supposed to be a look into nineties human sexuality. Well not much more here to be learned than from ""In and Out"". By now most of us actually do know, that there are men who are sexually attracted to women and there men who are sexually attracted to men and there are even men sexually attracted to both sexes. <br /><br />Seldom has this revelation been portrayed on the screen with so little wit and style.<br /><br />Pathetic."
"There is no reason to see this movie. A good plot idea is handled very badly. In the middle of the movie everything changes and from there on nothing makes much sense. The reason for the killings are not made clear. The acting is awful. Nick Stahl obviously needs a better director. He was excellent in In the Bedroom, but here he is terrible. Amber Benson from Buffy, has to change her character someday. Even those of you who enjoy gratuitous sex and violence will be disappointed. Even though the movie was 80 minutes, which is too short for a good movie (but too long for this one),there are no deleted scenes in the DVD which means they never bothered to fill in the missing parts to the characters.<br /><br />Don't spend the time on this one.",negative,2,"19911, 38836","There is no reason to see this movie. A good plot idea is handled very badly. In the middle of the movie everything changes and from there on nothing makes much sense. The reason for the killings are not made clear. The acting is awful. Nick Stahl obviously needs a better director. He was excellent in In the Bedroom, but here he is terrible. Amber Benson from Buffy, has to change her character someday. Even those of you who enjoy gratuitous sex and violence will be disappointed. Even though the movie was 80 minutes, which is too short for a good movie (but too long for this one),there are no deleted scenes in the DVD which means they never bothered to fill in the missing parts to the characters.<br /><br />Don't spend the time on this one."
"Well, the artyfartyrati of Cannes may have liked this film but not me I am afraid. If you like the type of film where shots linger for so long that you wonder whether the actor has fallen asleep or the cameraman gone for lunch then it may be for you. A large part of it is like this with short sojourns into the realm of unpleasantness. I did not find it shocking nor disturbing as some other reviewers have - simply a little distasteful and pointless. The only reason I did not give this one star is that the acting is commendable ans the film is fairly well shot. The plot, however, has little to recommend. A large part of the film just shows a grumpy woman teaching or listening to piano, which might appeal to some people. But lest you think this is harmless enough be prepared for some",negative,2,"6541, 28751","Well, the artyfartyrati of Cannes may have liked this film but not me I am afraid. If you like the type of film where shots linger for so long that you wonder whether the actor has fallen asleep or the cameraman gone for lunch then it may be for you. A large part of it is like this with short sojourns into the realm of unpleasantness. I did not find it shocking nor disturbing as some other reviewers have - simply a little distasteful and pointless. The only reason I did not give this one star is that the acting is commendable ans the film is fairly well shot. The plot, however, has little to recommend. A large part of the film just shows a grumpy woman teaching or listening to piano, which might appeal to some people. But lest you think this is harmless enough be prepared for some snatches of pornography and sexual violence just to wake you up with a bad taste in your mouth. Not recommended."
"When my own child is begging me to leave the opening show of this film, I know it is bad. I wanted to claw my eyes out. I wanted to reach through the screen and slap Mike Myers for sacrificing the last shred of dignity he had. This is one of the few films in my life I have watched and immediately wished to ""unwatch"", if only it were possible. The other films being 'Troll 2' and 'Fast and Furious', both which are better than this crap in the hat.<br /><br />I may drink myself to sleep tonight in a vain attempt to forget I ever witnessed this blasphemy on the good Seuss name.<br /><br />To Mike Myers, I say stick with Austin or even resurrect Waynes World. Just because it worked for Jim Carrey, doesn't mean Seuss is a success for all Canadians.<br /><br />",negative,2,"14569, 43145","When my own child is begging me to leave the opening show of this film, I know it is bad. I wanted to claw my eyes out. I wanted to reach through the screen and slap Mike Myers for sacrificing the last shred of dignity he had. This is one of the few films in my life I have watched and immediately wished to ""unwatch"", if only it were possible. The other films being 'Troll 2' and 'Fast and Furious', both which are better than this crap in the hat.<br /><br />I may drink myself to sleep tonight in a vain attempt to forget I ever witnessed this blasphemy on the good Seuss name.<br /><br />To Mike Myers, I say stick with Austin or even resurrect Waynes World. Just because it worked for Jim Carrey, doesn't mean Seuss is a success for all Canadians.<br /><br />"
"When Melville's ""Pierre; or The Ambiguities"" hit bookstores in 1852, his first publication since ""Moby Dick"" a year earlier, the public response was similar to that found among the IMDB reviews of ""POLA X"". Newspapers even published headlines like: ""Melville Insane!"" which, of course, he wasn't. But, when one compares the writing styles found in ""Moby Dick"" and ""Pierre,"" one finds in the latter a sharp departure from the simple and often declamatory style found in the former. Clearly, he was mimicking the overly florid style of the now-forgotten Victorian Romances that were easily outselling his immortal ""Moby Dick."" He was not content, however, to turn out the sort of product that his publishers wanted, and that surely would have sold. His version of a Victorian romance was a twisted, cynical one, perhaps, but brilliant in its synthesis. The alternate title: ""The ambiguities"" is quite appropriate. As Pierre searches for,",positive,2,"26040, 49695","When Melville's ""Pierre; or The Ambiguities"" hit bookstores in 1852, his first publication since ""Moby Dick"" a year earlier, the public response was similar to that found among the IMDB reviews of ""POLA X"". Newspapers even published headlines like: ""Melville Insane!"" which, of course, he wasn't. But, when one compares the writing styles found in ""Moby Dick"" and ""Pierre,"" one finds in the latter a sharp departure from the simple and often declamatory style found in the former. Clearly, he was mimicking the overly florid style of the now-forgotten Victorian Romances that were easily outselling his immortal ""Moby Dick."" He was not content, however, to turn out the sort of product that his publishers wanted, and that surely would have sold. His version of a Victorian romance was a twisted, cynical one, perhaps, but brilliant in its synthesis. The alternate title: ""The ambiguities"" is quite appropriate. As Pierre searches for, and thinks he finds, truth, we become more and more uncertain what and whom to believe. As he searches for happiness, he becomes more and more miserable.<br /><br />""POLA X"" is a fascinating adaptation of this novel, set in modern or nearly modern France. Though, in some ways, it leaves little to the imagination, and shows us graphically the incestuous relations that Melville could only hint at, the ambiguities which make the novel and its message so alluring are perfectly in tact. The questions it raises are ones that few films have thought to ask, yet the answers are left to the viewer.<br /><br />I recommend a reading of the novel, which is much shorter than ""Moby Dick,"" before seeing this movie. I hope more people discover this tantalizing film."
"When I first saw this film it was not an impressive one. Now that I have seen it again with some friends on DVD ( they had not viewed it on the silver screen ), my opinion remains the same. The subject matter is puerile and the performances are weak.",negative,2,"22683, 39822","When I first saw this film it was not an impressive one. Now that I have seen it again with some friends on DVD ( they had not viewed it on the silver screen ), my opinion remains the same. The subject matter is puerile and the performances are weak."
"When I first saw a glimpse of this movie, I quickly noticed the actress who was playing the role of Lucille Ball. Rachel York's portrayal of Lucy is absolutely awful. Lucille Ball was an astounding comedian with incredible talent. To think about a legend like Lucille Ball being portrayed the way she was in the movie is horrendous. I cannot believe out of all the actresses in the world who could play a much better Lucy, the producers decided to get Rachel York. She might be a good actress in other roles but to play the role of Lucille Ball is tough. It is pretty hard to find someone who could resemble Lucille Ball, but they could at least find someone a bit similar in looks and talent. If you noticed York's portrayal of Lucy in episodes of I Love Lucy like the chocolate factory or vitavetavegamin, nothing is similar",negative,2,"18713, 43323","When I first saw a glimpse of this movie, I quickly noticed the actress who was playing the role of Lucille Ball. Rachel York's portrayal of Lucy is absolutely awful. Lucille Ball was an astounding comedian with incredible talent. To think about a legend like Lucille Ball being portrayed the way she was in the movie is horrendous. I cannot believe out of all the actresses in the world who could play a much better Lucy, the producers decided to get Rachel York. She might be a good actress in other roles but to play the role of Lucille Ball is tough. It is pretty hard to find someone who could resemble Lucille Ball, but they could at least find someone a bit similar in looks and talent. If you noticed York's portrayal of Lucy in episodes of I Love Lucy like the chocolate factory or vitavetavegamin, nothing is similar in any way-her expression, voice, or movement.<br /><br />To top it all off, Danny Pino playing Desi Arnaz is horrible. Pino does not qualify to play as Ricky. He's small and skinny, his accent is unreal, and once again, his acting is unbelievable. Although Fred and Ethel were not similar either, they were not as bad as the characters of Lucy and Ricky.<br /><br />Overall, extremely horrible casting and the story is badly told. If people want to understand the real life situation of Lucille Ball, I suggest watching A&E Biography of Lucy and Desi, read the book from Lucille Ball herself, or PBS' American Masters: Finding Lucy. If you want to see a docudrama, ""Before the Laughter"" would be a better choice. The casting of Lucille Ball and Desi Arnaz in ""Before the Laughter"" is much better compared to this. At least, a similar aspect is shown rather than nothing."
"What was an exciting and fairly original series by Fox has degraded down to meandering tripe. During the first season, Dark Angel was on my weekly ""must see"" list, and not just because of Jessica Alba.<br /><br />Unfortunately, the powers-that-be over at Fox decided that they needed to ""fine-tune"" the plotline. Within 3 episodes of the season opener, they had totally lost me as a viewer (not even to see Jessica Alba!). I found the new characters that were added in the second season to be too ridiculous and amateurish. The new plotlines were stretching the continuity and credibility of the show too thin. On one of the second season episodes, they even had Max sleeping and dreaming - where the first season stated she biologically couldn't sleep.<br /><br />The moral of the story (the one that Hollywood never gets): If it works, don't screw with it!<br /><br />azjazz",negative,2,"3982, 41577","What was an exciting and fairly original series by Fox has degraded down to meandering tripe. During the first season, Dark Angel was on my weekly ""must see"" list, and not just because of Jessica Alba.<br /><br />Unfortunately, the powers-that-be over at Fox decided that they needed to ""fine-tune"" the plotline. Within 3 episodes of the season opener, they had totally lost me as a viewer (not even to see Jessica Alba!). I found the new characters that were added in the second season to be too ridiculous and amateurish. The new plotlines were stretching the continuity and credibility of the show too thin. On one of the second season episodes, they even had Max sleeping and dreaming - where the first season stated she biologically couldn't sleep.<br /><br />The moral of the story (the one that Hollywood never gets): If it works, don't screw with it!<br /><br />azjazz"
"What the heck is this about? Kelly (jennifer) seems to drop all moral behavior as soon as she arrives to the island. She finds this Juan P (Manuel) existing and exotic, though she witnessed when he slapped his ex in the face, which he also justify later on in the movie, right or wrong? These two guys are the first to find each other on the island. Kelly are totally lost in every sense and the great Juan P can fish and built a somewhat house. Mr handyman. They seem to have a great time. Then Billy Zane (Jack, Kellys characters husband) shows up and of course, two days without knowing what his wife has been doing whit this gorgeous Juan P, he is a little bit jealous. Billy Z is the stereotype rich guy and maybe not the nicest man in the world. He dislikes Juan P (for hitting",negative,2,"12163, 38519","What the heck is this about? Kelly (jennifer) seems to drop all moral behavior as soon as she arrives to the island. She finds this Juan P (Manuel) existing and exotic, though she witnessed when he slapped his ex in the face, which he also justify later on in the movie, right or wrong? These two guys are the first to find each other on the island. Kelly are totally lost in every sense and the great Juan P can fish and built a somewhat house. Mr handyman. They seem to have a great time. Then Billy Zane (Jack, Kellys characters husband) shows up and of course, two days without knowing what his wife has been doing whit this gorgeous Juan P, he is a little bit jealous. Billy Z is the stereotype rich guy and maybe not the nicest man in the world. He dislikes Juan P (for hitting his girlfriend at the pier, who can blame him? Hes also is arrogant, but he paid loads of money to rent that boat and Juan P who is the waiter/everything cant even fetch him a beer whit in 20 min. Wouldn't you be upset? Yet Billy is probably the guy you want to punch in the face if you meet him. But at the same time, he is, not to be blamed for, suspicious about the scuba goggles Manuel has. Kelly and Billy just lost some dear friends! How convenient he just happens to have them, no matter what!). However, for some strange reason Kelly likes this girl hitting Manuel and starts to hate Billy for being jealous. OK, Billy is overreacting, thats for sure, but Kelly isn't doing much to convince him either. She spends more time with Juan P and even wants him to sleep with them since hes been so nice (and even though Manuel yelled at her and calling her things for asking him some intimate questions. But Kelly is SO forgiving...). Yeah right. And then she starts to have sex with this Juan P. It should be said that Kelly and Billy seems to have a working relationship before this island incident, at least, they have intimate sex on the boat and talks like people do when they like each other. Now, you can think that this scenario is possible. But for real, is it? Are you cheating your husband after two days on a coconut island just because hes jealous and acts like a drunk in the bar? (i wouldn't disagree if there relationship was really bad but the director doesn't give much hints if thats the case). For Christ sake, Juan P hasn't really shown himself being a good person. Catching some fish and built a wood house to get into someones panties, is that showing a good side? Not trying to befriend Kellys husband in anyway (which would be very simple by letting them be alone most of the island-time, simply be respect) He doesn't care about their relationship (and Kelly cant figure that one out), he just want to have sex with Kelly. Kellys character is just not trustworthy (if she was stranded with Billy and another attractive girl, wouldn't she be upset or what?!). Or maybe she is? Billy Zane plays a not very nice person, and Juan P isn't actually much better if you really think about it. And poor Kelly is so confused, and believes having sex with Juan P will solve everything because her husband is so strange and so aggressive towards poor Juan P? So... for all of you who reads this... What do you think about it? If you where the Kelly character, would you consider cheating on your husband, knowing one day you'll be back in real life, and all of a sudden Billys maybe not that horrible person after all. Hes just too jealous. And if you where Billys character, what do you say, is he totally wrong in his behavior? And Juan P character what do you guys really think of him. One thing is for sure. Manuels exist! Ps... The voodoo thing is so totally wrong here! What the heck was that about?! Seriously! Anyone tell me?"
"What can you say about a grainy, poorly filmed 16mm stag film, where the best and most attractive performer is a German Shepherd? Nothing that would be positive. Avoid this travesty at all costs. In any case, it would be difficult to find, since bestiality remains a taboo and illegal subject in the USA. I strongly suggest IMDb to re-visit their weighting formula for establishing ratings, since an 8.8 rating for this piece of fecal matter is absurd! I am, by no means, a prude and have spent many hours enjoying the classic porn movies of the 70's & 80's; but this is inferior product even by the looser standards of the (then illegal) stag loop.",negative,2,"11891, 19544","What can you say about a grainy, poorly filmed 16mm stag film, where the best and most attractive performer is a German Shepherd? Nothing that would be positive. Avoid this travesty at all costs. In any case, it would be difficult to find, since bestiality remains a taboo and illegal subject in the USA. I strongly suggest IMDb to re-visit their weighting formula for establishing ratings, since an 8.8 rating for this piece of fecal matter is absurd! I am, by no means, a prude and have spent many hours enjoying the classic porn movies of the 70's & 80's; but this is inferior product even by the looser standards of the (then illegal) stag loop."
"What can I say? An excellent end to an excellent series! It never quite got the exposure it deserved in Asia, but by far, the best cop show with the best writing and the best cast on televison. EVER! The end of a great era. Sorry to see you go...",positive,2,"20640, 23419","What can I say? An excellent end to an excellent series! It never quite got the exposure it deserved in Asia, but by far, the best cop show with the best writing and the best cast on televison. EVER! The end of a great era. Sorry to see you go..."
"What a shocker. For starters, I couldn't stand the constant screaming and noisy panicking all the time. It didn't make me scared, horrified, or make me sympathetic towards the characters; it was simply annoying. The jerky camera movements were also annoying. The plot was the same as pretty much every other cheap horror. There was a few pathetic attempts to give the characters some depth, but it didn't really work into the rest of the plot. And then there's the ending. I'm still not really sure what to make of it. I guess it was supposed to be clever twist, then shed some light on the situation, but it was just stupid.<br /><br />The case had a couple of those little award winner/nominations symbols on it, so I figured it couldn't be too bad. I was wrong. If you see it, you should probably just leave it on the shelf.",negative,2,"27782, 46277","What a shocker. For starters, I couldn't stand the constant screaming and noisy panicking all the time. It didn't make me scared, horrified, or make me sympathetic towards the characters; it was simply annoying. The jerky camera movements were also annoying. The plot was the same as pretty much every other cheap horror. There was a few pathetic attempts to give the characters some depth, but it didn't really work into the rest of the plot. And then there's the ending. I'm still not really sure what to make of it. I guess it was supposed to be clever twist, then shed some light on the situation, but it was just stupid.<br /><br />The case had a couple of those little award winner/nominations symbols on it, so I figured it couldn't be too bad. I was wrong. If you see it, you should probably just leave it on the shelf."
"What a clunker!<br /><br />It MUST have been made for TV or Cable.<br /><br />Look: forget the screenplay - forget the bunch of forgettable actors. Excuse me? Continuity? The NSA/NIA/whatever or whoever he is (an agent) takes-off in an F16 - is shown in an F18 chucking his guts up and, later, the aircraft shown taxiing is an F4 Phantom! Oooh, wish that I could be so cavalier.<br /><br />Apart from the male actors(!?) The women are WASPS: blue-eyed and long-legged and, eventually, get to cry about the heroes who save them. Even when a solid weld could save most of the cosmo- astro-nauts, the blond drops the welding tool. Duh!<br /><br />As an SF movie one out of ten. As a movie per se: 1/2 (that's a half point). They should have ditched the space station and headed for Mars.<br /><br />Major raspberries.",negative,2,"22994, 30101","What a clunker!<br /><br />It MUST have been made for TV or Cable.<br /><br />Look: forget the screenplay - forget the bunch of forgettable actors. Excuse me? Continuity? The NSA/NIA/whatever or whoever he is (an agent) takes-off in an F16 - is shown in an F18 chucking his guts up and, later, the aircraft shown taxiing is an F4 Phantom! Oooh, wish that I could be so cavalier.<br /><br />Apart from the male actors(!?) The women are WASPS: blue-eyed and long-legged and, eventually, get to cry about the heroes who save them. Even when a solid weld could save most of the cosmo- astro-nauts, the blond drops the welding tool. Duh!<br /><br />As an SF movie one out of ten. As a movie per se: 1/2 (that's a half point). They should have ditched the space station and headed for Mars.<br /><br />Major raspberries."
"Well, the Hero and the Terror is slightly below average in my opinion. Yes, Chuck is a real martial artist and kicks some butt in this film but it is rather slow and the acting in my opinion is for the most part subpar although I think Steve James does a decent job. Like my friend Ryan, I was confused as to why the psychopath chose to go to the theatre at the end of the film rather than to go after Norris's girlfriend. Until than, the killer had only killed women. Oh, well, I guess it wasn't as predictable as I thought. Definitly a film you can pass on.",negative,2,"17416, 32183","Well, the Hero and the Terror is slightly below average in my opinion. Yes, Chuck is a real martial artist and kicks some butt in this film but it is rather slow and the acting in my opinion is for the most part subpar although I think Steve James does a decent job. Like my friend Ryan, I was confused as to why the psychopath chose to go to the theatre at the end of the film rather than to go after Norris's girlfriend. Until than, the killer had only killed women. Oh, well, I guess it wasn't as predictable as I thought. Definitly a film you can pass on."
"While there aren't any talking animals, big lavish song production numbers, or villians with half white / half black hair ... it does have 1 thing ... realistic people acting normally in a strange circumstance, and Walt & Roy did in their eras with the studio. If you thought think ""The Castaways"" or ""The Island At The Top Of The World"" weren't identical, or you hold them to a higher authority than Atlantis, then your idealism is just as whacked as keeping your kids up till midnight to watch a friggin' cartoon.",positive,2,"2160, 21867","While there aren't any talking animals, big lavish song production numbers, or villians with half white / half black hair ... it does have 1 thing ... realistic people acting normally in a strange circumstance, and Walt & Roy did in their eras with the studio. If you thought think ""The Castaways"" or ""The Island At The Top Of The World"" weren't identical, or you hold them to a higher authority than Atlantis, then your idealism is just as whacked as keeping your kids up till midnight to watch a friggin' cartoon."
"Well the previews looked funny and I usually don't go to movies on opening night especially with my kids because ......well you never know. Here is a movie that doesn't appeal either to children or adults as the jokes are too perverse for children and falls completely flat for entertainment purposes for adults. I was actually embarrassed to be with my 9 and 6 year old and having to explain to my 6 year old what S H * T spells. Essentially what happens here is a total twisting of Dr. Seuss's classic. It adds an evil and lazy neighbor who wants to marry the children's mother for her money. If that was a subplot, then maybe that would have been fine but it ends up being the major plot around the whole movie and ""the cat"" plays more of a subplot role in exposing the neighbor to the mom",negative,2,"9762, 38905","Well the previews looked funny and I usually don't go to movies on opening night especially with my kids because ......well you never know. Here is a movie that doesn't appeal either to children or adults as the jokes are too perverse for children and falls completely flat for entertainment purposes for adults. I was actually embarrassed to be with my 9 and 6 year old and having to explain to my 6 year old what S H * T spells. Essentially what happens here is a total twisting of Dr. Seuss's classic. It adds an evil and lazy neighbor who wants to marry the children's mother for her money. If that was a subplot, then maybe that would have been fine but it ends up being the major plot around the whole movie and ""the cat"" plays more of a subplot role in exposing the neighbor to the mom for who he really is. Take my advice and read the book and pass on the movie."
"Well I guess I know the answer to that question. For the MONEY! We have been so bombarded with Cat In The Hat advertising and merchandise that we almost believe there has to be something good about this movie. I admit, I thought the trailers looked bad, but I still had to give it a chance. Well I should have went with my instincts. It was a complete piece Hollywood trash. Once again proving that the average person can be programed into believing anything they say is good, must be good. Aside from the insulting fact that the film is only about 80 minutes long, it obviously started with a moth eaten script. It's chock full of failed attempts at senseless humor, and awful pastel sceneries. It jumps all over the universe with no destination nor direction. This is then compounded with, ............................yes I'll say it, BAD ACTING! I couldn't",negative,2,"7190, 30301","Well I guess I know the answer to that question. For the MONEY! We have been so bombarded with Cat In The Hat advertising and merchandise that we almost believe there has to be something good about this movie. I admit, I thought the trailers looked bad, but I still had to give it a chance. Well I should have went with my instincts. It was a complete piece Hollywood trash. Once again proving that the average person can be programed into believing anything they say is good, must be good. Aside from the insulting fact that the film is only about 80 minutes long, it obviously started with a moth eaten script. It's chock full of failed attempts at senseless humor, and awful pastel sceneries. It jumps all over the universe with no destination nor direction. This is then compounded with, ............................yes I'll say it, BAD ACTING! I couldn't help but feel like I was watching ""Coffee Talk"" on SNL every time Mike Myers opened his mouth. Was the Cat intended to be a middle aged Jewish woman? Spencer Breslin and Dakota Fanning were no prize either, but Mr. Myers should disappear under a rock somewhere until he's ready to make another Austin Powers movie. F-, no stars, 0 on a scale of 1-10. Save your money!"
"We were excited to rent this one after reading a few reviews and seeing that it scored so highly here. Well, we got it home and could not believe what we saw. Its basically comes off as if its written by some hard up perverted old guy who could not help inserting his sexual frustrations and fantasies into an anime film that really lacks in plot and humor. The main character is all over the place... one moment, he is like an immature little kid, the next moment he is mature and intelligent, then heroic, then a perverted stalker.<br /><br />The worst part is all of the out of place sexual content. I have no problem with sex and dig a movie that has some good sexual energy, but this is just presented in a way that is creepy. Nipple slips, close ups of a girls crotch (many times) in",negative,2,"19149, 41821","We were excited to rent this one after reading a few reviews and seeing that it scored so highly here. Well, we got it home and could not believe what we saw. Its basically comes off as if its written by some hard up perverted old guy who could not help inserting his sexual frustrations and fantasies into an anime film that really lacks in plot and humor. The main character is all over the place... one moment, he is like an immature little kid, the next moment he is mature and intelligent, then heroic, then a perverted stalker.<br /><br />The worst part is all of the out of place sexual content. I have no problem with sex and dig a movie that has some good sexual energy, but this is just presented in a way that is creepy. Nipple slips, close ups of a girls crotch (many times) in white panties, or a swimsuit. It was totally out of place and it seemed as if the person who wrote it was trying to live out some fantasies through his cartoon characters. <br /><br />We were expecting something of a mature nature, but we just kept looking at each other and asking what the heck the point of this was... besides jiggling cartoon boobs and poor dialogue. If you want to see some cartoon characters cleavage and crotch's... this is for you. If you are looking for something beyond that, this movie was empty. The characters and dialogue were just plain irritating.<br /><br />"
"We start all of our reviews with the following information. My wife and I have seen nearly 100 movies per year for the past 15 years. Recently, we were honored by receiving lifetime movie passes to any movie any time at no cost! So we can see whatever we want whenever we want. The point of this is that CRITICS count for ZERO. Your local critics or the national critics like Ebert are really no different than you or me. The only difference is that they get to write about the movie and are forced to see hundreds of movies whether they want to or not.Therefore, it is our belief that if you get your monies worth for two hours of enjoyment that is good enough for us! We NEVER EVER listen or read the critics. We only care about our friends and those who we know like the same",positive,2,"20545, 42400","We start all of our reviews with the following information. My wife and I have seen nearly 100 movies per year for the past 15 years. Recently, we were honored by receiving lifetime movie passes to any movie any time at no cost! So we can see whatever we want whenever we want. The point of this is that CRITICS count for ZERO. Your local critics or the national critics like Ebert are really no different than you or me. The only difference is that they get to write about the movie and are forced to see hundreds of movies whether they want to or not.Therefore, it is our belief that if you get your monies worth for two hours of enjoyment that is good enough for us! We NEVER EVER listen or read the critics. We only care about our friends and those who we know like the same things as us. Well enough about that.<br /><br />This movie is very good. not just good but very good. The critics are a bunch of morons. Just because there is nudity and language they hated it. It was worth the price of ticket and that is all you can ask for. Is that not right? Every movie cannot be an academy award nominee. Sharon stone is gorgeous and does a great job in the movie and it mystifies me as to what in the hell the critics want"
"We brought this film as a joke for a friend, and could of been our worst joke to play. The film is barely watchable, and the acting is dire. The worst child actor ever used and Hasslehoff giving a substandard performance. The plot is disgraceful and at points we was so bored we was wondering what the hell was going on. It tries to be gruesome in places but is just laughable.<br /><br />Just terrible",negative,2,"84, 44392","We brought this film as a joke for a friend, and could of been our worst joke to play. The film is barely watchable, and the acting is dire. The worst child actor ever used and Hasslehoff giving a substandard performance. The plot is disgraceful and at points we was so bored we was wondering what the hell was going on. It tries to be gruesome in places but is just laughable.<br /><br />Just terrible"
"Walker Texas Ranger is one of the worst shows produced in the past 10 years. The script for James 'Jimmy' Trivette, Walker's sidekick, is about as pathetically written of a part as Wesley Crusher on Star Trek TNG, and is played with about as much conviction.<br /><br />On this show, people don't respond the way people respond to things in real life--everyone is polarized--everyone is either a completely good guy or a completely bad guy (unless Walker himself has a 2 minute talk with them and then they change instantly). That's not how life works, that's not how people are. This show doesn't take place in this reality.<br /><br />The plot lines are about as realistic as Murder She Wrote, a show where an arrogant old lady can just walk into people's houses without them getting angry, and she can demand that police officers do what she wants and they",negative,2,"24189, 39798","Walker Texas Ranger is one of the worst shows produced in the past 10 years. The script for James 'Jimmy' Trivette, Walker's sidekick, is about as pathetically written of a part as Wesley Crusher on Star Trek TNG, and is played with about as much conviction.<br /><br />On this show, people don't respond the way people respond to things in real life--everyone is polarized--everyone is either a completely good guy or a completely bad guy (unless Walker himself has a 2 minute talk with them and then they change instantly). That's not how life works, that's not how people are. This show doesn't take place in this reality.<br /><br />The plot lines are about as realistic as Murder She Wrote, a show where an arrogant old lady can just walk into people's houses without them getting angry, and she can demand that police officers do what she wants and they bend over backwards for her. With Walker, everyone on the show, including the ""bad guys"", act like he's the sort of hero that myths and fairy tales are made of, and time itself bends to his whim. The lines that sometimes come out of people's mouths on this show are beyond ridiculous. It's as if the scriptwriter for the part of Wesley Crusher (for the ""serious"" parts) and the scriptwriter for Bob Saget's funniest home videos (for the ""humor"" parts) got together and wrote all the scripts for this show.<br /><br />This show is for people who think that good always prevails over evil. It's for the elderly. It's for wishful thinkers. It's for people who want to be guaranteed to always have a happy ending. It's for people who want to drift away into oblivion. It's for people whose drug of choice is their television.<br /><br />I cringe every time I see even a commercial for this show. My opinion is that it is THE worst show to be on television in the last 10 years.<br /><br />I used to like Chuck Norris, but this show has forever tainted him in my mind. I can't even watch his older movies without thinking of this show."
"Tyra Banks needs to teach these girls that it's not all about being beautiful on the outside. The inside counts for something too. A lot of the past winners have looked semi decent but are horribly cruel and starting trouble for the other girls. I see Tyra less involved with the girls in every season. About the only thing worth watching Top Model for is Mr. Jay Manuel. Recently, Tyra had a contestant who was a pre-op transsexual. I felt that she should have done more to encourage her. It was obvious that she had insecurities about her original anatomy showing through her feminine look. Tyra should have given her tips or perhaps she could have sent resident Trannie Ms. Jay to help the girl out. Instead, the contestant was met with harsh criticism and not enough positive criticism. It's a shame because I truly enjoyed the first 3 seasons.",negative,2,"42546, 45234","Tyra Banks needs to teach these girls that it's not all about being beautiful on the outside. The inside counts for something too. A lot of the past winners have looked semi decent but are horribly cruel and starting trouble for the other girls. I see Tyra less involved with the girls in every season. About the only thing worth watching Top Model for is Mr. Jay Manuel. Recently, Tyra had a contestant who was a pre-op transsexual. I felt that she should have done more to encourage her. It was obvious that she had insecurities about her original anatomy showing through her feminine look. Tyra should have given her tips or perhaps she could have sent resident Trannie Ms. Jay to help the girl out. Instead, the contestant was met with harsh criticism and not enough positive criticism. It's a shame because I truly enjoyed the first 3 seasons. There's a reason why Project Runway has all 4 seasons out on DVD and Top Model only has 1 season on DVD. It's called taste. Top Model seriously needs a lot of revamping an some more humanity."
"Tyra & the rest of the modeling world needs to know that real women like myself and my daughter don't care to see all the ridiculous modeling to sell something. Weird locations, too much makeup & too much skin is not necessary. Sex does not always sell when you are selling to women. The same goes for the horse stomping runway walk that looks unnatural. People come in all shapes & sizes & they need to have that on the show. My daughter has a 36"" inseam, is tall & slender & a size 5, I am more average at a size 12. We would like to see both- I can not picture how something would look on me when a size 2 is wearing it, it will not fit the same way on me. I do not buy magazines anymore because they are one sided on this matter. We",negative,2,"6812, 17859","Tyra & the rest of the modeling world needs to know that real women like myself and my daughter don't care to see all the ridiculous modeling to sell something. Weird locations, too much makeup & too much skin is not necessary. Sex does not always sell when you are selling to women. The same goes for the horse stomping runway walk that looks unnatural. People come in all shapes & sizes & they need to have that on the show. My daughter has a 36"" inseam, is tall & slender & a size 5, I am more average at a size 12. We would like to see both- I can not picture how something would look on me when a size 2 is wearing it, it will not fit the same way on me. I do not buy magazines anymore because they are one sided on this matter. We would really love the show to consider women of all sizes. Thank you."
"Too bad, I really like Kristen Cloke and Gary Busey. But the director failed to put this together. There's a lot of action, a lot of promise, but it all comes off hokey. The director didn't do his job. Promising action comes off lame. So much seems contrived in a desperate attempt to save the film. This version of ""The Rage"" (DirecTV credits it as 1996) simply isn't worth the time to watch it. Another director would have done a better job.",negative,2,"36648, 45777","Too bad, I really like Kristen Cloke and Gary Busey. But the director failed to put this together. There's a lot of action, a lot of promise, but it all comes off hokey. The director didn't do his job. Promising action comes off lame. So much seems contrived in a desperate attempt to save the film. This version of ""The Rage"" (DirecTV credits it as 1996) simply isn't worth the time to watch it. Another director would have done a better job."
"Time paradoxes are the devil's snare for underemployed minds. They're fun to consider in a 'what if?' sort of way. Film makers and authors have dealt with this time and again in a host of films and television including 'Star Trek: First Contact', the 'Back to the Future' trilogy, 'Bill and Ted's Excellent Adventure', 'Groundhog Day' and the Stargate SG1 homage, 'Window of Opportunity'. Heinlein's 'All You Zombies' was written decades ago and yet it will still spin out people reading that short story for the first time.<br /><br />In the case of Terry Gilliam's excellent film, '12 Monkeys', it's hard to establish what may be continuity problems versus plot elements intended to make us re-think our conception of the film. Repeated viewings will drive us to different conclusions if we retain an open mind.<br /><br />Some, seeing the film for the first time, will regard Cole, played by Bruce",positive,2,"14540, 26342","Time paradoxes are the devil's snare for underemployed minds. They're fun to consider in a 'what if?' sort of way. Film makers and authors have dealt with this time and again in a host of films and television including 'Star Trek: First Contact', the 'Back to the Future' trilogy, 'Bill and Ted's Excellent Adventure', 'Groundhog Day' and the Stargate SG1 homage, 'Window of Opportunity'. Heinlein's 'All You Zombies' was written decades ago and yet it will still spin out people reading that short story for the first time.<br /><br />In the case of Terry Gilliam's excellent film, '12 Monkeys', it's hard to establish what may be continuity problems versus plot elements intended to make us re-think our conception of the film. Repeated viewings will drive us to different conclusions if we retain an open mind.<br /><br />Some, seeing the film for the first time, will regard Cole, played by Bruce Willis, as a schizophrenic. Most will see Cole as a man disturbed by what Adams describes as 'the continual wrenching of experience' visited upon him by time travel.<br /><br />Unlike other time travel stories, '12 Monkeys' is unclear as to whether future history can be changed by manipulating events in the past. Cole tells his psychiatrist, Railly (Madeleine Stowe), that time cannot be changed, but a phone call he makes from the airport is intercepted by scientists AFTER he has been sent back to 1996, in his own personal time-line.<br /><br />Even this could be construed as an event that had to happen in a single time-line universe, in order to ensure that the time-line is not altered...Cole has to die before the eyes of his younger self for fate to be realized. If that's the case, time is like a fluid, it always finds its own level or path, irrespective of the external forces working on it. It boggles the mind to dwell on this sort of thing too much.<br /><br />If you can change future events that then guide the actions of those with the power to send people back in time, as we see on board the plane at the end of the film, then that means the future CAN be changed by manipulating past events...or does it? The film has probably led to plenty of drunken brawls at bars frequented by physicists and mathematicians"
"Where to Begin, I like the scary snow-monster named Jack Frost. The whole concept works well for me, we thought he'd be back and he was. Changing the local to a tropical resort works. Seeing old friends and meeting new characters. Scott MacDonald does a great job as Jack Frost, you can tell when an actor has fun playing a villain, you can see it or in this case hear it in the performance. Yup, Jack Frost 2 is a welcomed sequel that is better then the first. I do have one complaint, the little Jacks or the Jacklings as I call them. They looked like hand puppets. I think they could have done a better job with the Jacklings, the mouth could have opened wider, but the CGI was good and as a whole the whole movie is worth watching over and over again. If you liked JACK FROST,",positive,2,"29063, 37456","Where to Begin, I like the scary snow-monster named Jack Frost. The whole concept works well for me, we thought he'd be back and he was. Changing the local to a tropical resort works. Seeing old friends and meeting new characters. Scott MacDonald does a great job as Jack Frost, you can tell when an actor has fun playing a villain, you can see it or in this case hear it in the performance. Yup, Jack Frost 2 is a welcomed sequel that is better then the first. I do have one complaint, the little Jacks or the Jacklings as I call them. They looked like hand puppets. I think they could have done a better job with the Jacklings, the mouth could have opened wider, but the CGI was good and as a whole the whole movie is worth watching over and over again. If you liked JACK FROST, then you will like this sequel. No questions or debate, 9 BIG STARS."
"Whoever wrote the screenplay for this movie obviously never consulted any books about Lucille Ball, especially her autobiography. I've never seen so many mistakes in a biopic, ranging from her early years in Celoron and Jamestown to her later years with Desi. I could write a whole list of factual errors, but it would go on for pages. In all, I believe that Lucille Ball is one of those inimitable people who simply cannot be portrayed by anyone other than themselves. If I were Lucie Arnaz and Desi, Jr., I would be irate at how many mistakes were made in this film. The filmmakers tried hard, but the movie seems awfully sloppy to me.",negative,2,"12845, 36952","Whoever wrote the screenplay for this movie obviously never consulted any books about Lucille Ball, especially her autobiography. I've never seen so many mistakes in a biopic, ranging from her early years in Celoron and Jamestown to her later years with Desi. I could write a whole list of factual errors, but it would go on for pages. In all, I believe that Lucille Ball is one of those inimitable people who simply cannot be portrayed by anyone other than themselves. If I were Lucie Arnaz and Desi, Jr., I would be irate at how many mistakes were made in this film. The filmmakers tried hard, but the movie seems awfully sloppy to me."
"It's been a long time since I last saw a movie this bad.. The acting is very average, the story is horribly boring, and I'm at a loss for words as to the execution. It was completely unoriginal. O, and this is as much a comedy as Clint Eastwood's a pregnant Schwarzenegger! <br /><br />One of the first scenes (the one with the television show - where the hell are you?) got it right - the cast was 80% of let's face it - forgotten actors. If they were hoping for a career relaunch, then I think it might never happen with this on their CV! The script had the potential, but neither 80% of the actors nor the director (who's an actor and clearly should stick to being an actor) pulled it off. Fred Durst was the only one who seemed better than any of the rest.<br /><br />I'm",negative,2,"30725, 32270","It's been a long time since I last saw a movie this bad.. The acting is very average, the story is horribly boring, and I'm at a loss for words as to the execution. It was completely unoriginal. O, and this is as much a comedy as Clint Eastwood's a pregnant Schwarzenegger! <br /><br />One of the first scenes (the one with the television show - where the hell are you?) got it right - the cast was 80% of let's face it - forgotten actors. If they were hoping for a career relaunch, then I think it might never happen with this on their CV! The script had the potential, but neither 80% of the actors nor the director (who's an actor and clearly should stick to being an actor) pulled it off. Fred Durst was the only one who seemed better than any of the rest.<br /><br />I'm sorry, but if you ever consider watching this - I highly recommend you turn to something less traumatic, because not only it's a total loss of time, but also a weak example of what bad cinema looks like."
"Yes, he is! ...No, not because of Pintilie likes to undress his actors and show publicly their privies. Pintilie IS THE naked ""emperor"" - so to speak...<br /><br />It's big time for someone to state the truth. This impostor is a voyeur, a brat locked in an old man's body. His abundance of nude scenes have no artistic legitimacy whatsoever. It is 100% visual perversion: he gets his kicks by making the actors strip in the buff and look at their willies. And if he does this in front of the audience, he might eve get a hard-on! Did you know that, on the set of ""Niki Ardelean"", he used to embarrass poor Coca Bloss, by telling her: ""Oh, Coca, how I wanna f*** you!""? She is a great lady, very decent and sensitive, and she became unspeakably ashamed - to his petty satisfaction! And, as a worrying alarm signal",negative,2,"20158, 28750","Yes, he is! ...No, not because of Pintilie likes to undress his actors and show publicly their privies. Pintilie IS THE naked ""emperor"" - so to speak...<br /><br />It's big time for someone to state the truth. This impostor is a voyeur, a brat locked in an old man's body. His abundance of nude scenes have no artistic legitimacy whatsoever. It is 100% visual perversion: he gets his kicks by making the actors strip in the buff and look at their willies. And if he does this in front of the audience, he might eve get a hard-on! Did you know that, on the set of ""Niki Ardelean"", he used to embarrass poor Coca Bloss, by telling her: ""Oh, Coca, how I wanna f*** you!""? She is a great lady, very decent and sensitive, and she became unspeakably ashamed - to his petty satisfaction! And, as a worrying alarm signal about the degree of vulgarity and lack of education in Romanian audiences, so many people are still so foolish to declare these visual obscenities ""works of art""! Will anyone have ever the decency to expose the truth of it all?"
"well, the writing was very sloppy, the directing was sloppier, and the editing made it worse (at least i hope it was the editing). the acting wasn't bad, but it wasn't that good either. pretty much none of the characters were likable. at least 45 minutes of that movie was wasted time and the other hour or so was not used anywhere near its full potential. it was a great idea, but yet another wasted good idea goes by. it could have ended 3 different places but it just kept going on to a mostly predictable hollywood ending. and what wasn't predictable was done so badly that it didn't matter. the ending was not worth watching at all. sandra bullock was out of her element and should stay away from these types of movies. the movie looked rushed also. the movie just wasn't really worth seeing, and had i paid",negative,2,"23056, 44122","well, the writing was very sloppy, the directing was sloppier, and the editing made it worse (at least i hope it was the editing). the acting wasn't bad, but it wasn't that good either. pretty much none of the characters were likable. at least 45 minutes of that movie was wasted time and the other hour or so was not used anywhere near its full potential. it was a great idea, but yet another wasted good idea goes by. it could have ended 3 different places but it just kept going on to a mostly predictable hollywood ending. and what wasn't predictable was done so badly that it didn't matter. the ending was not worth watching at all. sandra bullock was out of her element and should stay away from these types of movies. the movie looked rushed also. the movie just wasn't really worth seeing, and had i paid for it i would have been very mad. maybe i was more disappointed because i expected a really good movie and got a bad one. the movie over all was not horrifibly bad, but i wouldn't reccomend it. i gave it 2 out of 10 b/c i liked the idea so much and i did like one character (justin i believe, the super smart one). and it also had some very cheap ways to cover plot holes. it was like trying to cover a volcano with cheap masking tape, it was not pretty. anyway, if you see it, wait for the $1.50 theater or video, unless you like pretty much every movie you see, then i guess you'll like this one."
"this movie sucks. did anyone notice that the entire movie was shot in like 2 rooms. there are NEVER any outside shots and if there are its obviously film taken from somewhere else. this movie blows hard, painful to sit through too. stay far away.",negative,2,"8486, 47876","this movie sucks. did anyone notice that the entire movie was shot in like 2 rooms. there are NEVER any outside shots and if there are its obviously film taken from somewhere else. this movie blows hard, painful to sit through too. stay far away."
"this movie begins with an ordinary funeral... and it insists so hard on this ordinary funeral feel that i lost interest within 5 minutes of watching, and started skipping scenes. it seems to me whomever made this movie is afflicted to the extent of becoming trapped in a permanent morbid trance, unable to contemplate anything else but death and destruction. well, i ain't one of the dark kids from Southpark, i want a movie that within 10 minutes gets me well into an interesting story, i won't sit and watch 10 minutes of nothing but preparations for a funeral.. my grandma on her last years was fascinated by funerals, perhaps she might have enjoyed this ""movie"".",negative,2,"11427, 45253","this movie begins with an ordinary funeral... and it insists so hard on this ordinary funeral feel that i lost interest within 5 minutes of watching, and started skipping scenes. it seems to me whomever made this movie is afflicted to the extent of becoming trapped in a permanent morbid trance, unable to contemplate anything else but death and destruction. well, i ain't one of the dark kids from Southpark, i want a movie that within 10 minutes gets me well into an interesting story, i won't sit and watch 10 minutes of nothing but preparations for a funeral.. my grandma on her last years was fascinated by funerals, perhaps she might have enjoyed this ""movie""."
"this is the worst film I've seen in a long long time, never mind the fact that so many useful things keep appearing on this island ""how convenient!!!!"", the acting is beyond poor from the outset, its like one of those really badly scripted soft porn films on channel 5, a complete waste of time, and i cant remember the lead actors name but i cant believe he still gets work!!! I've never seen him act ""I've seen him in lots of films... But I've never seen him act. here are a few of the blaringly obvious errors, apparently petrol lighters still work even when they've been soaked in sea water!!! also according to this film you can walk into the sea naked but come out wearing bikini bottoms (I'm guessing the camera man and editor were students)there are plenty more errors but I'm ranting now, besides its no so",negative,2,"12642, 27728","this is the worst film I've seen in a long long time, never mind the fact that so many useful things keep appearing on this island ""how convenient!!!!"", the acting is beyond poor from the outset, its like one of those really badly scripted soft porn films on channel 5, a complete waste of time, and i cant remember the lead actors name but i cant believe he still gets work!!! I've never seen him act ""I've seen him in lots of films... But I've never seen him act. here are a few of the blaringly obvious errors, apparently petrol lighters still work even when they've been soaked in sea water!!! also according to this film you can walk into the sea naked but come out wearing bikini bottoms (I'm guessing the camera man and editor were students)there are plenty more errors but I'm ranting now, besides its no so much the errors as the cast the script and the whole film avoid at all costs"
"it's amazing that so many people that i know haven't seen this little gem. everybody i have turned on to it have come back with the same reaction: WHAT A GREAT MOVIE!!<br /><br />i've never much cared for Brad Pitt (though his turns in 12 monkeys and Fight Club show improvement) but his performance in this film as a psycho is unnerving, dark and right on target.<br /><br />everyone else in the film gives excellent performances and the movie's slow and deliberate pacing greatly enhance the proceedings. the sense of dread for the characters keeps increasing as they come to realize what has been really happening.<br /><br />the only thing that keeps this from a 10 in my book, is that compared to what came before it, the ending is a bit too long and overblown. but that's the only flaw i could find in this cult classic.<br /><br />if",positive,2,"32568, 40230","it's amazing that so many people that i know haven't seen this little gem. everybody i have turned on to it have come back with the same reaction: WHAT A GREAT MOVIE!!<br /><br />i've never much cared for Brad Pitt (though his turns in 12 monkeys and Fight Club show improvement) but his performance in this film as a psycho is unnerving, dark and right on target.<br /><br />everyone else in the film gives excellent performances and the movie's slow and deliberate pacing greatly enhance the proceedings. the sense of dread for the characters keeps increasing as they come to realize what has been really happening.<br /><br />the only thing that keeps this from a 10 in my book, is that compared to what came before it, the ending is a bit too long and overblown. but that's the only flaw i could find in this cult classic.<br /><br />if you check this film out, try to get the letterboxed unrated director's cut for the best viewing option.<br /><br />rating:9"
"in this movie, joe pesci slams dunks a basketball. joe pesci...<br /><br />and being consistent, the rest of the script is equally not believable.<br /><br />pesci is a funny guy, which saves this film from sinking int the absolute back of the cellar, but the other roles were pretty bad. the father was a greedy businessman who valued money more than people, which wasn't even well-played. instead of the man being an archetypal villain, he seemed more like an amoral android programmed to make money at all costs. then there's the token piece that is assigned to pesci as a girlfriend or something...i don't even remember...she was that forgettable.<br /><br />anyone who rates this movie above a 5 or 6 is a paid member of some sort of film studio trying to up the reputation of this sunken film, or at least one of those millions of media minions who",negative,2,"8880, 31428","in this movie, joe pesci slams dunks a basketball. joe pesci...<br /><br />and being consistent, the rest of the script is equally not believable.<br /><br />pesci is a funny guy, which saves this film from sinking int the absolute back of the cellar, but the other roles were pretty bad. the father was a greedy businessman who valued money more than people, which wasn't even well-played. instead of the man being an archetypal villain, he seemed more like an amoral android programmed to make money at all costs. then there's the token piece that is assigned to pesci as a girlfriend or something...i don't even remember...she was that forgettable.<br /><br />anyone who rates this movie above a 5 or 6 is a paid member of some sort of film studio trying to up the reputation of this sunken film, or at least one of those millions of media minions who can't critique efficiently (you know, the people who feel bad if they give anything a mark below 6).<br /><br />stay away...far away. and shame on comedy central, where i saw this film. they usually pick better."
"did anyone notice?when miss brook went skinny dipping,she left the water wearing white bikini bottoms and yet had previously taken it all off to join cabin boy.this could have been a good film without miss brooks phony accent and a year on the island please.how come that Kelly looked always clean and ready for a FM photo shoot.what started out with premise turned in to soft porn.and billy Zane come on,you cant be that hard up for film offers.check out dead calm.also when the people took her away ,how come she scoffed her face and after all that time didn't feel like throwing up.i suggest billy find decent scripts,Kelly stick to photo shoots and cabin boy play the son of Zorro in a future sequel.",negative,2,"22536, 25133","did anyone notice?when miss brook went skinny dipping,she left the water wearing white bikini bottoms and yet had previously taken it all off to join cabin boy.this could have been a good film without miss brooks phony accent and a year on the island please.how come that Kelly looked always clean and ready for a FM photo shoot.what started out with premise turned in to soft porn.and billy Zane come on,you cant be that hard up for film offers.check out dead calm.also when the people took her away ,how come she scoffed her face and after all that time didn't feel like throwing up.i suggest billy find decent scripts,Kelly stick to photo shoots and cabin boy play the son of Zorro in a future sequel."
"You would probably get something like this. I'm translating movies for a living and this is the first movie in my 5-year working experience that I found offensive to my intelligence. Of course, there are stupid Hollywood movies about drunken teenagers on a spring break, but those movies don't even claim to be serious works of art. But when someone strives for greatness and poetry, but delivers a muddled (and often ridiculous) story, a bunch of disparate scenes, pretentious dialogue... Then you get the worst kind of a movie that some other reviewer very accurately defined as ""pretentious crap"". To those who find this movie intelligent or even masterful, I can only say - it's your intelligence and your imagination you obviously used to try and make some sense of this pitiful attempt (it's in our human nature to try and make sense of things) .<br /><br />One more thing:",negative,2,"10099, 44230","You would probably get something like this. I'm translating movies for a living and this is the first movie in my 5-year working experience that I found offensive to my intelligence. Of course, there are stupid Hollywood movies about drunken teenagers on a spring break, but those movies don't even claim to be serious works of art. But when someone strives for greatness and poetry, but delivers a muddled (and often ridiculous) story, a bunch of disparate scenes, pretentious dialogue... Then you get the worst kind of a movie that some other reviewer very accurately defined as ""pretentious crap"". To those who find this movie intelligent or even masterful, I can only say - it's your intelligence and your imagination you obviously used to try and make some sense of this pitiful attempt (it's in our human nature to try and make sense of things) .<br /><br />One more thing: I can tolerate political incorrectness very well, I'm all for artistic freedom and suspension of disbelief, but the Slavic female character was just too much. I wish someone told the director that it's kind of ridiculous (even in an unrealistic art movie) to portray a Slavic woman as a half-articulate dishevelled creature connected to the forces of nature, probably due to the fact that she had spent her entire childhood looking at the stars and milking cows on a three-legged stool."
"You know all those letters to ""Father Christmas"" and ""Jesus"" that are sent every year? Well, it turns out that they are not actually delivered but dropped off in a half-forgotten corner of the post office to rot unless some bright spark figures out a way of posting them. As bizarre settings go, it's a winner and one which perfectly fits the strange movie that is ""Dead Letter Office"". Having said that, this is obviously an Australian film as opposed to a British one. If it was Royal Mail, most letters get this sort of treatment anyway. I haven't been in this flat for two years and we're still getting letters for a Mr Wang, some female priest of the Church of Latter Day I've-Never-Heard-Of-You and various catalogues for industrial equipment addressed to a plumbing company.<br /><br />""Dead Letter Office"" (the name given to the place where undeliverable mail ends",negative,2,"30905, 45333","You know all those letters to ""Father Christmas"" and ""Jesus"" that are sent every year? Well, it turns out that they are not actually delivered but dropped off in a half-forgotten corner of the post office to rot unless some bright spark figures out a way of posting them. As bizarre settings go, it's a winner and one which perfectly fits the strange movie that is ""Dead Letter Office"". Having said that, this is obviously an Australian film as opposed to a British one. If it was Royal Mail, most letters get this sort of treatment anyway. I haven't been in this flat for two years and we're still getting letters for a Mr Wang, some female priest of the Church of Latter Day I've-Never-Heard-Of-You and various catalogues for industrial equipment addressed to a plumbing company.<br /><br />""Dead Letter Office"" (the name given to the place where undeliverable mail ends up) follows the story of Alice (Miranda Otto) who grows up in a seriously divided home. Writing to her absent father, she only learns in adulthood that her letters haven't been delivered for one reason or another. So, logically, she gets a job at the D.L.O. and finds herself working alongside other social rejects including the brooding Chilean immigrant Frank Lopez (George Del Hoyo). Slowly, she finds herself drawn to him but can she find out where her dad is without bringing the self-contained world of the Dead Letters Office to its knees?<br /><br />Nothing against this film but I was reminded of the god-awful Heather Graham film ""Committed"" while watching this. However, this is so much better than that pile of horse crap but then again, that ain't difficult. For a start, this film is much more logical. True, the metaphors are somewhat blatant and the underflowing symbolism quickly becomes a flood. But at least this is cohesive and quirky without being complete drivel. It is also well acted. Both Otto and Del Hoyo are very good as the lovers looking for something they know they'll never find while other characters are peripheral at best. Part of the trouble is that it seems to wrap up far too quickly, leaving this viewer somewhat disappointed. The other part is that when you consider Australia's draconian immigration policy (i.e. if you don't speak English, rack off!), such a story is unlikely to take place in reality. The other characters, sadly, also help to destabilise the realism by proving to be little more than odd-ball stereotypes.<br /><br />Despite that, ""Dead Letter Office"" is certainly something a little different. It might not be to everyone's taste but I liked it. Yes, it was hackneyed and predictable but sometimes, it's nice to watch a film without guns or violence or heavy-duty swearing and nudity (no chance of that in an Australian film). There ain't any major laughs, there's no Bullet Time and the characters are usually one-dimensional. But it's the story that counts here and while it's not earth-shattering in its magnificence, it's a pleasant enough way of passing the time. It's the movie equivalent of a Sheryl Crow CD - nice to listen to now and again but you wouldn't really miss it if it wasn't there."
"Yes, in this movie you are treated to multiple little snowmen on the attack in apparently a very warm climate so yes this movie is definitely not to be taken seriously. It is in fact a much worse movie than the original as at least with that one the whole production looked like it cost more than a couple of bucks and a video camera to make. It has its funny moments, but really playing off the cheapness of your movie and making that be your intended laughs is kind of weak film making if you ask me. You can not come up with a good story, your effects are going to really be bad, hey let us just make the movie look as bad as possible with horrible one liners and we have our movie. The first one at least had a somewhat credible story as the snowman in",negative,2,"9309, 18969","Yes, in this movie you are treated to multiple little snowmen on the attack in apparently a very warm climate so yes this movie is definitely not to be taken seriously. It is in fact a much worse movie than the original as at least with that one the whole production looked like it cost more than a couple of bucks and a video camera to make. It has its funny moments, but really playing off the cheapness of your movie and making that be your intended laughs is kind of weak film making if you ask me. You can not come up with a good story, your effects are going to really be bad, hey let us just make the movie look as bad as possible with horrible one liners and we have our movie. The first one at least had a somewhat credible story as the snowman in that one attacked during the winter and not what amounts to a resort. It also had better effects too, this one is just a step or two ahead of ""Hobgoblins"" as far as the monsters are concerned and you really want to be more than a step a two above a bunch of hand puppets. Still, it makes up for all of this with a super ending that depicts a great sea vessel being taken out by the mighty frost. Actually, I am just kidding, but really it was the funniest part of the movie."
"Yes, bad acting isn't only one thing to mention. Bad script,not so bad music. Unfortunately.<br /><br />Nice girl and nice boy with perfect bodies and super teeth just isn't enough for me and for you too.<br /><br />First thing in the morning after crash they go to swim to the sea, to have some fun !!! Smiling ...<br /><br />They find everything in the sea. I mean things like fishing-net, knife, scuba dive things, ropes, bottles, husband ...<br /><br />Woodoo stuff , are you kidding. Stupid. They are so happy on the island, they are going to die, and they are happy. Love, peace. Love. Just stupid.<br /><br />Terrible, skip this one please.",negative,2,"1501, 48607","Yes, bad acting isn't only one thing to mention. Bad script,not so bad music. Unfortunately.<br /><br />Nice girl and nice boy with perfect bodies and super teeth just isn't enough for me and for you too.<br /><br />First thing in the morning after crash they go to swim to the sea, to have some fun !!! Smiling ...<br /><br />They find everything in the sea. I mean things like fishing-net, knife, scuba dive things, ropes, bottles, husband ...<br /><br />Woodoo stuff , are you kidding. Stupid. They are so happy on the island, they are going to die, and they are happy. Love, peace. Love. Just stupid.<br /><br />Terrible, skip this one please."
"Why did I have to go out and buy (yes buy!) JACK FROST 2: REVENGE OF THE MUTANT KILLER SNOWMAN??? Maybe it was a burst of temporary mental derangement? But I'm guessing it's because I kind of enjoyed the first JACK FROST. It was a silly but funny horror-comedy which had some okay effects by Screaming Mad George. That and the fact that on the back-cover of the sequel there was this nice picture of this guy impaled by this giant icicle (coming out of his mouth with a lot of blood and all). So I thought: if it's as idiotic as the first and has some nice splatter/gore in it, it should be fun, right? Well, I was so dead wrong! <br /><br />Let me first say that the movie deserves some credit for having an immensely insane and retarded plot. I mean, a mutant killer snowman on a",negative,2,"8699, 25360","Why did I have to go out and buy (yes buy!) JACK FROST 2: REVENGE OF THE MUTANT KILLER SNOWMAN??? Maybe it was a burst of temporary mental derangement? But I'm guessing it's because I kind of enjoyed the first JACK FROST. It was a silly but funny horror-comedy which had some okay effects by Screaming Mad George. That and the fact that on the back-cover of the sequel there was this nice picture of this guy impaled by this giant icicle (coming out of his mouth with a lot of blood and all). So I thought: if it's as idiotic as the first and has some nice splatter/gore in it, it should be fun, right? Well, I was so dead wrong! <br /><br />Let me first say that the movie deserves some credit for having an immensely insane and retarded plot. I mean, a mutant killer snowman on a tropical island that spawns mutant killer baby snowballs which can only be killed or harmed by bananas??? As much as I love the premise, I really hated the movie. First of all: while the first JACK FROST looked like an actual movie (seemingly being shot on real film and all), this sequel has the look and feel of a third-rate soap-opera. It has this way too slick shot-on-video look. The lighting is just plain awful (bright white spots for the day look, and stupid colors like blue and green at night). The acting... well don't even go there. The dialogues range from stiff to extremely senile (that Jamaican man was just moronic, saying ""man"" after every sentence). And when it comes to the voice of the killer snowman, all I could think of was a seventh-rate Chucky from CHILD'S PLAY spewing dumb and supposedly witty one-liners before he kills someone.<br /><br />The best joke was were one guy asks ""Why are you talking to your watch?"". And the best scene was undoubtedly the one with that beautiful Asian chick popping up out of nowhere and taking a swim in the pool totally naked (thank god for that!). Oh, yeah, and that little scene over the end-credits with those two Japanese dudes on a miniature ship being badly dubbed had me laughing too. But the worst thing about this movie was: Where was the gore and splatter action everyone is talking about? There were plenty of occasions to show some decent gory killings. A lot of people were killed off in original ways here, but all off-screen. Like I've read in many other comments, there were indeed nice set-ups to a head explosion, a crushed body, eyes being poked out, tongue ripped out,... but on the crucial moments the editor cuts away to some blood splatters on the floor or nothing at all. That frontal shot of that British guy being impaled (from the back-cover of the DVD) wasn't even in the movie. I only saw that particular killing filmed from the back (meaning I didn't see sh!t!). I was waiting throughout the whole movie for that to happen, and then I get to see nothing?!?! What a let-down! Could it be that I saw a cut version of the movie? That would be a shame, 'cause only a decent amount of splatter-fun could have saved this movie if you ask me. Seeing a lot of killer snowballs reduced to bloody pulp just didn't cut it for me. Speaking of those snowballs: they were done very poorly. They made MUNCHIES look like state-of-the-art 'animatronics'. But I guess that was the whole point of it. At some point, the special effects crew even turned to some laughably bad CGI. Boy, you really have to see it to believe it. Best is to not see it, actually, 'cause this flick is just too bad (okay, I did laugh with it, for it kept getting worse and worse). Just stick with the first JACK FROST (1996) and you'll be okay (just bare in mind that it's a pretty silly horror-comedy but fun in it's own right).<br /><br />It's funny, but writer/director Michael Cooney somehow must have realized that he was a pretty bad director after JACK FROST 2, and then focused on writing. Turns out he then wrote two pretty good thriller screenplays for THE I INSIDE (starring Ryan Phillippe) and IDENTITY (starring John Cusack). So the man seems to have some talent after all.<br /><br />Now it would be far too easy to give JACK FROST 2 the lowest rating possible. So I say one point for that naked Asian babe doing the skinny dipping and one point for those completely retarded snowball babies. Way to go Mr. Cooney!"
"Yep, this has got to be one of the lamest movies I've ever seen. It's utterly tasteless, has no style whatsoever, the story is so thin that you can watch television through it, and the whole film has so many holes you could drive an oil tanker through it.<br /><br />Sure, I appreciate a good B-movie as much as most male white homo sapiens do. But this has got to be the worst I've seen. In fact it's so B that it lacks everything that makes a B-movie interesting.<br /><br />The whole movie is based around such charming artefacts as the characters beating the crap out of each other, various bodily functions and the complete lack of sanity of anything on-screen.<br /><br />It's not even funny. In fact it's quite the opposite. I found it even boring at times due to it's extreme predictability.<br /><br />I find nothing good to",negative,2,"36433, 45462","Yep, this has got to be one of the lamest movies I've ever seen. It's utterly tasteless, has no style whatsoever, the story is so thin that you can watch television through it, and the whole film has so many holes you could drive an oil tanker through it.<br /><br />Sure, I appreciate a good B-movie as much as most male white homo sapiens do. But this has got to be the worst I've seen. In fact it's so B that it lacks everything that makes a B-movie interesting.<br /><br />The whole movie is based around such charming artefacts as the characters beating the crap out of each other, various bodily functions and the complete lack of sanity of anything on-screen.<br /><br />It's not even funny. In fact it's quite the opposite. I found it even boring at times due to it's extreme predictability.<br /><br />I find nothing good to say about this movie. It was a waste of time watching it, and I hope others don't do the same mistake. If you also pay for it you should get a serious brainscan done."
"Wow. I thought, Eskimo Limon was the most awful and embarrassing first-sex movie ever. But I had forgotten that Germany always tries to compete. In this case, the well-known German film producer Bernd Eichinger was successful in producing even worse crap. Harte Jungs is stupid, not believable and predictable, and above all: not funny. It's almost a tragedy that so many kids went to see this in Germany (and, I'm afraid, also Austria).<br /><br />Tobias Schenke, 19, looks too nice to have no girlfriend and too ripe to be 15, and his character is too dumb to be true. Schenke tries real hard to make us believe that he doesn't know ANYthing about sex, but that doesn't help. Harte Jungs seems to be made by someone who watched Al Bundy and took him too seriously.<br /><br />The best actors in the movie are Sissi Perlinger and Stefan Jürgens who play",negative,2,"21878, 38852","Wow. I thought, Eskimo Limon was the most awful and embarrassing first-sex movie ever. But I had forgotten that Germany always tries to compete. In this case, the well-known German film producer Bernd Eichinger was successful in producing even worse crap. Harte Jungs is stupid, not believable and predictable, and above all: not funny. It's almost a tragedy that so many kids went to see this in Germany (and, I'm afraid, also Austria).<br /><br />Tobias Schenke, 19, looks too nice to have no girlfriend and too ripe to be 15, and his character is too dumb to be true. Schenke tries real hard to make us believe that he doesn't know ANYthing about sex, but that doesn't help. Harte Jungs seems to be made by someone who watched Al Bundy and took him too seriously.<br /><br />The best actors in the movie are Sissi Perlinger and Stefan Jürgens who play Schenke's semi-liberal parents. Perlinger and Jürgens are stand-up comedians who are not particularly talented in movie acting. Still, their performances are the `best' and `funniest' in comparison.<br /><br />A complete failure."
"Wow, this film was terrible. It is as simple as that. It is actually the first time that I walked out early, as far as I can remember. This turned out okay, though: I had a very nice chat with two most charming girls while we all waited for the rest to finally give up on that crap they called a ""movie"".<br /><br />Where to start. Bad acting, bad jokes. Faecal humour, which I simply cannot stand. Sorry, but snot, pee and scat are *not* funny. You have seen the title picture? That scene actually drags on for about 5 minutes, with the two ""heroes"" hitting and mutilating each other, which is supposed to be humorous all by itself. It is not.<br /><br />Apart from body fluids, violence and cross-dressing, I do not remember much about this. At least not much good. I was really, really disappointed by this piece",negative,2,"26181, 28828","Wow, this film was terrible. It is as simple as that. It is actually the first time that I walked out early, as far as I can remember. This turned out okay, though: I had a very nice chat with two most charming girls while we all waited for the rest to finally give up on that crap they called a ""movie"".<br /><br />Where to start. Bad acting, bad jokes. Faecal humour, which I simply cannot stand. Sorry, but snot, pee and scat are *not* funny. You have seen the title picture? That scene actually drags on for about 5 minutes, with the two ""heroes"" hitting and mutilating each other, which is supposed to be humorous all by itself. It is not.<br /><br />Apart from body fluids, violence and cross-dressing, I do not remember much about this. At least not much good. I was really, really disappointed by this piece of garbage. Or let us be honest here: given that I am actually a big fan of ""british"" (i.e., black) humour, I was angry.<br /><br />So, want my advice? Three words: do not watch."
"Wow, here it finally is; the action ""movie"" without action. In a real low-budget setting (don't miss the hilarious flying saucers flying by a few times) of a future Seattle we find a no-brain hardbody seeking to avenge her childhood.<br /><br />There is nothing even remotely original or interesting about the plot and the actors' performance is only rivalled in stupidity by the attempts to steal from other movies, mainly ""Matrix"" without having the money to do it right. Yes, we do get to see some running on walls and slow motion shoot-outs (45 secs approx.) but these scenes are about as cool as the stupid hardbody's attempts at making jokes about male incompetence now and then.<br /><br />And, yes, we are also served a number of leads that lead absolutely nowhere, as if the script was thought-out by the previously unseen cast while shooting the scenes.<br /><br />Believe me,",negative,2,"10784, 47297","Wow, here it finally is; the action ""movie"" without action. In a real low-budget setting (don't miss the hilarious flying saucers flying by a few times) of a future Seattle we find a no-brain hardbody seeking to avenge her childhood.<br /><br />There is nothing even remotely original or interesting about the plot and the actors' performance is only rivalled in stupidity by the attempts to steal from other movies, mainly ""Matrix"" without having the money to do it right. Yes, we do get to see some running on walls and slow motion shoot-outs (45 secs approx.) but these scenes are about as cool as the stupid hardbody's attempts at making jokes about male incompetence now and then.<br /><br />And, yes, we are also served a number of leads that lead absolutely nowhere, as if the script was thought-out by the previously unseen cast while shooting the scenes.<br /><br />Believe me, it is as bad as it possibly can get. In fact, it doesn't deserve to be taken seriously, but perhaps I can make some of you not rent it and save your money."
"Wow, I can't believe i'm the first and only one to post a comment on this great movie.<br /><br />Although the movie itself seemed interesting enough the real thing that attracted me to this one is Matt lillard, granted most people probably either think he's too caffeine happy or just plain sucks but we're both the same age and from the same generation and i've watched this guy so many times that he's one of my favorites now. This is one of the few movies where he is the big shot and main star kind of like in SLC Punk, another great Lillard film.<br /><br />Baiscally this is storywise your usual heist movies but with more twists than anything, which start to amount to craziness. Also very notable in this movie is another great actor named vincent D'onofrio, a very under appreciated person in the film industry. The woman in",positive,2,"24914, 35795","Wow, I can't believe i'm the first and only one to post a comment on this great movie.<br /><br />Although the movie itself seemed interesting enough the real thing that attracted me to this one is Matt lillard, granted most people probably either think he's too caffeine happy or just plain sucks but we're both the same age and from the same generation and i've watched this guy so many times that he's one of my favorites now. This is one of the few movies where he is the big shot and main star kind of like in SLC Punk, another great Lillard film.<br /><br />Baiscally this is storywise your usual heist movies but with more twists than anything, which start to amount to craziness. Also very notable in this movie is another great actor named vincent D'onofrio, a very under appreciated person in the film industry. The woman in the movie is a newcomer and she isn't too bad although you know they hired her mainly for her accent and the nude scene =)<br /><br />It's a game of jack vs jill vs bob as each want to reap the rewards but share with no one. They all try to get eachother to kill off the other and it's a timebomb waiting to explode. Matt shows his true prowess as the scheming JAck who initially starts the whole scheme. Vincent and woman play a couple of art thieves who are in need of money due to a lack of business. Vince's character is a bit deranged and skitz's throughout the movie but that only add to the intensity of the film.<br /><br />The surprises left and right are well welcomed and the ending is very non cliche and makes you feel happy, well maybe that depends on the type of endings you like. This movie kept me very interested besides the fact Matt was in it, it's a great movie and i'd highly recommend it to anyone who likes movies. Critic's probably won't like this movie, but they don't watch movies cause they like movies anyway."
"Wow! So much fun! Probably a bit much for normal American kids, and really it's a stretch to call this a kid's film, this movie reminded me a quite a bit of Time Bandits - very Terry Gilliam all the way through. While the overall narrative is pretty much straight forward, Miike still throws in A LOT of surreal and Bunuel-esquire moments. The whole first act violently juxtaposes from scene to scene the normal family life of the main kid/hero, with the spirit world and the evil than is ensuing therein. And while the ending does have a bit of an ambiguous aspect that are common of Miike's work, the layers of meaning and metaphor, particularly the anti-war / anti-revenge message of human folly, is pretty damn poignant. As manic and imaginatively fun as other great Miike films, only instead of over the top torture and gore, he gives us",positive,2,"19337, 38551","Wow! So much fun! Probably a bit much for normal American kids, and really it's a stretch to call this a kid's film, this movie reminded me a quite a bit of Time Bandits - very Terry Gilliam all the way through. While the overall narrative is pretty much straight forward, Miike still throws in A LOT of surreal and Bunuel-esquire moments. The whole first act violently juxtaposes from scene to scene the normal family life of the main kid/hero, with the spirit world and the evil than is ensuing therein. And while the ending does have a bit of an ambiguous aspect that are common of Miike's work, the layers of meaning and metaphor, particularly the anti-war / anti-revenge message of human folly, is pretty damn poignant. As manic and imaginatively fun as other great Miike films, only instead of over the top torture and gore, he gives us an endless amount of monsters and yokai from Japanese folk-lore creatively conceived via CG and puppetry wrapped into an imaginative multi-faceted adventure. F'n rad, and one of Miike's best!"
Worst horror film ever but funniest film ever rolled in one you have got to see this film it is so cheap it is unbeliaveble but you have to see it really!!!! P.s watch the carrot,positive,2,"3895, 48010",Worst horror film ever but funniest film ever rolled in one you have got to see this film it is so cheap it is unbeliaveble but you have to see it really!!!! P.s watch the carrot
"With Knightly and O'Tool as the leads, this film had good possibilities, and with McCallum as the bad guy after Knightly, maybe some tension. But they threw it all away on silly evening frill and then later on with maudlin war remnants. It was of course totally superficial, beautiful English country and seaside or not.The number one mistake was dumping Knightly so early on in the film, when she could easily have played someone a couple of years older, instead of choosing someone ten years older to play the part. They missed all the chances to have great conflict among the cast, and instead stupidly pulled at the easy and low-cost heartstring elements.",negative,2,"7978, 30574","With Knightly and O'Tool as the leads, this film had good possibilities, and with McCallum as the bad guy after Knightly, maybe some tension. But they threw it all away on silly evening frill and then later on with maudlin war remnants. It was of course totally superficial, beautiful English country and seaside or not.The number one mistake was dumping Knightly so early on in the film, when she could easily have played someone a couple of years older, instead of choosing someone ten years older to play the part. They missed all the chances to have great conflict among the cast, and instead stupidly pulled at the easy and low-cost heartstring elements."
"Witchy Hildegard Knef traps a group of people in an isolated hotel and picks them off one by one in twisted, disgusting ways. I thought I'd seen it all until one unfortunate man here is crucified and then has his head set on fire. Hildy is quite the prankster too: she takes a nagging harpy and sews her mouth shut...then hangs her upside down in the chimney just in time for a roaring fire! ""Witchery"" made me sick. It made my eyes hurt. I was ready to write it off as the worst movie ever-ever-ever made by otherwise competent people...until the finale. I have to admit I loved the ending. It involves a boy and his toy tape-recorder cornered by Linda Blair looking fantastically possessed. The scene only lasts for about a minute and the movie's over, but you know that old saying: ""If you've got a great ending, people",negative,2,"25112, 30343","Witchy Hildegard Knef traps a group of people in an isolated hotel and picks them off one by one in twisted, disgusting ways. I thought I'd seen it all until one unfortunate man here is crucified and then has his head set on fire. Hildy is quite the prankster too: she takes a nagging harpy and sews her mouth shut...then hangs her upside down in the chimney just in time for a roaring fire! ""Witchery"" made me sick. It made my eyes hurt. I was ready to write it off as the worst movie ever-ever-ever made by otherwise competent people...until the finale. I have to admit I loved the ending. It involves a boy and his toy tape-recorder cornered by Linda Blair looking fantastically possessed. The scene only lasts for about a minute and the movie's over, but you know that old saying: ""If you've got a great ending, people will forgive you for just about anything!"""
"Witchcraft/Witchery/La Casa 4/ and whatever else you wish to call it. How about..Crud.<br /><br />A gathering of people at a Massachusetts island resort are besieged by the black magic powers of an evil witch killing each individual using cruel, torturous methods. Photographer Gary(David Hasselhoff)is taking pictures for Linda(Catherine Hickland whose voice and demeanor resemble EE-YOR of the Winnie the Poo cartoon), a virgin studying witchcraft, on the island resort without permission. Rose Brooks(Annie Ross, portraying an incredibly rude bitch)is interested in perhaps purchasing the resort and, along with husband Freddie(Robert Champagne, who is always ogling other women much younger than him), pregnant daughter Jane(Linda Blair)and grandson Tommy(Michael Manchester, who just looks bored throughout, probably wanting to watch Sesame Street instead of starring in this rubbish), go by boat to the resort being treated to a look at the property by Realtor Tony Giordano's son Jerry(Rick Farnsworth), obviously a pup in",negative,2,"13681, 17840","Witchcraft/Witchery/La Casa 4/ and whatever else you wish to call it. How about..Crud.<br /><br />A gathering of people at a Massachusetts island resort are besieged by the black magic powers of an evil witch killing each individual using cruel, torturous methods. Photographer Gary(David Hasselhoff)is taking pictures for Linda(Catherine Hickland whose voice and demeanor resemble EE-YOR of the Winnie the Poo cartoon), a virgin studying witchcraft, on the island resort without permission. Rose Brooks(Annie Ross, portraying an incredibly rude bitch)is interested in perhaps purchasing the resort and, along with husband Freddie(Robert Champagne, who is always ogling other women much younger than him), pregnant daughter Jane(Linda Blair)and grandson Tommy(Michael Manchester, who just looks bored throughout, probably wanting to watch Sesame Street instead of starring in this rubbish), go by boat to the resort being treated to a look at the property by Realtor Tony Giordano's son Jerry(Rick Farnsworth), obviously a pup in the business getting his feet wet. Along with these folks is architect Leslie(Leslie Cumming, whose character is a nympho)who might help Rose re-design the resort. The boat's captain is killed by The Lady in Black(Hildegard Knef, wearing her make-up and lip-stick extra thick)and a storm is brewing. The boat drives off by itself(..guided by the invisible power of The Lady in Black, I guess)with everyone stuck in the decrepit resort, which is in dire need of repairs. Most of the victims, before meeting their grisly fates are carried through a type of red wormhole whose vortex leads to another dimension(..perhaps a type of hell or something)where they are tortured by these fiends dressed in raggedy clothes with a crummy visage. One victim has her mouth sown before being hung upside down in a chimney, roasted as the others light the fireplace. One poor soul is tortured by harsh twistings of rope wrapped tightly around her flesh before being found hanging from the snout of a swordfish penetrating through her neck. One fellow is slowly suffocating as his veins bulge(..and bleed) and neck's blood vessels burst squirting in Hasselhoff's face! One fellow is crucified with nails hammered into his hands before being hung upside down over an open flame. Blair's pregnant victim becomes possessed with her hair standing on end speaking in another woman's voice. One is raped by this demonic man with a ""diseased"" mouth as the hellish hobos stand nearby gleefully cheering. The film, despite it's excesses, is mostly dull fodder for those who really wish to see the lowest point in the careers of Hasselhoff and Blair, who deserve better than this. Almost unbearable at times, building little-to-no suspense. Clumsy execution of the death sequences which look cheap and laughable. Sure some gore is okay, but most of the film shows victims after they've been run through the ringer. We do get a chance to see pregnant women(..who look exactly like stuntmen in costume with bad wigs) jumping out three story windows. Oh, and The Lady in Black's reflected face often pops up on inanimate objects for characters to see. Tommy has a little Sesame Street recorder which tapes The Lady in Black's mumbo jumbo chants, obviously used for later. For some reason, The Lady in Black likes to visit little Tommy. He's not at all scared of her, for Tommy's just too bored to show any expression on his face, much less fear. Need I say more? This one's a real stinker. Ugh."
"Though structured totally different from the book by Tim Krabbé who wrote the original 'The Vanishing' (Spoorloos) it does have the same overall feel, except for that Koolhoven's style is less business-like and more lyric. The beginning is great, the middle is fine, but the sting is in the end. A surprise emotional ending. As you could read in several magazines there is some sex in the film, but it is done all very beautifully. Never explicit, but with lots of warmth and sometimes even humour. It is a shame American films can't be as open an honoust as this one. Where Dutch films tend to go just over the edge when it comes to this subject, 'De Grot' stays always within the boundaries of good taste. 'De Grot' tells an amazing story stretched over more than 30 years. When you'll leave the cinema you'll be moved. What can we",positive,2,"2496, 48304","Though structured totally different from the book by Tim Krabbé who wrote the original 'The Vanishing' (Spoorloos) it does have the same overall feel, except for that Koolhoven's style is less business-like and more lyric. The beginning is great, the middle is fine, but the sting is in the end. A surprise emotional ending. As you could read in several magazines there is some sex in the film, but it is done all very beautifully. Never explicit, but with lots of warmth and sometimes even humour. It is a shame American films can't be as open an honoust as this one. Where Dutch films tend to go just over the edge when it comes to this subject, 'De Grot' stays always within the boundaries of good taste. 'De Grot' tells an amazing story stretched over more than 30 years. When you'll leave the cinema you'll be moved. What can we ask more of a film? Anyway, this film even gives more...."
"This was one of the lamest movies we watched in the last few months with a predictable plot line and pretty bad acting (mainly from the supporting characters). The interview with Hugh Laurie on the DVD was actually more rewarding than the film itself...<br /><br />Hugh Laurie obviously put a lot of effort into learning how to dance the Samba but the scope of his character only required that he immerse himself at the kiddie end of the pool. The movie is based on the appearance of a lovely girl and great music but these are not sufficient to make good entertainment.<br /><br />If you have never seen Rio, or the inside of a British bank, this film is for you. 2 out of 10.",negative,2,"22410, 32031","This was one of the lamest movies we watched in the last few months with a predictable plot line and pretty bad acting (mainly from the supporting characters). The interview with Hugh Laurie on the DVD was actually more rewarding than the film itself...<br /><br />Hugh Laurie obviously put a lot of effort into learning how to dance the Samba but the scope of his character only required that he immerse himself at the kiddie end of the pool. The movie is based on the appearance of a lovely girl and great music but these are not sufficient to make good entertainment.<br /><br />If you have never seen Rio, or the inside of a British bank, this film is for you. 2 out of 10."
"This was a very brief episode that appeared in one of the ""Night Gallery"" show back in 1971. The episode starred Sue Lyon (of Lolita movie fame) and Joseph Campanella who play a baby sitter and a vampire, respectively. The vampire hires a baby sitter to watch his child (which appears to be some kind of werewolf or monster) while he goes out at night for blood. The baby sitter is totally oblivious to the vampire's appearance when she first sees him and only starts to put two and two together when she notices that he has no reflection in the mirror, has an odd collection of books in the library on the occult, and hears strange noises while the vampire goes to talk to the child. She realizes that the man who hired her may not be what she thought he was originally. She bolts out the door, the",negative,2,"15366, 49950","This was a very brief episode that appeared in one of the ""Night Gallery"" show back in 1971. The episode starred Sue Lyon (of Lolita movie fame) and Joseph Campanella who play a baby sitter and a vampire, respectively. The vampire hires a baby sitter to watch his child (which appears to be some kind of werewolf or monster) while he goes out at night for blood. The baby sitter is totally oblivious to the vampire's appearance when she first sees him and only starts to put two and two together when she notices that he has no reflection in the mirror, has an odd collection of books in the library on the occult, and hears strange noises while the vampire goes to talk to the child. She realizes that the man who hired her may not be what she thought he was originally. She bolts out the door, the vampire comes out looking puzzled and the episode is over. I don't know what purpose it was to make such an abbreviated episode that lasted just 5 minutes. They should just have expanded the earlier episode by those same 5 minutes and skipped this one. A total wasted effort."
"This guy has no idea of cinema. Okay, it seems he made a few interestig theater shows in his youth, and about two acceptable movies that had success more of political reasons cause they tricked the communist censorship. This all is very good, but look carefully: HE DOES NOT KNOW HIS JOB! The scenes are unbalanced, without proper start and and, with a disordered content and full of emptiness. He has nothing to say about the subject, so he over-licitates with violence, nakedness and gutter language. How is it possible to keep alive such a rotten corpse who never understood anything of cinematographic profession and art? Why don't they let him succumb in piece?",negative,2,"9556, 43132","This guy has no idea of cinema. Okay, it seems he made a few interestig theater shows in his youth, and about two acceptable movies that had success more of political reasons cause they tricked the communist censorship. This all is very good, but look carefully: HE DOES NOT KNOW HIS JOB! The scenes are unbalanced, without proper start and and, with a disordered content and full of emptiness. He has nothing to say about the subject, so he over-licitates with violence, nakedness and gutter language. How is it possible to keep alive such a rotten corpse who never understood anything of cinematographic profession and art? Why don't they let him succumb in piece?"
"This is one of the best presentations of the 60's put on film. Arthur Penn, director of Bonnie and Clyde and Little Big Man, saw that Steve Tesich's outstanding script rang with truth, and from these two talents comes solid cinema. Jodi Thelin's Georgia Miles gives male viewers a hit of pained nostalgia for the archetypal beauty who is almost within our grasps, but, always just out of reach. Just see it, or you cinematic education will be incomplete.",positive,2,"36206, 49157","This is one of the best presentations of the 60's put on film. Arthur Penn, director of Bonnie and Clyde and Little Big Man, saw that Steve Tesich's outstanding script rang with truth, and from these two talents comes solid cinema. Jodi Thelin's Georgia Miles gives male viewers a hit of pained nostalgia for the archetypal beauty who is almost within our grasps, but, always just out of reach. Just see it, or you cinematic education will be incomplete."
"This is by far the most vapid, idiotic, insanely stupid show that has EVER been on the air, and this is coming from someone who remembers ""San Pedro Beach Bums"".<br /><br />My wife loves watching reality shows--and there was one episode of this drivel where the wannabes had to develop a ""walk"". The end result was straight out of Monty Python's ""Ministry of Silly Walks"" sketch. I couldn't laugh hard enough.<br /><br />And then there's the ubiquitous Ms. Banks (as in laughing all the way to the...). She has to be the most annoying self-important woman on TV since Rosie O'Donnell left ""The View"". As if modeling was doing great things for mankind. Please. I've never found her attractive, and I don't find her intelligent now that she has the temerity to open her mouth.<br /><br />Someone needs to tell these human clothes hangers to eat a healthy diet and",negative,2,"12731, 30828","This is by far the most vapid, idiotic, insanely stupid show that has EVER been on the air, and this is coming from someone who remembers ""San Pedro Beach Bums"".<br /><br />My wife loves watching reality shows--and there was one episode of this drivel where the wannabes had to develop a ""walk"". The end result was straight out of Monty Python's ""Ministry of Silly Walks"" sketch. I couldn't laugh hard enough.<br /><br />And then there's the ubiquitous Ms. Banks (as in laughing all the way to the...). She has to be the most annoying self-important woman on TV since Rosie O'Donnell left ""The View"". As if modeling was doing great things for mankind. Please. I've never found her attractive, and I don't find her intelligent now that she has the temerity to open her mouth.<br /><br />Someone needs to tell these human clothes hangers to eat a healthy diet and actually look like real women."
"This is better then the first. The movie opens up with Sheriff Sam .Then, Sam and Anne pack there bags up and head to the Tropicana while Jack tags along.<br /><br />People are shot, get glass through necks, get squished by anvils, get stabbed with icicles, eyes gouged out, head explosions, drownings, hangings, lobsters shoved into faces, slit throats, freezing to death, killed by snowballs, arms are ripped off, melted by anti-freeze, icicles down necks, hit in face with pots and pans, fingers getting' bitten off, icicles through mouths, bitten on the neck, exploding people, toasted snowballs, and shoved in blenders.<br /><br />The snowballs are hilarious, they put it into a blender and turn it on, then it says 'that was fun' they put in in a waffle thing and it gets burnt. <br /><br />This is just a great movie. Then they start thinking of other ways to kill",positive,2,"13194, 30252","This is better then the first. The movie opens up with Sheriff Sam .Then, Sam and Anne pack there bags up and head to the Tropicana while Jack tags along.<br /><br />People are shot, get glass through necks, get squished by anvils, get stabbed with icicles, eyes gouged out, head explosions, drownings, hangings, lobsters shoved into faces, slit throats, freezing to death, killed by snowballs, arms are ripped off, melted by anti-freeze, icicles down necks, hit in face with pots and pans, fingers getting' bitten off, icicles through mouths, bitten on the neck, exploding people, toasted snowballs, and shoved in blenders.<br /><br />The snowballs are hilarious, they put it into a blender and turn it on, then it says 'that was fun' they put in in a waffle thing and it gets burnt. <br /><br />This is just a great movie. Then they start thinking of other ways to kill it, and the snowball replies, 'that's not nice'<br /><br />It was worth then ten bucks spent to buy this.<br /><br />10 out of 10 stars."
"This is an incredible piece of drama and powerful which hits you. I found the film was great and getting to grips with the two main characters disability, this was represented in a great performance by both two Michael and Rory. Whether the story is based around a true story I feel the story was trying to giving the audience a message that as a whole the general public should respect and feel for the needs of disabled people and that they should be given the same chance as any other human. On the whole this film reach into my soul and I too felt touched by the actors and the director sending out there creativity. The whole picture is that some actors take it beyond their character the play and only show part of the character that is believable to the audience, but I feel that theses two certainly",positive,2,"41231, 49912","This is an incredible piece of drama and powerful which hits you. I found the film was great and getting to grips with the two main characters disability, this was represented in a great performance by both two Michael and Rory. Whether the story is based around a true story I feel the story was trying to giving the audience a message that as a whole the general public should respect and feel for the needs of disabled people and that they should be given the same chance as any other human. On the whole this film reach into my soul and I too felt touched by the actors and the director sending out there creativity. The whole picture is that some actors take it beyond their character the play and only show part of the character that is believable to the audience, but I feel that theses two certainly made great use as their gifted talent to portray a masterpiece piece of drama. Certainly one not to be missed!"
"This is an Emperor's New Clothes situation. Someone needs to say ""That's not a funny and original, (etc., etc.) film; that is an inferior film. Don't waste your money on it."" The film is trashy, and the people in it are embarrassingly inferior trailer trash. They are all-too-realistically only themselves. They have no lines, they don't act. The American Dream is not to create shoddy no-quality films or anything else shoddy and of no-quality; it is to achieve something of quality and, thereby, success. Only people who are desperate to praise any film not made in Hollywood (it can't have been made in Hollywood, can it?) would try to impute any kind of quality to this film. It's worse than ""Ed Woods,"" another film about a film-maker without standards. These films shouldn't have been made, and you shouldn't go see ""American Movie.""",negative,2,"11782, 16834","This is an Emperor's New Clothes situation. Someone needs to say ""That's not a funny and original, (etc., etc.) film; that is an inferior film. Don't waste your money on it."" The film is trashy, and the people in it are embarrassingly inferior trailer trash. They are all-too-realistically only themselves. They have no lines, they don't act. The American Dream is not to create shoddy no-quality films or anything else shoddy and of no-quality; it is to achieve something of quality and, thereby, success. Only people who are desperate to praise any film not made in Hollywood (it can't have been made in Hollywood, can it?) would try to impute any kind of quality to this film. It's worse than ""Ed Woods,"" another film about a film-maker without standards. These films shouldn't have been made, and you shouldn't go see ""American Movie."""
"This is a typical ""perfect crime"" thriller. A perfect crime is executed and the investigating police officer, ignoring all the clues, immediately knows who guilty is. The audience has to wait around the whole movie for the guilty to be caught. The result is like every single episode of ""Columbo"" or ""murder she wrote"". The director himself refers to the hackney story by showing the police officer watching an episode of Matlock! This story barely fills up 90 minutes but the director insists on using all 120 minutes filling with every cliche in the book. Skip this one, you are not missing anything.",negative,2,"7073, 46235","This is a typical ""perfect crime"" thriller. A perfect crime is executed and the investigating police officer, ignoring all the clues, immediately knows who guilty is. The audience has to wait around the whole movie for the guilty to be caught. The result is like every single episode of ""Columbo"" or ""murder she wrote"". The director himself refers to the hackney story by showing the police officer watching an episode of Matlock! This story barely fills up 90 minutes but the director insists on using all 120 minutes filling with every cliche in the book. Skip this one, you are not missing anything."
"This is a painfully slow story about the last days of 1999 when a strange disease breaks out and... I stopped caring. This is suppose to be about two people who live over or under each other in an apartment complex. There's a leak and a plumber put a hole in the man's floor so you can see into the woman's below apartment. Also since there is a crisis going on much of the dialog is actually news reports...<br /><br />Sounds promising?<br /><br />Not really.<br /><br />I became distracted and started doing other things which is deadly in a subtitled film. Basically I started not watching, which made events seem even more surreal when I did look up.<br /><br />It may work for you, it didn't for me.",negative,2,"4993, 23247","This is a painfully slow story about the last days of 1999 when a strange disease breaks out and... I stopped caring. This is suppose to be about two people who live over or under each other in an apartment complex. There's a leak and a plumber put a hole in the man's floor so you can see into the woman's below apartment. Also since there is a crisis going on much of the dialog is actually news reports...<br /><br />Sounds promising?<br /><br />Not really.<br /><br />I became distracted and started doing other things which is deadly in a subtitled film. Basically I started not watching, which made events seem even more surreal when I did look up.<br /><br />It may work for you, it didn't for me."
This is a new Barbie movie. The graphics were really good. They made the movie seem partially realistic. I used to do ballet and this movie made me want to continue it. This movie was kind of like a Cinderella movie but a little bit different. A father of 12 princesses gets very sick. His cousin poisons him and wants the throne. The girls find a secret magical land thanks to their dead mother's stories. Its up to them to save their father and society. With the help of their handsome prince. It was a funny movie and me and my friend had fun watching it. We enjoyed it a lot and also enjoyed the Indian talking parrot. The music was very nice and made the movie even greater. It had a great classical orchestra. The voices were great and the characters were adorably sweet and cute. I liked it,positive,2,"26493, 43272",This is a new Barbie movie. The graphics were really good. They made the movie seem partially realistic. I used to do ballet and this movie made me want to continue it. This movie was kind of like a Cinderella movie but a little bit different. A father of 12 princesses gets very sick. His cousin poisons him and wants the throne. The girls find a secret magical land thanks to their dead mother's stories. Its up to them to save their father and society. With the help of their handsome prince. It was a funny movie and me and my friend had fun watching it. We enjoyed it a lot and also enjoyed the Indian talking parrot. The music was very nice and made the movie even greater. It had a great classical orchestra. The voices were great and the characters were adorably sweet and cute. I liked it so enjoy the movie its great for the family. All in all I'd watch it again.
This insipid mini operetta featuring a Eddy-McDonald prototype in a Valentino scenario is so bad it becomes an endurance exercise after five minutes. It's silly from the get go as this brevity opens two military men discussing the lack of manliness in the son of one of the officers. In under a minute he is packed off to Morrocco where he lives a double life as the Red Shadow; the leader of an Arab tribe that would rather sing than fight.<br /><br />Alexander Gray and Bernice Clare possess fine light opera voices (with little acting ability) and there's a decent bass in there as well but the acting is so haphazard scenes so ill prepared you get the feeling they are making things up as they go along.<br /><br />This two reeler was part of a larger stage production that lists six writers. With more room to spoof and warble,negative,2,"6377, 29557",This insipid mini operetta featuring a Eddy-McDonald prototype in a Valentino scenario is so bad it becomes an endurance exercise after five minutes. It's silly from the get go as this brevity opens two military men discussing the lack of manliness in the son of one of the officers. In under a minute he is packed off to Morrocco where he lives a double life as the Red Shadow; the leader of an Arab tribe that would rather sing than fight.<br /><br />Alexander Gray and Bernice Clare possess fine light opera voices (with little acting ability) and there's a decent bass in there as well but the acting is so haphazard scenes so ill prepared you get the feeling they are making things up as they go along.<br /><br />This two reeler was part of a larger stage production that lists six writers. With more room to spoof and warble the show may have had some entertainment values but this rushed quickie is little more than an insult to an audience waiting for the feature presentation.
"This has got to be the worst show I have ever seen. I always liked Chuck Norris in Films, but why do we need to make these shows politically correct by adding a black side kick who is as threatening as Shirley Temple in Little Miss Marker. I also thought the show was limited because how many times can you kick a guy in the face and make it interesting. I know an African American who looks like this Trivette guy and he gets his butt kicked about once a week he is all attitude.<br /><br />Chuck Norris is the man and he deserves all the kudos he gets, I think this show started great but lost steam as time went on<br /><br />They should have dumped Chucks side kick",negative,2,"19531, 35074","This has got to be the worst show I have ever seen. I always liked Chuck Norris in Films, but why do we need to make these shows politically correct by adding a black side kick who is as threatening as Shirley Temple in Little Miss Marker. I also thought the show was limited because how many times can you kick a guy in the face and make it interesting. I know an African American who looks like this Trivette guy and he gets his butt kicked about once a week he is all attitude.<br /><br />Chuck Norris is the man and he deserves all the kudos he gets, I think this show started great but lost steam as time went on<br /><br />They should have dumped Chucks side kick"
"This film was so amateurish I could hardly believe what I was seeing. It is shot on VIDEO! NOT film! I have not seen the likes of this since the early 70's, when late night networks showed movie of the week 'horror flicks' shot in......video. It looks like a bad soap opera, and that is paying it a compliment. Some of the actors give it their best shot. Michael Des Barres does okay with what he is given to do, which is to act like a sex addict out of control. I can't say that it is pleasant to watch.<br /><br />Nastassja Kinski as the therapist sits in a chair for practically the entire film, with very little variation in camera angles. I can't fault her for someone else's poor blocking, but she is totally unbelievable in her role. Her little girl voice works against her here. And I consider",negative,2,"28824, 48775","This film was so amateurish I could hardly believe what I was seeing. It is shot on VIDEO! NOT film! I have not seen the likes of this since the early 70's, when late night networks showed movie of the week 'horror flicks' shot in......video. It looks like a bad soap opera, and that is paying it a compliment. Some of the actors give it their best shot. Michael Des Barres does okay with what he is given to do, which is to act like a sex addict out of control. I can't say that it is pleasant to watch.<br /><br />Nastassja Kinski as the therapist sits in a chair for practically the entire film, with very little variation in camera angles. I can't fault her for someone else's poor blocking, but she is totally unbelievable in her role. Her little girl voice works against her here. And I consider myself a Nastassja Kinski fan. She is certainly ageless and exotic, but she's outside her range with this.<br /><br />Alexandra Paul is pathetically overwrought. Every line she delivers is with three exclamation points. Someone must have directed her to scream at all costs. Why would Michael Des Barres want to have sex with such a raging shrew?<br /><br />Finally, Rosanna Arquette as the sweet, maligned wife comes off okay, and probably the most believable of the bunch. But that is not saying much.<br /><br />This has to be the worst film I have seen in years."
"This soap is worse than bad: it's poisonous. Of the many television shows that have had a corrosive influence on British society over the past twenty years, Eastenders is the prime example. For two decades this show has celebrated the oaf, the thug, the wide-boy, the tart, the gobby, the violent, the sexually-incontinent, the criminal, the ignorant, the unambitious ...<br /><br />How many times has someone or other remarked that Eastenders ""mirrors life""? Life on which planet, exactly? <br /><br />It's written about ""working-class"" characters, as imagined by middle-class people who have taken a course in creative writing. Eager to show to their middle-class peers how familiar they are with the ""working-class"" they dream up the lumpen rabble that is the citizenry of Eastenders.<br /><br />This has a toxic effect on some minds less well-equipped than others to handle fiction, and so we find members of the real population assuming",negative,2,"13476, 14154","This soap is worse than bad: it's poisonous. Of the many television shows that have had a corrosive influence on British society over the past twenty years, Eastenders is the prime example. For two decades this show has celebrated the oaf, the thug, the wide-boy, the tart, the gobby, the violent, the sexually-incontinent, the criminal, the ignorant, the unambitious ...<br /><br />How many times has someone or other remarked that Eastenders ""mirrors life""? Life on which planet, exactly? <br /><br />It's written about ""working-class"" characters, as imagined by middle-class people who have taken a course in creative writing. Eager to show to their middle-class peers how familiar they are with the ""working-class"" they dream up the lumpen rabble that is the citizenry of Eastenders.<br /><br />This has a toxic effect on some minds less well-equipped than others to handle fiction, and so we find members of the real population assuming the attitudes and demeanour of the inhabitants of Walford.<br /><br />Thus, it came to pass that Eastenders mirrors life; but only after life had been hoodwinked into mirroring Eastenders.<br /><br />Other soaps have followed in EE's footsteps, filled to their stinking gunwhales with ugly, potato-faced, shaven-headed, pot-bellied characters, scowling at each other and issuing threats constantly. This is the proletariat as perceived by the writers who produce this trash. The writers will grow rich on the proceeds of such output, and will go on to enjoy the finer things of life in their rarified enclaves. Meanwhile, the burgeoning number of new, TV-induced drones will proceed inexorably toward cultural bankruptcy.<br /><br />And there you have the new priests and the new creatures of the early 21st century. Much of this is due to the immeasurable power of that illuminated boxful of dancing pixels in the corner of your living-room. It's your fault, gentle reader: that's what you chose as the only window through which to look out from your prison."
"This film marked the end of the ""serious"" Universal Monsters era (Abbott and Costello meet up with the monsters later in ""Abbott and Costello Meet Frankentstein""). It was a somewhat desparate, yet fun attempt to revive the classic monsters of the Wolf Man, Frankenstein's monster, and Dracula one ""last"" time.<br /><br />I say desparate, because in the previous film, ""House of Frankenstein,"" both Dracula and the Wolf Man are killed according to how the vampire and werewolf legends say they should be (Dracula by the sunlight, and the wolf man by a silver bullet). Yet somehow they return in House of Dracula with no explanation. This movie could have played as a kind of prequel to House of Frankenstein if the Frankenstein monster plot wouldn't be continuing chronologically into House of Dracula from House of Frankenstein, and if the wolf man didn't get cured. Then there'd be no plot holes.",positive,2,"27515, 36526","This film marked the end of the ""serious"" Universal Monsters era (Abbott and Costello meet up with the monsters later in ""Abbott and Costello Meet Frankentstein""). It was a somewhat desparate, yet fun attempt to revive the classic monsters of the Wolf Man, Frankenstein's monster, and Dracula one ""last"" time.<br /><br />I say desparate, because in the previous film, ""House of Frankenstein,"" both Dracula and the Wolf Man are killed according to how the vampire and werewolf legends say they should be (Dracula by the sunlight, and the wolf man by a silver bullet). Yet somehow they return in House of Dracula with no explanation. This movie could have played as a kind of prequel to House of Frankenstein if the Frankenstein monster plot wouldn't be continuing chronologically into House of Dracula from House of Frankenstein, and if the wolf man didn't get cured. Then there'd be no plot holes. But since this is not the case, the plots of Dracula and the Wolf Man make no sense.<br /><br />However, ignoring these plot holes, House of Dracula is a classic atmospheric horror film that's fun to watch. It has many high points. Especially seeing the wolf man get cured. I know I just said that this shouldn't have been included, but it was nice to actually see him get cured after all this time. And the scene with the lady playing ""Moonlight Senada,"" on the piano then all of a sudden playing a haunting melody when under Dracula's spell was very eerie. Dr. Edleman's transformation into the ""Dr. Jekyl/Mr. Hyde"" type character was also done very well.<br /><br />And it's great to see Dracula, Frankenstein, and the Wolf Man together, one ""last"" time.<br /><br />*** out of ****"
This film is so bad and gets worse in every imaginable fashion. Its not just the poor acting and script nor is it the lame and perverse time one wastes on watching it. What really puts this film in my hall of shame is the apparent struggling that the writers and producers do with the film to try and make it funny. The actress replacing Jean Reno's descendant is to old and learned her lesson in the first film so they add a new girl who is to be married. Nearly all of the original extras and gags return however this time makes me want to ripe my eyes out of my sockets because it's a waste of perfectly good film. The torture of the constant camera cuts and shots in any scene in this movie can put the viewer into violent convolutions. This second film takes the successful original,negative,2,"21663, 37418","This film is so bad and gets worse in every imaginable fashion. Its not just the poor acting and script nor is it the lame and perverse time one wastes on watching it. What really puts this film in my hall of shame is the apparent struggling that the writers and producers do with the film to try and make it funny. The actress replacing Jean Reno's descendant is to old and learned her lesson in the first film so they add a new girl who is to be married. Nearly all of the original extras and gags return however this time makes me want to ripe my eyes out of my sockets because it's a waste of perfectly good film. The torture of the constant camera cuts and shots in any scene in this movie can put the viewer into violent convolutions. This second film takes the successful original and drags it out of its coffin and parades the corpse out in the public square and perversely degrades not only the original idea and its legacy but our intelligence as well. This film unlike the spruce goose could not fly for it had no plot in the principals returning for a 'necklace'. No script since it was apparently written and added to daily. No attention to camera or shots in mind. Poor lighting and special effects done for the sake of doing so. This film would not even pass for a student film in basic Film 101. How this pile got through no one can tell. It was a big loosing investment and it appears that no one had the strength to put this unnatural cruel mistake out of our miseries. This movie has one good part ...its END! This film is my #1 worst film of all time, finally ""Howard The Duck"" is no longer the goose."
"This film is bundled along with ""Gli fumavano le Colt... lo chiamavano Camposanto"" and both films leave a lot to be desired in the way of their DVD prints. First, both films are very dark--occasionally making it hard to see exactly what's happening. Second, neither film has subtitles and you are forced to watch a dubbed film--though ""Il Prezzo del Potere"" does seem to have a better dub. Personally, I always prefer subtitles but for the non-purists out there this isn't a problem. These DVD problems, however, are not the fault of the original film makers--just the indifferent package being marketed four decades later.<br /><br />As for the film, it's about the assassination of President Garfield. This is a MAJOR problem, as Van Johnson looks about as much like Garfield as Judy Garland. In no way whatsoever does he look like Garfield. He's missing the beard, has the wrong hair",negative,2,"21518, 42045","This film is bundled along with ""Gli fumavano le Colt... lo chiamavano Camposanto"" and both films leave a lot to be desired in the way of their DVD prints. First, both films are very dark--occasionally making it hard to see exactly what's happening. Second, neither film has subtitles and you are forced to watch a dubbed film--though ""Il Prezzo del Potere"" does seem to have a better dub. Personally, I always prefer subtitles but for the non-purists out there this isn't a problem. These DVD problems, however, are not the fault of the original film makers--just the indifferent package being marketed four decades later.<br /><br />As for the film, it's about the assassination of President Garfield. This is a MAJOR problem, as Van Johnson looks about as much like Garfield as Judy Garland. In no way whatsoever does he look like Garfield. He's missing the beard, has the wrong hair color and style and is just not even close in any way (trust me on this, I am an American History teacher and we are paid to know these sort of things!). The real life Garfield was a Civil War general and looked like the guys on the Smith Brothers cough drop boxes. Plus, using some other actor to provide the voice for Johnson in the dubbing is just surreal. Never before or since has Van Johnson sounded quite so macho!! He was a fine actor...but certainly not a convincing general or macho president.<br /><br />In addition to the stupid casting, President Garfield's death was in no way like this film. It's obvious that the film makers are actually cashing in on the crazy speculation about conspiracies concerning the death of JFK, not Garfield. Garfield was shot in Washington, DC (not Dallas) by a lone gunman with severe mental problems--not a group of men with rifles. However, according to most experts, what actually killed Garfield (over two months later) were incompetent doctors--who probed and probed and probed to retrieve a bullet (to no avail) and never bothered cleaning their hands or implements in the process. In other words, like George Washington (who was basically killed by repeated bloodletting when suffering with pneumonia) he died due to malpractice. In the movie they got nothing right whatsoever...other than indeed President Garfield was shot.<br /><br />Because the film bears almost no similarity to real history, it's like a history lesson as taught from someone from another planet or someone with a severe brain injury. Why not also include ninjas, fighting robots and the Greek gods while you're at it?!?! Aside from some decent acting and production values, because the script is utter cow crap, I don't recommend anyone watch it. It's just a complete and utter mess."
"This film features two of my favorite guilty pleasures. Sure, the effects are laughable, the story confused, but just watching Hasselhoff in his Knight Rider days is always fun. I especially like the old hotel they used to shoot this in, it added to what little suspense was mustered. Give it a 3.",negative,2,"10746, 49088","This film features two of my favorite guilty pleasures. Sure, the effects are laughable, the story confused, but just watching Hasselhoff in his Knight Rider days is always fun. I especially like the old hotel they used to shoot this in, it added to what little suspense was mustered. Give it a 3."
"This TV show is possibly the most pathetic display of crap on TV today. Horribly predictable, obscene usage of slow motion photography, cheesy story lines. Chuck Norris is an abomination who should never have been allowed to be filmed in anything. The way he chooses to make each episode into a public service announcement is really annoying. His acting sucks so bad that it makes a person cringe with embarrassment. I will give the series some credit though...it does get entertaining at times, but not enough for it make any difference. With all the negative points this series has, i still prefer it over reality TV, it can't really get any more worthless than that.",negative,2,"7132, 36345","This TV show is possibly the most pathetic display of crap on TV today. Horribly predictable, obscene usage of slow motion photography, cheesy story lines. Chuck Norris is an abomination who should never have been allowed to be filmed in anything. The way he chooses to make each episode into a public service announcement is really annoying. His acting sucks so bad that it makes a person cringe with embarrassment. I will give the series some credit though...it does get entertaining at times, but not enough for it make any difference. With all the negative points this series has, i still prefer it over reality TV, it can't really get any more worthless than that."
"This HAS to be my guilty pleasure. I am a HUGE fan of 80's movies that were designed to entertain and they didn't care if they offended anyone. This move has no meat, not substance, no deep thought provoking scenes. Just plain old college kids having fun and if a few breasts have to be shown, then so be it! This movie is for when you just want to relax and NOT think. Viva la nudity!",positive,2,"2357, 37755","This HAS to be my guilty pleasure. I am a HUGE fan of 80's movies that were designed to entertain and they didn't care if they offended anyone. This move has no meat, not substance, no deep thought provoking scenes. Just plain old college kids having fun and if a few breasts have to be shown, then so be it! This movie is for when you just want to relax and NOT think. Viva la nudity!"
"These writers are trying to re-create the characters they have on ""scrubs"" in a different occupation however the characters they are stuck with have no charisma or acting ability not to mention the writing seems poor and effortless. These guys are trying to create something that would be good if the writing wasn't so disgusting which is leaving the shows only lifeline to be two attractive teachers that that are barely keeping it alive. The humor in this show seems like it is trying to target an audience with an I.Q. of 40 or below. Another reason why this show is becoming a failure could be that the writing on the show ""scrubs"" is excellent and this show has to follow it up leaving the viewer in an odd position not knowing whether to cry or to just lose hope in new sitcoms all together. This is just my opinion",negative,2,"32498, 36740","These writers are trying to re-create the characters they have on ""scrubs"" in a different occupation however the characters they are stuck with have no charisma or acting ability not to mention the writing seems poor and effortless. These guys are trying to create something that would be good if the writing wasn't so disgusting which is leaving the shows only lifeline to be two attractive teachers that that are barely keeping it alive. The humor in this show seems like it is trying to target an audience with an I.Q. of 40 or below. Another reason why this show is becoming a failure could be that the writing on the show ""scrubs"" is excellent and this show has to follow it up leaving the viewer in an odd position not knowing whether to cry or to just lose hope in new sitcoms all together. This is just my opinion but i think these guys should stop now before they humiliate themselves anymore than they have already."
"There's something frustrating about watching a movie like 'Murder By Numers' because somewhere inside that Hollywood formula is a good movie trying to pop out. However, by the time the credits roll, there's no saving it. The whole thing is pretty much blown by the ""cop side"" of the story, where Sandra Bullock and Ben Chaplin's homicide detective characters muddle through an awkward sexual affair that becomes more and more trivialized the longer the movie goes on. Although Bullock is strong in her role, it's not enough to save the lackluster script and lazy pacing. Ben Chaplin's talents are wasted in a forgettable role (he did much better earlier in the year in the underrated 'Birthday Girl') as well as Chris Penn, who has a role so thanklessly small you feel sorry for a talent like him. Anyway, the plot really isn't even a factor in this movie at all.",negative,2,"18787, 29201","There's something frustrating about watching a movie like 'Murder By Numers' because somewhere inside that Hollywood formula is a good movie trying to pop out. However, by the time the credits roll, there's no saving it. The whole thing is pretty much blown by the ""cop side"" of the story, where Sandra Bullock and Ben Chaplin's homicide detective characters muddle through an awkward sexual affair that becomes more and more trivialized the longer the movie goes on. Although Bullock is strong in her role, it's not enough to save the lackluster script and lazy pacing. Ben Chaplin's talents are wasted in a forgettable role (he did much better earlier in the year in the underrated 'Birthday Girl') as well as Chris Penn, who has a role so thanklessly small you feel sorry for a talent like him. Anyway, the plot really isn't even a factor in this movie at all. The two teen killers played by Ryan Gosling and Michael Pitt are the only real reasons to see this movie. Their talent and chemistry work pretty good and they play off of each other quite well. It's too bad they weren't in a much better all-around film. Barbet Schroeder is treading way too safe ground here for such a seasoned filmmaker. Bottom Line: it's worth a rent if you're a genre fan, but everyone else will live a fulfilled life without ever seeing it, except maybe on network TV with convenient commercial breaks."
There's only one thing I'm going to say about cat in the hat...as a KIDS movie and a good comedy movie it sucks...I lost track of how many terrible jokes in the movie that not only sucked but weren't exactly kid appropriate. Oh and by the way the way the cat in the hat talked was annoying...as for the plot I completely forgot. Who cares it sucked anyway. i'm not sure why Mike Myers joined but I think the writers were trying to make it sound like him in Austin powers without the swinger talk and it overly succeeded- but so what it was annoying. don't see it-it belongs in the bottom 100.............................. the jokes are so unkiddy it's funny,negative,2,"12593, 34313",There's only one thing I'm going to say about cat in the hat...as a KIDS movie and a good comedy movie it sucks...I lost track of how many terrible jokes in the movie that not only sucked but weren't exactly kid appropriate. Oh and by the way the way the cat in the hat talked was annoying...as for the plot I completely forgot. Who cares it sucked anyway. i'm not sure why Mike Myers joined but I think the writers were trying to make it sound like him in Austin powers without the swinger talk and it overly succeeded- but so what it was annoying. don't see it-it belongs in the bottom 100.............................. the jokes are so unkiddy it's funny
"There is no way to avoid a comparison between The Cat in the Hat and The Grinch Who Stole Christmas, so let's get that part out of the way. First of all, let me start by saying that I think Grinch was an underrated and unappreciated film. Cat was... well, just awful.<br /><br />Jim Carey was cast because he is a brilliant physical comedian, and fearlessly commits to over the top, outrageous characters. Mike Myers fell back on his old bag of tricks.<br /><br />Why, why, why Mike Myers?? The kids could care less, and the Austin Powers demographic isn't going to spy this film. So, what was the studio thinking?<br /><br />The Cat was also apparently related to Linda Richmond. Can we talk? Why a New York Accent? Not entirely consistent with anything Dr. Seuss has ever written. Myers was even allowed to sneak in his Scottish shtick. I",negative,2,"23821, 43361","There is no way to avoid a comparison between The Cat in the Hat and The Grinch Who Stole Christmas, so let's get that part out of the way. First of all, let me start by saying that I think Grinch was an underrated and unappreciated film. Cat was... well, just awful.<br /><br />Jim Carey was cast because he is a brilliant physical comedian, and fearlessly commits to over the top, outrageous characters. Mike Myers fell back on his old bag of tricks.<br /><br />Why, why, why Mike Myers?? The kids could care less, and the Austin Powers demographic isn't going to spy this film. So, what was the studio thinking?<br /><br />The Cat was also apparently related to Linda Richmond. Can we talk? Why a New York Accent? Not entirely consistent with anything Dr. Seuss has ever written. Myers was even allowed to sneak in his Scottish shtick. I wonder how many different voices the director and the studio tried to edit out of before they just gave in and said ""as long as you don't say fahklempt', you can keep the accents."" Meyers never seemed to find any sort of comfort, either with the costume, make-up, or dialogue.<br /><br />The jokes, what few there were, were crude and age inappropriate. When Myers picks up a garden hoe and delivers to the camera: ""dirty ho"", everything but the rim shot was missing, and even that wouldn't have helped.<br /><br />The same folks who created 'Whoville', clearly had a hand in the creation of the town and the houses in 'Cat'. The sets and props were very appealing, giving the viewer a much needed distraction from the bad writing, direction, and Myers.<br /><br />There was some fun to be had with Alec Baldwin and Kelly Preston. Dakota Fanning was the only actor who seemed to be aware she was in a movie based on a Dr. Seuss classic, and stayed true to the genre.<br /><br />Call the SPCA. This Cat should be neutered and never be allowed to reproduce again. Please, please, no sequel."
"This is one of those star-filled over-the-top comedies that could a) be hysterical, or b) wish that you had gone to the dentist to have all your teeth pulled instead. Unfortunately, One Night at McCool's is a classic ""b.""<br /><br />Goldie Hawn recently commented about ""Town and Country"" that it's a big problem in Hollywood that they start with hiring the actors and putting together a deal before a script is completed. You have to figure that not only did they go into this picture without a complete script, they also mangled it daily. Maybe we need to send cards and letters to the heads of all the studio that say, ""It's the script, stupid."" <br /><br />This is also one of those movies where you find yourself feeling sorry for the actors most of the way through. They're working their asses off trying to make all this seem hysterical,",negative,2,"6207, 9503","This is one of those star-filled over-the-top comedies that could a) be hysterical, or b) wish that you had gone to the dentist to have all your teeth pulled instead. Unfortunately, One Night at McCool's is a classic ""b.""<br /><br />Goldie Hawn recently commented about ""Town and Country"" that it's a big problem in Hollywood that they start with hiring the actors and putting together a deal before a script is completed. You have to figure that not only did they go into this picture without a complete script, they also mangled it daily. Maybe we need to send cards and letters to the heads of all the studio that say, ""It's the script, stupid."" <br /><br />This is also one of those movies where you find yourself feeling sorry for the actors most of the way through. They're working their asses off trying to make all this seem hysterical, but they know most of it is going to be accompanied not by belly laughs but by the sounds of the crickets you can hear inside the silent theatre.<br /><br />Is it an unmitigated disaster? Not entirely. There are some smiles along the way, mostly due to the efforts of the actors. I probably would have gone out of the theatre thinking, ""Eh. It was okay."" So why the undeniably hostile tone in my review? The ending. If, as it's been noted, the rest of the movie is just all a setup for the ending, then it misses spectacularly. I really wish I could speak specifically about it, but I hate people who give too much away (even in warning). Suffice it to say that as soon as you see John Goodman behind a bent-over Paul Reiser (nothing given away here. It's in the trailer), get the hell out of the theatre and go out thinking, ""Eh. It was okay."" The rest of the movie is tacked-on and creatively bankrupt. And you'll be appalled that there will actually be people laughing at this mess. <br /><br />If you loved ""There's Something About Mary"" or ""Meet The Parents"" (both GREAT movies), then don't bother to see this movie. Go have those teeth taken care of instead."
"This is the final episode we deserved. At the end of the last season, things were left in a 'life goes on' mood, which was hardly the wrap-up that this realistic series deserved. While not a happy show, this series was always one that made you think (a rare thing on television), and this is no exception. 'Is death justified by reasoning?' 'Are morals reflective of society, or is society shaped by the morals that are selected by the few in power?' 'What is a just death, and can it exist?' All of these questions, and more, are posed by the writers of this show every week, and this is their final thesis. Fine acting, great writing, wonderful camera-work, brilliant editing, clean direction. If you have seen the series and you missed this when it first ran, then get a hold on a copy somehow. If you never watched the",positive,2,"26899, 48583","This is the final episode we deserved. At the end of the last season, things were left in a 'life goes on' mood, which was hardly the wrap-up that this realistic series deserved. While not a happy show, this series was always one that made you think (a rare thing on television), and this is no exception. 'Is death justified by reasoning?' 'Are morals reflective of society, or is society shaped by the morals that are selected by the few in power?' 'What is a just death, and can it exist?' All of these questions, and more, are posed by the writers of this show every week, and this is their final thesis. Fine acting, great writing, wonderful camera-work, brilliant editing, clean direction. If you have seen the series and you missed this when it first ran, then get a hold on a copy somehow. If you never watched the series when it ran, then this will stand up on its own, but it may be heavy going trying to keep up with who all the characters are and what they are alluding to in their varied pasts. For those of us who were avid viewers of the series in the last two seasons, this is very satisfying viewing."
"This is the worst film I have ever seen, bar none. From the flimsy-looking, poorly lit sets, to the laughable acting, to the infantile plot and shoddy, drawn-out action sequences, this film is so bad, its hilarious. For about ten minutes. After which you will be reaching for the remote or the power socket to end this film non-experience. Although it was obviously made with the entire production and acting staff's collective tongue rammed in cheek (please God), I found Jack Frost 2 so dreadful as to be unwatchable for more than a quarter of an hour. If you have not had enough of it after this time, you must be indulging in drug abuse.",negative,2,"3366, 21585","This is the worst film I have ever seen, bar none. From the flimsy-looking, poorly lit sets, to the laughable acting, to the infantile plot and shoddy, drawn-out action sequences, this film is so bad, its hilarious. For about ten minutes. After which you will be reaching for the remote or the power socket to end this film non-experience. Although it was obviously made with the entire production and acting staff's collective tongue rammed in cheek (please God), I found Jack Frost 2 so dreadful as to be unwatchable for more than a quarter of an hour. If you have not had enough of it after this time, you must be indulging in drug abuse."
"This movie had a IMDB rating of 8.1 so I expected much more from it. It starts out funny and endearing with an energy that feels spontaneous. But before the movie is half-way through, it begins to drag and everything becomes sickingly predictable. The characters in the office were delightful in the first third of the movie, but we get to know them a little too well; they become caricatures, not real people at all. This is the same story I've seen hundreds of times, only told here with slightly different circumstances. The thing is, I could stomach another predictable love story if only the dialog weren't so stale!<br /><br />The only thing that could be worse is if the characters had inconsistent and unbelievable motivations, and unfortunately that was also the case with Dead Letter Office. Hopefully this movie will end up in the Dead Movie Office soon.",negative,2,"17651, 34080","This movie had a IMDB rating of 8.1 so I expected much more from it. It starts out funny and endearing with an energy that feels spontaneous. But before the movie is half-way through, it begins to drag and everything becomes sickingly predictable. The characters in the office were delightful in the first third of the movie, but we get to know them a little too well; they become caricatures, not real people at all. This is the same story I've seen hundreds of times, only told here with slightly different circumstances. The thing is, I could stomach another predictable love story if only the dialog weren't so stale!<br /><br />The only thing that could be worse is if the characters had inconsistent and unbelievable motivations, and unfortunately that was also the case with Dead Letter Office. Hopefully this movie will end up in the Dead Movie Office soon."
"This show is the worst show ever! Norris and his family write it, produce it, direct it, etc etc. The only reason I ever see it is because my goofy wife likes it. How many times can Norris fly though the air from plain sight to land a kick on an obviously blind villain? No trees, no building, just whoosh.....thin air. He ALWAYS solves the case or is the best at whatever skill there is. No co star ever gets the glory. Its all Norris. Its truly apparent that Norris is awful stuck on himself and will not allow anyone to one up him in any scene no matter what the content. Terrible acting, terrible script, terrible series.",negative,2,"30004, 49216","This show is the worst show ever! Norris and his family write it, produce it, direct it, etc etc. The only reason I ever see it is because my goofy wife likes it. How many times can Norris fly though the air from plain sight to land a kick on an obviously blind villain? No trees, no building, just whoosh.....thin air. He ALWAYS solves the case or is the best at whatever skill there is. No co star ever gets the glory. Its all Norris. Its truly apparent that Norris is awful stuck on himself and will not allow anyone to one up him in any scene no matter what the content. Terrible acting, terrible script, terrible series."
"This should have been a short film, nothing more. The Length of 1,5 hours is much too long, because after 10 minutes you have seen almost every joke. It's getting more and more on your nerves untill you finally kick out your brain to endure that movie.<br /><br />To do yourself a favor, don't mention to see that movie...",negative,2,"21957, 26500","This should have been a short film, nothing more. The Length of 1,5 hours is much too long, because after 10 minutes you have seen almost every joke. It's getting more and more on your nerves untill you finally kick out your brain to endure that movie.<br /><br />To do yourself a favor, don't mention to see that movie..."
"This series is formulaic and boring. The episodes are the same thing every week, simply with slightly varied settings. Some purely evil character does some dastardly deed, Walker goes after him, and it ends in a Karate match. The villains are super-cliché super-stereotypical evil villains, the good guys are all pure, honest and saintly, and the story lines are simplistic and unrealistic. After about 2 episodes, the show becomes totally unwatchable by all but the least discerning fans. Certainly not Norris's best work. His other work may be cliché but it usually does not drag on for weeks. If you enjoy formulaic,boring, repetitive clichéd snooze-fests, then this is for you.",negative,2,"12258, 23332","This series is formulaic and boring. The episodes are the same thing every week, simply with slightly varied settings. Some purely evil character does some dastardly deed, Walker goes after him, and it ends in a Karate match. The villains are super-cliché super-stereotypical evil villains, the good guys are all pure, honest and saintly, and the story lines are simplistic and unrealistic. After about 2 episodes, the show becomes totally unwatchable by all but the least discerning fans. Certainly not Norris's best work. His other work may be cliché but it usually does not drag on for weeks. If you enjoy formulaic,boring, repetitive clichéd snooze-fests, then this is for you."
"This only gets bashed because it stars David Hasselhoff. Well, then let me bash it to. Compared to the garbage they call horror coming out nowadays, this film isn't too bad. It has the beautiful Leslie Cumming. She is super hot, but can't talk very well. There is a great scene with her when she is supernaturally raped. She shows off her nice body. Linda Blair does nothing here as well as Hasselhoff. 3/10",negative,2,"30005, 32077","This only gets bashed because it stars David Hasselhoff. Well, then let me bash it to. Compared to the garbage they call horror coming out nowadays, this film isn't too bad. It has the beautiful Leslie Cumming. She is super hot, but can't talk very well. There is a great scene with her when she is supernaturally raped. She shows off her nice body. Linda Blair does nothing here as well as Hasselhoff. 3/10"
"This movie was physically painful to sit through, maybe because (like many people my age, and younger) I grew up with Dr. Seuss and loved his books - funny, clever, whimsical and subversive at the same time. ""The Cat in the Hat"" sucks all of the interest and spark out of the story, and Mike Myer's performance as the Cat is mostly bewildering. Why the Borscht Belt accent, the unfunny patter, the inappropriate jokes, the charmless costume? I had to go back and re-read the books to see the real problem: the books are SIMPLE. This movie is OVERBLOWN and way, way too long.<br /><br />You don't expect every kids' movie to be Toy Story or The Iron Giant, but this one set a new low. How could Mike Myers need the money?",negative,2,"31948, 38612","This movie was physically painful to sit through, maybe because (like many people my age, and younger) I grew up with Dr. Seuss and loved his books - funny, clever, whimsical and subversive at the same time. ""The Cat in the Hat"" sucks all of the interest and spark out of the story, and Mike Myer's performance as the Cat is mostly bewildering. Why the Borscht Belt accent, the unfunny patter, the inappropriate jokes, the charmless costume? I had to go back and re-read the books to see the real problem: the books are SIMPLE. This movie is OVERBLOWN and way, way too long.<br /><br />You don't expect every kids' movie to be Toy Story or The Iron Giant, but this one set a new low. How could Mike Myers need the money?"
"This movie was a rather odd viewing experience. The movie is obviously based on a play. Now I'm sure that everything in this movie works out just fine in a play but for in a movie it just doesn't feel terribly interesting enough to watch. The movie is way too 'stagey' and they didn't even bothered to change some of the dialog to make it more fitting for a movie. Instead what is presented now is an almost literally re-filming of a stage-play, with over-the-top characters and staged dialog. Because of all this the storyline really doesn't work out and the movie becomes an almost complete bore- and obsolete viewing experience.<br /><br />It takes a while before you figure out that this is a comedy you're watching. At first you think its a drama you're watching, with quirky characters in it but as the movie progresses you'll notice that the",negative,2,"9325, 11992","This movie was a rather odd viewing experience. The movie is obviously based on a play. Now I'm sure that everything in this movie works out just fine in a play but for in a movie it just doesn't feel terribly interesting enough to watch. The movie is way too 'stagey' and they didn't even bothered to change some of the dialog to make it more fitting for a movie. Instead what is presented now is an almost literally re-filming of a stage-play, with over-the-top characters and staged dialog. Because of all this the storyline really doesn't work out and the movie becomes an almost complete bore- and obsolete viewing experience.<br /><br />It takes a while before you figure out that this is a comedy you're watching. At first you think its a drama you're watching, with quirky characters in it but as the movie progresses you'll notice that the movie is more a tragicomedy, that leans really more toward the comedy genre, rather than the drama genre.<br /><br />The characters and dialog are really the things that make this movie a quirky and over-the-top one that at times really become unwatchable. Sure, the actors are great; Peter O'Toole and Susannah York, amongst others but they don't really uplift the movie to a level of 'watchable enough'.<br /><br />The story feels totally disorientated. Basicaly the story is about nothing and just mainly focuses on the brother/sister characters played by Peter O'Toole and Susannah York. But what exactly is the story even about? The movie feels like a pointless and obsolete one that has very little to offer. Like I said before; I'm sure the story is good and interesting to watch on stage but as a movie it really isn't fitting and simply doesn't work out.<br /><br />The editing is simply dreadful and times and it becomes even laughable bad in certain sequences. <br /><br />More was to expect from director J. Lee Thompson, who has obviously done far better movies than this rather failed, stage-play translated to screen, project.<br /><br />Really not worth your time.<br /><br />4/10"
"This movie was NOTHING like the book. I think the writer of the screenplay must have wanted the job of writing the sequel to Gone with the Wind and been turned down. This was his or her way of getting their ideas in anyway. The only similarity between this movie and the story it was portraying was the names of the principle characters and the location of the main action. None of the events that are shown in the movie happened that way in the book. For a Gone with the Wind fan (of both the book and the movie) this was deeply disappointing. If you loved the book Scarlett, don't watch this movie hoping to see it played out on the screen. They only share the title in common.",negative,2,"17596, 46456","This movie was NOTHING like the book. I think the writer of the screenplay must have wanted the job of writing the sequel to Gone with the Wind and been turned down. This was his or her way of getting their ideas in anyway. The only similarity between this movie and the story it was portraying was the names of the principle characters and the location of the main action. None of the events that are shown in the movie happened that way in the book. For a Gone with the Wind fan (of both the book and the movie) this was deeply disappointing. If you loved the book Scarlett, don't watch this movie hoping to see it played out on the screen. They only share the title in common."
"This movie tries its darndest to capture that classic bad canadian movie feel:<br /><br />""quirky"" and obnoxious characters (a few); ""quirky"" town with ""quirky"" folk; a ""quirky"" coffee shop or restaurant (coffee shop here); lots of shots of canadian stuff for postcards (ocean stuff here); lots of mention of ""gotta get out of this town""; downright booooring.<br /><br />And it succeeds on all counts.<br /><br />Something to note, though. I couldn't figure out whether this movie was just trying to be post-Northern Exposure ""quirky"" comedy or something surreal like a drug-induced or psychotic hallucination. The editing of this movie jumped around nonsensically from one unrelated thing to another with zero pacing or motivation. Not to mention the fact that half the time we didn't even know where we were jumping. Take for instance, the very opening shots, of yelling teens in a car. Who are they and what the h---",negative,2,"23872, 43511","This movie tries its darndest to capture that classic bad canadian movie feel:<br /><br />""quirky"" and obnoxious characters (a few); ""quirky"" town with ""quirky"" folk; a ""quirky"" coffee shop or restaurant (coffee shop here); lots of shots of canadian stuff for postcards (ocean stuff here); lots of mention of ""gotta get out of this town""; downright booooring.<br /><br />And it succeeds on all counts.<br /><br />Something to note, though. I couldn't figure out whether this movie was just trying to be post-Northern Exposure ""quirky"" comedy or something surreal like a drug-induced or psychotic hallucination. The editing of this movie jumped around nonsensically from one unrelated thing to another with zero pacing or motivation. Not to mention the fact that half the time we didn't even know where we were jumping. Take for instance, the very opening shots, of yelling teens in a car. Who are they and what the h--- did they have to do with anything? And this sub - uh - plot (use that word plot loosely) concering kids that seem to span generations. I don't think they actually do, but the editing makes it look like they materialize from flashback, all of a sudden, to current time. Huh? What did I miss?<br /><br />Avoid. Unless for laughs. Or you want to try and trip out on the inept editing."
"This movie surprised me. Some things were ""clicheish"" and some technological elements reminded me of the movie ""Enemy of the State"" starring Will Smith. But for the most part very entertaining- good mix with Jamie Foxx and comedian Mike Epps and the 2 wannabe thugs Julio and Ramundo (providing some comic relief). This is a movie you can watch over again-say... some Wednesday night when nothing else is on. I gave it a 9 for entertainment value.",positive,2,"43437, 46944","This movie surprised me. Some things were ""clicheish"" and some technological elements reminded me of the movie ""Enemy of the State"" starring Will Smith. But for the most part very entertaining- good mix with Jamie Foxx and comedian Mike Epps and the 2 wannabe thugs Julio and Ramundo (providing some comic relief). This is a movie you can watch over again-say... some Wednesday night when nothing else is on. I gave it a 9 for entertainment value."
"This movie starts out as if it were a comedy. It almost appears that the actors are reading off of cue cards, especially in the airport sequence. William Smith plays the role of ""Caribe,"" a hunter, who is quite twisted and deranged. Smith seems to always play villains such as in ""The Ultimate Warrior"" (1975), and ""The Frisco Kid"" (1979) to name a few, although in this film the villainous role seems laughable. This is one of those films where senseless things take place only to fill up screen time, such as the girl chasing sequence at the beginning, and the long silly motorcycle race. I give this film 1/10. I would have liked to see this film on ""Mystery Science Theatre"" it would have been hilarious.",negative,2,"15532, 19861","This movie starts out as if it were a comedy. It almost appears that the actors are reading off of cue cards, especially in the airport sequence. William Smith plays the role of ""Caribe,"" a hunter, who is quite twisted and deranged. Smith seems to always play villains such as in ""The Ultimate Warrior"" (1975), and ""The Frisco Kid"" (1979) to name a few, although in this film the villainous role seems laughable. This is one of those films where senseless things take place only to fill up screen time, such as the girl chasing sequence at the beginning, and the long silly motorcycle race. I give this film 1/10. I would have liked to see this film on ""Mystery Science Theatre"" it would have been hilarious."
"This movie starts off somewhat slowly and gets running towards the end. Not that that is bad, it was done to illustrate character trait degression of the main character. Consequently, if you are not into tragedies, this is not your movie. It is the thought provoking philosophy of this movie that makes it worthwhile. If you liked Dostoyevsky's 'Crime and Punishment,"" you will probably like this if only for the comparisons. The intriguing question that the movie prompts is, ""What is it that makes a renowned writer completely disregard his publicly-aproved ideas for another set?"" The new ideas are quite opposed to the status quo-if you are a conservative you will not like this movie. <br /><br />Besides other philosophical questions, I must admit that the movie was quite aesthetically pleasing as well. The grassy hillsides and beautiful scenery helped me get past the slow start. Also, there was use",positive,2,"29282, 46769","This movie starts off somewhat slowly and gets running towards the end. Not that that is bad, it was done to illustrate character trait degression of the main character. Consequently, if you are not into tragedies, this is not your movie. It is the thought provoking philosophy of this movie that makes it worthwhile. If you liked Dostoyevsky's 'Crime and Punishment,"" you will probably like this if only for the comparisons. The intriguing question that the movie prompts is, ""What is it that makes a renowned writer completely disregard his publicly-aproved ideas for another set?"" The new ideas are quite opposed to the status quo-if you are a conservative you will not like this movie. <br /><br />Besides other philosophical questions, I must admit that the movie was quite aesthetically pleasing as well. The grassy hillsides and beautiful scenery helped me get past the slow start. Also, there was use of coloric symbolism in representing the mindstate of the main characters. If these sorts of things do not impress you, skip it. Overall I give this movie a 7."
"This movie starts at A and never quite reaches B. Its title promises far more than the film delivers. It's superficial and filled with the usual cliches of a story in which a guy questions his sexuality. The people are agreeable, even the obligatory flamboyant type. The lead (Kevin McKidd) overacts insofar as there's a reason for him to act at all. Simon Callow, playing a horny straight, is always worth watching, and he's by far the only reason to stay with the movie. However, the rubbish about his men's group ""meditations"" or whatever they are grows extremely tiresome in short order. They seem to have been thrown into the movie's mild mix in a misguided effort to vary the setting and non-stop inaction. The same comment applies to a really odd and unconvincing camping trip. Don't worry about pausing the tape so you can get a snack. Let the",negative,2,"2312, 17704","This movie starts at A and never quite reaches B. Its title promises far more than the film delivers. It's superficial and filled with the usual cliches of a story in which a guy questions his sexuality. The people are agreeable, even the obligatory flamboyant type. The lead (Kevin McKidd) overacts insofar as there's a reason for him to act at all. Simon Callow, playing a horny straight, is always worth watching, and he's by far the only reason to stay with the movie. However, the rubbish about his men's group ""meditations"" or whatever they are grows extremely tiresome in short order. They seem to have been thrown into the movie's mild mix in a misguided effort to vary the setting and non-stop inaction. The same comment applies to a really odd and unconvincing camping trip. Don't worry about pausing the tape so you can get a snack. Let the thing run; you won't miss anything. Hugo Weaving's character is superfluous. He appears in a sequence with one of the lesser leads and doesn't even meet the rest at all. The outcome of that sequence isn't explained, and Hugo's real estate dealings have nothing to do with the story. The movie is a total disappointment at the end, because there is no resolution. The thing simply fades out and we're sent to the closing credits. This is an interlude with no structure."
"This movie really shows its age. The print I saw was terrible due to age, but it is possible that there are better prints out there. However, this was not the major problem with the movie. The problem was that although the film was made in 1933, it was essentially a silent film with only the barest of dialog scattered (only a few sentences) in the film in the most amateur fashion. Sometimes the characters' backs were turned or they were talking with their hands over their faces--all in a pathetic attempt to obscure their lips and ""cleaverly"" (?) hide the fact that the film was dubbed. Well, its true that this Czech film would need to be dubbed into many languages but to do it this way was really stupid and obvious. It just looked cheap.<br /><br />Overall, the film looked low budget and silly. It's really a shame",negative,2,"15000, 15725","This movie really shows its age. The print I saw was terrible due to age, but it is possible that there are better prints out there. However, this was not the major problem with the movie. The problem was that although the film was made in 1933, it was essentially a silent film with only the barest of dialog scattered (only a few sentences) in the film in the most amateur fashion. Sometimes the characters' backs were turned or they were talking with their hands over their faces--all in a pathetic attempt to obscure their lips and ""cleaverly"" (?) hide the fact that the film was dubbed. Well, its true that this Czech film would need to be dubbed into many languages but to do it this way was really stupid and obvious. It just looked cheap.<br /><br />Overall, the film looked low budget and silly. It's really a shame though, because there was a grain of a good story--a young woman who marries an older man who is either gay and/or has no interest in women. But in the 21st century, few people would really be willing to sit through this archaic mess. EVEN with a few glimpses of the naked (and somewhat chunky) Hedy Lamarr, it isn't worth all the fuss that accompanied the film when it debuted. Even by 1933 standards, this film was a poorly made dud. About the only interesting thing about the film is to see how different Lamarr looked in 1933 compared with the glamorous image Hollywood created when she came to America--she looks like 2 completely different people.<br /><br />It's such an incomplete looking and technically inferior film, I don't see how it has gotten such rave reviews. For technical problems alone, the movie can't rate a 10 or anything near it."
"This movie purports to be a character study of perversion. Some reviewers have been gulled into assuming that because perversion is depicted, the film is psychologically deep; actually, considering the salacious material, it is surprisingly tedious and shallow, with no motivational substance. Why is the main character the way she is? You won't find out from the script. For a better treatment of the same theme (and a more entertaining movie), try Bunuel's Belle de Jour.",negative,2,"39141, 45844","This movie purports to be a character study of perversion. Some reviewers have been gulled into assuming that because perversion is depicted, the film is psychologically deep; actually, considering the salacious material, it is surprisingly tedious and shallow, with no motivational substance. Why is the main character the way she is? You won't find out from the script. For a better treatment of the same theme (and a more entertaining movie), try Bunuel's Belle de Jour."
"This movie looked like it was rushed to release for some reason. Definitely not a well made movie. So unbelievable. The scenes where the President (Holbrook) were downtown and walking among the people were a farce. There would not be a chance for the common folk to be within 30 yards of the President in that situation in real life. If it wasn't for the blood and profanity, this was shot like a TV movie. It could have been decent if it was done differently. Holbrook's (President) talents were never realized in this movie. Shatner's acting is okay. The production values in this movie leave a lot to be desired. Overall, I think most people would be better off not wasting time to watch this affair.",negative,2,"10786, 11489","This movie looked like it was rushed to release for some reason. Definitely not a well made movie. So unbelievable. The scenes where the President (Holbrook) were downtown and walking among the people were a farce. There would not be a chance for the common folk to be within 30 yards of the President in that situation in real life. If it wasn't for the blood and profanity, this was shot like a TV movie. It could have been decent if it was done differently. Holbrook's (President) talents were never realized in this movie. Shatner's acting is okay. The production values in this movie leave a lot to be desired. Overall, I think most people would be better off not wasting time to watch this affair."
"This movie is very scary with scenes where the Devil uses Gabriels horn to open Heaven and pull the good angel-dogs out and imprision them on Alkatraz. The devil sings and dances to a few songs about the joys of being bad, and at one point, eats a live rat.<br /><br />We got this movie free with a pizza. You get what you pay for.",negative,2,"15044, 22096","This movie is very scary with scenes where the Devil uses Gabriels horn to open Heaven and pull the good angel-dogs out and imprision them on Alkatraz. The devil sings and dances to a few songs about the joys of being bad, and at one point, eats a live rat.<br /><br />We got this movie free with a pizza. You get what you pay for."
"This movie is so unreal. French movies like these are just waste of time. Why watch this movie? Even, I did not know..why. What? The well known sex scene of half-siblings? Although the sex scene is so real and explicit, but the story it is based upon is so unreal. What is the use of it, then? Can you find easily in life, half sibling doing such things?<br /><br />Did I learn something from this movie? Yeah: some people are just so fond of wasting time making such movies, such stories, such non-sense. But for those who like nihilism, nothingness in life, or simply a life without hope, then there you are.. you've got to see this movie.<br /><br />Only one worth adoring, though: CATHERINE DENEUVE. She's such a strikingly beautiful woman.",negative,2,"1784, 14293","This movie is so unreal. French movies like these are just waste of time. Why watch this movie? Even, I did not know..why. What? The well known sex scene of half-siblings? Although the sex scene is so real and explicit, but the story it is based upon is so unreal. What is the use of it, then? Can you find easily in life, half sibling doing such things?<br /><br />Did I learn something from this movie? Yeah: some people are just so fond of wasting time making such movies, such stories, such non-sense. But for those who like nihilism, nothingness in life, or simply a life without hope, then there you are.. you've got to see this movie.<br /><br />Only one worth adoring, though: CATHERINE DENEUVE. She's such a strikingly beautiful woman."
"This movie is amazing. You will NEVER laugh harder. It's a target. No, I think it's...yes it's...A BOOB! This movie gets funnier by the second--like when Jackie Chan's character finally dies in his final fight scene. This movie is velly velly seekwet like treasha! Congrats if you buy or rent this. You'll never return it, in my opinion. I didn't, and I haven't found it in a store since. I watched this movie once and I was forever in love with Kung-Fu action flicks. If you're looking for an amazing film in the realm of great production value, good or even mediocre acting, and good special effects...this is NOT that movie. If you're looking for laughs and timeless wonderment, pick this up for a dollar and you'll probably never let it go. With friends, popcorn and drinks, it's the perfect evening.",positive,2,"11733, 20489","This movie is amazing. You will NEVER laugh harder. It's a target. No, I think it's...yes it's...A BOOB! This movie gets funnier by the second--like when Jackie Chan's character finally dies in his final fight scene. This movie is velly velly seekwet like treasha! Congrats if you buy or rent this. You'll never return it, in my opinion. I didn't, and I haven't found it in a store since. I watched this movie once and I was forever in love with Kung-Fu action flicks. If you're looking for an amazing film in the realm of great production value, good or even mediocre acting, and good special effects...this is NOT that movie. If you're looking for laughs and timeless wonderment, pick this up for a dollar and you'll probably never let it go. With friends, popcorn and drinks, it's the perfect evening."
"This movie is a disgrace to the Major League Franchise. I live in Minnesota and even I can't believe they dumped Cleveland. (Yes I realize at the time the real Indians were pretty good, and the Twins had taken over their spot at the bottom of the American League, but still be consistent.) Anyway I loved the first Major League, liked the second, and always looked forward to the third, when the Indians would finally go all the way to the series. You can't tell me this wasn't the plan after the second film was completed. What Happened? Anyways if your a true fan of the original Major League do yourself a favor and don't watch this junk.",negative,2,"48973, 49986","This movie is a disgrace to the Major League Franchise. I live in Minnesota and even I can't believe they dumped Cleveland. (Yes I realize at the time the real Indians were pretty good, and the Twins had taken over their spot at the bottom of the American League, but still be consistent.) Anyway I loved the first Major League, liked the second, and always looked forward to the third, when the Indians would finally go all the way to the series. You can't tell me this wasn't the plan after the second film was completed. What Happened? Anyways if your a true fan of the original Major League do yourself a favor and don't watch this junk."
"This movie has made me upset! When I think of Cat in the hat. Im thinking of cat in the hat books. You know, the one from a few years back that parents read to thier children. Well, I though that this movie would be a lot like that! But much to my suprise was nothing like the books! Insted it is more like young adult humor movie. In one part cat is talking to a gardening tool (hoe) cat talks to it like it is his hoe (agin adult humor). the naming of his car I all so though was a little untastful for a kids movie. under the rating you'll find: mild cude humor and some double-entendres. I think in short this means adult humor. I wish I could return this movie! wal-mart said they wouldn't because the movie has been opened. If you are thinking about buying",negative,2,"1215, 7555","This movie has made me upset! When I think of Cat in the hat. Im thinking of cat in the hat books. You know, the one from a few years back that parents read to thier children. Well, I though that this movie would be a lot like that! But much to my suprise was nothing like the books! Insted it is more like young adult humor movie. In one part cat is talking to a gardening tool (hoe) cat talks to it like it is his hoe (agin adult humor). the naming of his car I all so though was a little untastful for a kids movie. under the rating you'll find: mild cude humor and some double-entendres. I think in short this means adult humor. I wish I could return this movie! wal-mart said they wouldn't because the movie has been opened. If you are thinking about buying this I suggest that maybe rent before you buy."
This movie has everything typical horror movies lack. Although some things are far fetched we are dealing with quality snow man engineers. The only preview i can reveal is that i cant wait for Jackzilla. Dare i say oscar winner. This is a perfect date movie. I advise all men for a nice romantic surprise see this movie with that special person.,positive,2,"638, 12846",This movie has everything typical horror movies lack. Although some things are far fetched we are dealing with quality snow man engineers. The only preview i can reveal is that i cant wait for Jackzilla. Dare i say oscar winner. This is a perfect date movie. I advise all men for a nice romantic surprise see this movie with that special person.
"It's difficult to express how bad this movie is. Even in the 1950s when intellectual searching for the meaning of life was fashionable and beatnik rejection of physical comforts, clean clothes, haircuts, etc. was a common reaction to the smug middle-class mores of both the USA and western Europe, this movie would have been a stinker. The plot is a mishmash of several dei ex machina (if that's the correct Latin grammar); the acting consists of deadpan stares broken by occasional hysterics (by the male lead as well as the females); the gratuitous view of Catherine Deneuve's (or somebody's) breasts are worthy of a Budweiser commercial; the repeated cacaphonous orchestra rehearsal in the abandoned building is I'm sure heavy with meaning in the director's mind but to me is just one more stupid symbol thrown into this meaningless movie -- I'm ranting because my time has been wasted watching this",negative,2,"23643, 37096","It's difficult to express how bad this movie is. Even in the 1950s when intellectual searching for the meaning of life was fashionable and beatnik rejection of physical comforts, clean clothes, haircuts, etc. was a common reaction to the smug middle-class mores of both the USA and western Europe, this movie would have been a stinker. The plot is a mishmash of several dei ex machina (if that's the correct Latin grammar); the acting consists of deadpan stares broken by occasional hysterics (by the male lead as well as the females); the gratuitous view of Catherine Deneuve's (or somebody's) breasts are worthy of a Budweiser commercial; the repeated cacaphonous orchestra rehearsal in the abandoned building is I'm sure heavy with meaning in the director's mind but to me is just one more stupid symbol thrown into this meaningless movie -- I'm ranting because my time has been wasted watching this scam excuse for an art flic. The scenery is beautiful and the sex scene is hot -- but underneath his clothes, this king has no substance."
"It is playing on SHOWTIME right now but is going to be released as a movie called THREE or has been released for 2006. Mess ups include a supposed nude body comes out of the waves with her bottoms on. You can have fun finding the others. It was a decent stranded, hungry, cold, crazy person video but that is about it. And of course what would a movie be without sex. The lady has a nice body and the men are pretty, but the story is the same as Swept Away or A Savage is Loose type with some blood. Wonder if the movie studios know they made a big booboo and already released this show and now gonna release it as THREE. Billy Zane should have worn a top hair piece or shaved his head completely. Juan Di Pace is awesome and there is a couple good sex",negative,2,"10537, 17846","It is playing on SHOWTIME right now but is going to be released as a movie called THREE or has been released for 2006. Mess ups include a supposed nude body comes out of the waves with her bottoms on. You can have fun finding the others. It was a decent stranded, hungry, cold, crazy person video but that is about it. And of course what would a movie be without sex. The lady has a nice body and the men are pretty, but the story is the same as Swept Away or A Savage is Loose type with some blood. Wonder if the movie studios know they made a big booboo and already released this show and now gonna release it as THREE. Billy Zane should have worn a top hair piece or shaved his head completely. Juan Di Pace is awesome and there is a couple good sex scenes. There is a voodoo woman that loves the character Di Pace plays and in real life her name is Di Pace too. Not aware of any connection but probably kin or married."
"It must say something about the state of our nation that this programme is one of the most popular currently screened. <br /><br />The 'square' is peopled by such a miserable, untrustworthy, amoral, spiteful, unrelentingly dour group of characters as can be imagined. Everyone is stabbing someone in the back, everyone is attempting to commit adultery, everyone is trying to cheat someone. That, or they are being stabbed, cuckolded or swindled. Nobody is cheerful. Nobody laughs. Nobody has a blinding stroke of luck or a really nice day. It's hell, with cockney accents.<br /><br />I suspect this programme must be sponsored by The Samaritans. It's perfect viewing for the depressed. It doesn't cheer them up; what it does do is present a whole community of such terminally despondent sad-arses that viewers are moved to believe their lot really could be worse - they might be living in 'Albert Square'.<br /><br",negative,2,"24790, 44234","It must say something about the state of our nation that this programme is one of the most popular currently screened. <br /><br />The 'square' is peopled by such a miserable, untrustworthy, amoral, spiteful, unrelentingly dour group of characters as can be imagined. Everyone is stabbing someone in the back, everyone is attempting to commit adultery, everyone is trying to cheat someone. That, or they are being stabbed, cuckolded or swindled. Nobody is cheerful. Nobody laughs. Nobody has a blinding stroke of luck or a really nice day. It's hell, with cockney accents.<br /><br />I suspect this programme must be sponsored by The Samaritans. It's perfect viewing for the depressed. It doesn't cheer them up; what it does do is present a whole community of such terminally despondent sad-arses that viewers are moved to believe their lot really could be worse - they might be living in 'Albert Square'.<br /><br />Apart from the above; as a representation of London's east end, it is pure hokum. The programme-makers have evidently never been across town. The first thing you encounter on the Mile End Road is a colossal mosque. And this pretty-well defines the racial majority of the population. White British Londoners are a dispersed and rapidly diminishing minority. A large advertisement hoarding presently near the Bow Road flyover, and sponsored by Tower Hamlets Health Care boasts that 'Eight out of ten members of the community can now see their doctor more quickly'. Ten healthy, smiling faces beam down at the observer in confirmation. Eight of them are dark-skinned... <br /><br />What's more, I used to work with a bunch of Anglo-Saxon - dare I say 'pukka' - cockneys a few years ago. And I can tell you that a more obnoxiously racist experience I've never had. Each day was like an Oswald Moseley rally. They couldn't pass 5 minutes without denigrating some other race or nationality than their own, and in terms that were repulsive and obscene. 'Fackin' Pakis' and 'fackin' Maceroons' were the small change of conversation. In fact their entire (and extremely limited) stock of adjectives fixated upon sex-organs and their application. Alf Garnett was a paragon of liberal virtue in comparison.<br /><br />Any programme that purported to represent London's native east-end Caucasians in their true nature would be completely unfit for broadcast - even after the 9 o-clock watershed. Imagine a Ku Klux Klan script written by Quentin Tarantino and you'd be somewhere near the mark. But when they weren't being inveterate bigots they were at least extremely cheerful.<br /><br />I don't know how such a soap-opera came to be. This imaginary castaway island of white misery has absolutely no bearing upon real culture whatsoever. And if you're of a comparatively sanguine disposition, it will quickly reduce you to tears of grief. Comparatively ordinary actors pretending to be comparatively ordinary chronic-depressives with cockney accents - what's the point of that?<br /><br />Dull, dreary, unrelentingly disillusional, and ethnically preposterous. The most popular programme of an apparently diseased and dying nation.<br /><br />Avoid it like the plague."
"Bette Midler is indescribable in this concert. She gives her all every time she is on stage. Whether we are laughing at her jokes and antics or dabbing our eyes at the strains of one of her tremendous ballads, Bette Midler moves her audience. If you can't see it live (which is the best way to see Bette) then this is the next best thing. An interesting thing to look at is how incredible her voice has changed and matured over the years but never lost its power. Her more ""vocally correct"" version of ""Stay With Me"" never loses anything in spirit from THE ROSE or DIVINE MADNESS, Here it is just more pure and as heartfelt as ever. I will treasure this concert for a very long time.",positive,2,"9313, 19712","Bette Midler is indescribable in this concert. She gives her all every time she is on stage. Whether we are laughing at her jokes and antics or dabbing our eyes at the strains of one of her tremendous ballads, Bette Midler moves her audience. If you can't see it live (which is the best way to see Bette) then this is the next best thing. An interesting thing to look at is how incredible her voice has changed and matured over the years but never lost its power. Her more ""vocally correct"" version of ""Stay With Me"" never loses anything in spirit from THE ROSE or DIVINE MADNESS, Here it is just more pure and as heartfelt as ever. I will treasure this concert for a very long time."
"Dumb is as dumb does, in this thoroughly uninteresting, supposed black comedy. Essentially what starts out as Chris Klein trying to maintain a low profile, eventually morphs into an uninspired version of ""The Three Amigos"", only without any laughs. In order for black comedy to work, it must be outrageous, which ""Play Dead"" is not. In order for black comedy to work, it cannot be mean spirited, which ""Play Dead"" is. What ""Play Dead"" really is, is a town full of nut jobs. Fred Dunst does however do a pretty fair imitation of Billy Bob Thornton's character from ""A Simple Plan"", while Jake Busey does a pretty fair imitation of, well, Jake Busey. - MERK",negative,2,"19130, 47138","Dumb is as dumb does, in this thoroughly uninteresting, supposed black comedy. Essentially what starts out as Chris Klein trying to maintain a low profile, eventually morphs into an uninspired version of ""The Three Amigos"", only without any laughs. In order for black comedy to work, it must be outrageous, which ""Play Dead"" is not. In order for black comedy to work, it cannot be mean spirited, which ""Play Dead"" is. What ""Play Dead"" really is, is a town full of nut jobs. Fred Dunst does however do a pretty fair imitation of Billy Bob Thornton's character from ""A Simple Plan"", while Jake Busey does a pretty fair imitation of, well, Jake Busey. - MERK"
"Dramatic license - some hate it, though it is necessary in retelling any life story. In the case of ""Lucy"", the main points of Lucille Ball's teenage years, early career and 20 year marriage to Desi Arnaz are all included, albeit in a truncated and reworked way.<br /><br />The main emotional points of Lucy's life are made clear: Lucille's struggle to find her niche as an actress, finally blossoming into the brilliant comedienne who made the character Lucy Ricardo a legend; her turbulent, romantic and ultimately impossible marriage to Desi Arnaz; Lucy & Desi creating the first television empire and forever securing their place in history as TV's most memorable sitcom couple.<br /><br />As Lucille Ball, Rachel York does a commendable job. Do not expect to see quite the same miraculous transformation like the one Judy Davis made when playing Judy Garland, but York makes Ball strong-willed yet likable, and",positive,2,"3199, 40420","Dramatic license - some hate it, though it is necessary in retelling any life story. In the case of ""Lucy"", the main points of Lucille Ball's teenage years, early career and 20 year marriage to Desi Arnaz are all included, albeit in a truncated and reworked way.<br /><br />The main emotional points of Lucy's life are made clear: Lucille's struggle to find her niche as an actress, finally blossoming into the brilliant comedienne who made the character Lucy Ricardo a legend; her turbulent, romantic and ultimately impossible marriage to Desi Arnaz; Lucy & Desi creating the first television empire and forever securing their place in history as TV's most memorable sitcom couple.<br /><br />As Lucille Ball, Rachel York does a commendable job. Do not expect to see quite the same miraculous transformation like the one Judy Davis made when playing Judy Garland, but York makes Ball strong-willed yet likable, and is very funny in her own right. Even though her comedic-timing is different than Lucy's, she is still believable. The film never goes into much detail about her perfectionistic behaviour on the set, and her mistreatment of Vivian Vance during the early ""I Love Lucy"" years, but watching York portray Lucy rehearsing privately is a nice inclusion.<br /><br />Daniel Pino is thinner and less charismatic than the real Desi was, but he does have his own charm and does a mostly decent job with Desi's accent, especially in the opening scene. Madeline Zima was decent, if not overly memorable, as the teen-aged Lucy.<br /><br />Vivian Vance and William Frawley were not featured much, thankfully, since Rebecca Hobbs and Russell Newman were not very convincing in the roles. Not that they aren't good actors in their own right, they just were not all that suited to the people they were playing. Most of the actors were from Austrailia and New Zeland, and the repressed accents are detectable at times.<br /><br />Although the main structure of the film sticks to historical fact, there are many deviations, some for seemingly inexplicable reasons. Jess Oppenheimer, the head writer of Lucy's radio show ""My Favourite Husband"" which began in 1948, is depicted in this film as arriving on the scene to help with ""I Love Lucy"" in 1951, completely disregarding the fact that he was the main creator! This movie also depicts Marc Daniels as being the main ""I Love Lucy"" director for its entire run, completely ignoring the fact that he was replaced by William Asher after the first season! Also, though I figure this was due to budgetary constraints, the Ricardo's are shown to live in the same apartment for their entire stay in New York, when in reality they changed apartments in 1953. The kitchen set is slightly larger and off-scale from the original as well. The Connecticut home looks pretty close to the original, except the right and left sides of the house have been condensed and restructured. <br /><br />There's also Desi talking about buying RKO in 1953, during Lucy's red-scare incident, even though RKO did not hit the market until 1957. These changes well could have been for dramatic license, and the film does work at conveying the main facts, but would it have hurt them to show a bit more respect to Oppenheimer and Asher, two vital figures in ""I Love Lucy"" history? The biggest gaff comes in the ""I Love Lucy"" recreation scenes, at least a few of them. It's always risky recreating something that is captured on film and has been seen by billions of people, but even more so when OBVIOUS CHANGES are made. The scene with the giant bread loaf was truncated, and anyone at all familiar with that episode would have noticed the differences right away! The ""We're Having A Baby"" number was shortened as well, but other than that it was practically dead on. By far the best was the ""grape-stomping"" scene, with Rachel York really nailing Lucy's mannerisms. The producers made the wise decision not to attempt directly recreating the ""Vitametavegamin"" and candy factory bits, instead showing the actors rehearse them. These scenes proved effective because of that approach.<br /><br />The film's main fault is that it makes the assumption the viewers already know a great deal about Lucy's life, since much is skimmed over or omitted at all. Overall, though, it gives a decent portrait of Lucy & Desi's marriage, and the factual errors can be overlooked when the character development works effectively."
"Dr. Seuss would sure be mad right now if he was alive. Cat in the Hat proves to show how movie productions can take a classic story and turn it into a mindless pile of goop. We have Mike Myers as the infamous Cat in the Hat, big mistake! Myers proves he can't act in this film. He acts like a prissy show girl with a thousand tricks up his sleeve. The kids in this movie are all right, somewhere in between the lines of dull and annoying. The story is just like the original with a couple of tweaks and like most movies based on other stories, never tweak with the original story! Bringing in the evil neighbor Quin was a bad idea. He is a stupid villain that would never get anywhere in life.This movie is like a rejected comic strip from the newspaper if you think about",negative,2,"14279, 36965","Dr. Seuss would sure be mad right now if he was alive. Cat in the Hat proves to show how movie productions can take a classic story and turn it into a mindless pile of goop. We have Mike Myers as the infamous Cat in the Hat, big mistake! Myers proves he can't act in this film. He acts like a prissy show girl with a thousand tricks up his sleeve. The kids in this movie are all right, somewhere in between the lines of dull and annoying. The story is just like the original with a couple of tweaks and like most movies based on other stories, never tweak with the original story! Bringing in the evil neighbor Quin was a bad idea. He is a stupid villain that would never get anywhere in life.This movie is like a rejected comic strip from the newspaper if you think about it. The film sure does look tacky! Sure there are a funny adult jokes like where the cat cuts of his tail and the censor goes off before he says a naughty word, mildly funny. At least the Grinch had spunk, and the film was actually good! This film is a cartoonish piece of snot with bright colors and bad mediocre acting. Was Mike Myers even in this movie actually? And another thing, the fish. What is with that stupid fish! First time you see him, he's an actual fish. Next time you see him, he's all animated and talking. But he looks like an animated piece of rubber play dough! This film is a total off target wreck. Good joke, bad joke, bad, bad, bad, good joke! I'm surprised it even had good jokes like the water park ride joke, that was good. So please if you have the choice, watch the Grinch instead of this mess."
"Don't get me wrong, I assumed this movie would be stupid, I honestly did, I gave it an incredibly low standard to meet. The only reason I even saw it was because there were a bunch of girls going (different story for a different time). As I began watching I noticed something, this film was terrible. Now there are two types of terrible, there's Freddy vs. Jason terrible, where you and your friends sit back and laugh and joke about how terrible it is, and then there is a movie like this. The Cat in The Hat failed to create even a momentary interest in me. As I watched the first bit of it not only was I bored senseless, but I felt as though I had in some way been violated by the horrendousness of said movie. Mike Myers is usually brilliant, I love the majority of his work,",negative,2,"5109, 10424","Don't get me wrong, I assumed this movie would be stupid, I honestly did, I gave it an incredibly low standard to meet. The only reason I even saw it was because there were a bunch of girls going (different story for a different time). As I began watching I noticed something, this film was terrible. Now there are two types of terrible, there's Freddy vs. Jason terrible, where you and your friends sit back and laugh and joke about how terrible it is, and then there is a movie like this. The Cat in The Hat failed to create even a momentary interest in me. As I watched the first bit of it not only was I bored senseless, but I felt as though I had in some way been violated by the horrendousness of said movie. Mike Myers is usually brilliant, I love the majority of his work, but something in this movie didn't click. One of the things that the director/producers/writers/whatevers changed was that they refused to use any of the colors of the original book (red, black, white) on any character but the Cat. Coincidentally or not, they also refused to capture any of the original (and i hate to use this word, but it fits) zaniness of the original. The book was like an Ice Cream Sunday, colorful and delicious, and the movie was about as bland and hard to swallow as sawdust.<br /><br />Avoid this like a leprous prostitute."
Don't get me wrong - I love David Suchet as Poirot. I love the series as well as the movies but enough already re: Death On The Nile. Everyone has done this one! We know who dies. We know why they die. We know who the killer is. We know how it was done. So I say enough already! Mr. Suchet could have used that awesome talent in another one of Agatha Christie's novels. I will say that the acting by all the actors was superb. The sets were terrific and very realistic. I especially liked David Soul but I was surprised at how 'awful' he looked. I hope he doesn't look that way in 'real' life! I honestly can't remember from other movies whether the very end was the same. Somehow I don't think so. I thought that was a rather brilliant touch whether or not Ms. Christie wrote,negative,2,"7275, 49143",Don't get me wrong - I love David Suchet as Poirot. I love the series as well as the movies but enough already re: Death On The Nile. Everyone has done this one! We know who dies. We know why they die. We know who the killer is. We know how it was done. So I say enough already! Mr. Suchet could have used that awesome talent in another one of Agatha Christie's novels. I will say that the acting by all the actors was superb. The sets were terrific and very realistic. I especially liked David Soul but I was surprised at how 'awful' he looked. I hope he doesn't look that way in 'real' life! I honestly can't remember from other movies whether the very end was the same. Somehow I don't think so. I thought that was a rather brilliant touch whether or not Ms. Christie wrote it that way. I would much rather have that ending then wasting away in prison!
"Do we really need any more narcissistic garbage on the Baby Boomer generation? Technically, I am a Boomer, though at the time when all the ""idealistic youths"" of the '60s were reading Marx, burning their draft cards, and generally prolonging a war which destroyed tens of thousands of lives; I was still in grade school. But I remember them well, and 9 out of 10 were just moronic fools, who would believe anything as long as it was destructive.<br /><br />This is just another excercise in self-importance from the kids who never really grew up.",negative,2,"34974, 47229","Do we really need any more narcissistic garbage on the Baby Boomer generation? Technically, I am a Boomer, though at the time when all the ""idealistic youths"" of the '60s were reading Marx, burning their draft cards, and generally prolonging a war which destroyed tens of thousands of lives; I was still in grade school. But I remember them well, and 9 out of 10 were just moronic fools, who would believe anything as long as it was destructive.<br /><br />This is just another excercise in self-importance from the kids who never really grew up."
"Corridors of time. The movie you can watch if you're looking for a sophisticated way of suicide. Some use guns, ropes, or gas, but you want to ruin your brains ? Do not wait any longer ! Corridors of time is probably one of the biggest possible mistakes : thinking Christian Clavier is able to act and to bring you fun. I do not miss the 45 francs this poor thing cost me : sometimes, one has to reset its evaluation system looking at the absolute zero. This film deserves a 2/10, but that's only because I like Jean Reno. Too bad for him, he also stars in Ronin. I think I'm gonna dislike him...",negative,2,"23470, 26453","Corridors of time. The movie you can watch if you're looking for a sophisticated way of suicide. Some use guns, ropes, or gas, but you want to ruin your brains ? Do not wait any longer ! Corridors of time is probably one of the biggest possible mistakes : thinking Christian Clavier is able to act and to bring you fun. I do not miss the 45 francs this poor thing cost me : sometimes, one has to reset its evaluation system looking at the absolute zero. This film deserves a 2/10, but that's only because I like Jean Reno. Too bad for him, he also stars in Ronin. I think I'm gonna dislike him..."
"Contains spoilers. <br /><br />The British director J. Lee Thompson made some excellent films, notably 'Ice Cold in Alex' and 'Cape Fear', but 'Country Dance' is one of his more curious offerings. The story is set among the upper classes of rural Scotland, and details the strange triangular relationship between Sir Charles Ferguson, an eccentric aristocratic landowner, his sister Hilary, and Hilary's estranged husband Douglas, who is hoping for a reconciliation with her. We learn that during his career as an Army officer, Charles was regarded as having 'low moral fibre'. This appears to have been an accurate diagnosis of his condition; throughout the film he displays an attitude of gloomy disillusionment with the world, and his main sources of emotional support seem to be Hilary and his whisky bottle. The film ends with his committal to an upper-class lunatic asylum. <br /><br />Peter O'Toole was, when he was at",negative,2,"7810, 8040","Contains spoilers. <br /><br />The British director J. Lee Thompson made some excellent films, notably 'Ice Cold in Alex' and 'Cape Fear', but 'Country Dance' is one of his more curious offerings. The story is set among the upper classes of rural Scotland, and details the strange triangular relationship between Sir Charles Ferguson, an eccentric aristocratic landowner, his sister Hilary, and Hilary's estranged husband Douglas, who is hoping for a reconciliation with her. We learn that during his career as an Army officer, Charles was regarded as having 'low moral fibre'. This appears to have been an accurate diagnosis of his condition; throughout the film he displays an attitude of gloomy disillusionment with the world, and his main sources of emotional support seem to be Hilary and his whisky bottle. The film ends with his committal to an upper-class lunatic asylum. <br /><br />Peter O'Toole was, when he was at his best as in 'Lawrence of Arabia', one of Britain's leading actors, but the quality of his work was very uneven, and 'Country Dance' is not one of his better films. He overacts frantically, making Charles into a caricature of the useless inbred aristocrat, as though he were auditioning for a part in the Monty Python 'Upper-Class Twit of the Year' sketch. Susannah York as Hilary and Michael Craig as Douglas are rather better, but there is no really outstanding acting performance in the film. There is also little in the way of coherent plot, beyond the tale of Charles's inexorable downward slide.<br /><br />The main problem with the film, however, is neither the acting nor the plot, but rather that of the Theme That Dare Not Speak Its Name. There are half-hearted hints of an incestuous relationship between Charles and Hilary, or at least of an incestuous attraction towards her on his part, and that his dislike of Douglas is motivated by sexual jealousy. Unfortunately, even in the swinging sixties and early seventies (the date of the film is variously given as either 1969 or 1970) there was a limit to what the British Board of Film Censors was willing to allow, and a film with an explicitly incestuous theme was definitely off-limits. (The American title for the film was 'Brotherly Love', but this was not used in Britain; was it too suggestive for the liking of the BBFC?) These hints are therefore never developed and we never get to see what motivates Charles or what has caused his moral collapse, resulting in a hollow film with a hole at its centre. 4/10"
"By far this has to be one of the worst movies I've ever seen in my life. I watch practically every movie that is on at night (either showtime, hbo, cinemax, etc). ""Three"" AKA ""Survivor Island"" keeps you in as much suspense as watching paint dry only to let you down even more miserably. If you want to feel like you just wasted what seems like an eternity on the worst film ever created then by all means watch this movie. I must have screamed at a minimum 900 times from the idiotic twists. If I had 4 hands I'd give this movie 4 thumbs DOWN.<br /><br />In my personal opinion, I believe the only people who would like this movie are those with terrible morals.",negative,2,"43046, 44745","By far this has to be one of the worst movies I've ever seen in my life. I watch practically every movie that is on at night (either showtime, hbo, cinemax, etc). ""Three"" AKA ""Survivor Island"" keeps you in as much suspense as watching paint dry only to let you down even more miserably. If you want to feel like you just wasted what seems like an eternity on the worst film ever created then by all means watch this movie. I must have screamed at a minimum 900 times from the idiotic twists. If I had 4 hands I'd give this movie 4 thumbs DOWN.<br /><br />In my personal opinion, I believe the only people who would like this movie are those with terrible morals."
"Bette Midler showcases her talents and beauty in ""Diva Las Vegas"". I am thrilled that I taped it and I am able to view whenever I want to. She possesses what it takes to keep an audience in captivity. Her voice is as beautiful as ever and will truly impress you. The highlight of the show was her singing ""Stay With Me"" from her 1979 movie ""The Rose"". You can feel the emotion in the song and will end up having goose bumps. The show will leave you with the urge to go out and either rent a Bette Midler movie or go to the nearest music store and purchase one of Bette Midler's albums.",positive,2,"15384, 36417","Bette Midler showcases her talents and beauty in ""Diva Las Vegas"". I am thrilled that I taped it and I am able to view whenever I want to. She possesses what it takes to keep an audience in captivity. Her voice is as beautiful as ever and will truly impress you. The highlight of the show was her singing ""Stay With Me"" from her 1979 movie ""The Rose"". You can feel the emotion in the song and will end up having goose bumps. The show will leave you with the urge to go out and either rent a Bette Midler movie or go to the nearest music store and purchase one of Bette Midler's albums."
"Bette Midler is again Divine! Raunchily humorous. In love with Burlesque. Capable of bringing you down to tears either with old jokes with new dresses or merely with old songs with more power & punch than ever. All in All Singing new ballads, power-singing the good old/perennial ones such as ""The Rose""; ""Stay With Me"" and yes, even ""Wind Beneath My Wings"". The best way to appreciate the Divine Miss M has always been libe - since this is the next best thing to it, I strongly recommended to all with a mixture of adult wide-eyed enchantment and appreciation and a child's mischievous wish for pushing all boundaries!",positive,2,"12427, 27586","Bette Midler is again Divine! Raunchily humorous. In love with Burlesque. Capable of bringing you down to tears either with old jokes with new dresses or merely with old songs with more power & punch than ever. All in All Singing new ballads, power-singing the good old/perennial ones such as ""The Rose""; ""Stay With Me"" and yes, even ""Wind Beneath My Wings"". The best way to appreciate the Divine Miss M has always been libe - since this is the next best thing to it, I strongly recommended to all with a mixture of adult wide-eyed enchantment and appreciation and a child's mischievous wish for pushing all boundaries!"
"Ed Wood rides again. The fact that this movie was made should give any young<br /><br />aspiring film maker hope. Any screenplay you might have thought of using to<br /><br />line a litterbox or a birdcage should now not seem that bad. Do not watch this movie unless you have a healthy stash of Tylenol or Rolaids. Watching this<br /><br />movie made me realize that Boa vs. Python was not that bad after all. It probably would have been better to do this movie in Claymation as at least that way no actor would have had to take credit for being in this film. It is understandable why this director has so many aliases. There is a bright side to watching this movie in that if you can get someone to bring you a bag of chips, then you can eat your way out of the cocoon of cheese that",negative,2,"219, 14117","Ed Wood rides again. The fact that this movie was made should give any young<br /><br />aspiring film maker hope. Any screenplay you might have thought of using to<br /><br />line a litterbox or a birdcage should now not seem that bad. Do not watch this movie unless you have a healthy stash of Tylenol or Rolaids. Watching this<br /><br />movie made me realize that Boa vs. Python was not that bad after all. It probably would have been better to do this movie in Claymation as at least that way no actor would have had to take credit for being in this film. It is understandable why this director has so many aliases. There is a bright side to watching this movie in that if you can get someone to bring you a bag of chips, then you can eat your way out of the cocoon of cheese that surrounds you enabling you to<br /><br />make your toward your TV set's cocoon of cheese that surrounds it."
"Being a HUGE fan of the bottom series i was really looking forward to the release of this film.I was eagerly anticipating a laugh a minute roller-coaster ride......alas.<br /><br />Where to start on this mess?i think its a good start to say that its hardly richie and eddie on our screens in the first place as none of the jokes and one liners they usually deliver so well are funny.I was still waiting for the first laugh after a good 20 minutes of viewing.Many aspects of the story were pathetic and it was as if the film was full of those bad moments they rehearsed and decided to leave out of the final cut.<br /><br />The overall sets and atmosphere surrounding the film is dark and dingy which i suppose is good if they want to portray the 'terrible' guest house the 2 buffoons attempt to run,but to me its",negative,2,"20737, 49023","Being a HUGE fan of the bottom series i was really looking forward to the release of this film.I was eagerly anticipating a laugh a minute roller-coaster ride......alas.<br /><br />Where to start on this mess?i think its a good start to say that its hardly richie and eddie on our screens in the first place as none of the jokes and one liners they usually deliver so well are funny.I was still waiting for the first laugh after a good 20 minutes of viewing.Many aspects of the story were pathetic and it was as if the film was full of those bad moments they rehearsed and decided to leave out of the final cut.<br /><br />The overall sets and atmosphere surrounding the film is dark and dingy which i suppose is good if they want to portray the 'terrible' guest house the 2 buffoons attempt to run,but to me its just puts an even higher dampener on a sorry state of filming that should never have been created.<br /><br />The acting,at times,is pathetic.Fenella Fielding is wasted as the loony Mrs Foxfur and i've seen Simon Pegg have much better outings.<br /><br />I'd recommend Guest House Paradiso to anybody who is blind drunk because they might appreciate the terrible puns much more.But to any bottom fan who hasn't seen this film and is expecting true richie and eddie action you have been warned"
"Before I watched this tv movie I did not know much about one of my favorite actresses. After watching it, I realized how sad Lucille Ball's life really was. It had it's great moments too, but I didn't realize how sad it was. This movie was very good and told the story of the beloved Lucille Ball very well. I highly reccommend it.",positive,2,"6699, 44925","Before I watched this tv movie I did not know much about one of my favorite actresses. After watching it, I realized how sad Lucille Ball's life really was. It had it's great moments too, but I didn't realize how sad it was. This movie was very good and told the story of the beloved Lucille Ball very well. I highly reccommend it."
"Before I begin, let me get something off my chest: I'm a huge fan of John Eyres' first film PROJECT: SHADOWCHASER. The film, a B-grade cross of both THE TERMINATOR & DIE HARD, may not be the work of a cinematic genius, but is a hugely entertaining action film that became a cult hit (& spawned two sequels & a spin off).<br /><br />Judge and Jury begins with Joseph Meeker, a convicted killer who was sent to Death Row following his capture after the so-called ""Bloody Shootout"" (which seems like a poor name for a killing spree  Meeker kills three people while trying to rob a convenience store), being led to the electric chair. There is an amusing scene where Meeker talks to the priest about living for sex but meeting his one true love (who was killed during the shootout), expressing his revenge for the person who killed",negative,2,"140, 19495","Before I begin, let me get something off my chest: I'm a huge fan of John Eyres' first film PROJECT: SHADOWCHASER. The film, a B-grade cross of both THE TERMINATOR & DIE HARD, may not be the work of a cinematic genius, but is a hugely entertaining action film that became a cult hit (& spawned two sequels & a spin off).<br /><br />Judge and Jury begins with Joseph Meeker, a convicted killer who was sent to Death Row following his capture after the so-called ""Bloody Shootout"" (which seems like a poor name for a killing spree  Meeker kills three people while trying to rob a convenience store), being led to the electric chair. There is an amusing scene where Meeker talks to the priest about living for sex but meeting his one true love (who was killed during the shootout), expressing his revenge for the person who killed her  Michael Silvano, a washed-up football star who spends his days watching his son Alex practicing football with his high school team (and ends up harassing his son's coach). But once executed, Meeker returns as a revenant (or as Kelly Perine calls ""a hamburger without the fries""), whose sole aim is to get his revenge, which basically means making Silvano's life a misery.<br /><br />Let me point out the fact that Judge and Jury is not a true horror film. It is a supernatural action film, with Meeker chasing Silvano, using his ability to change form (which amounts to David Keith dressing up as everything from an Elvis impersonator, a French chef (with an accent as bad as his moustache), a drag queen, a clown & a stand-up comedian), a shotgun which fires explosive rounds & an invulnerability to death (although that doesn't stop Martin Kove from shooting Keith with a Desert Eagle), to pay Silvano back for killing Meeker's wife.<br /><br />Director John Eyres does not seem interested in characterisations, instead focusing solely on action scenes, which the film has plenty of. But that is the film's main flaw, since there's nothing to connect the action scenes together. The acting is surprisingly good, with Keith delivering the best performance, supported ably by Kove, as well as Paul Koslo, who plays the washed-up cop quite well. Kelly Perine is annoying as the cabbie who tries to help but makes the situation worse."
"Bedrooms and Hallways gives its audience a look into the mind of a man who thinks he's found himself, only to find out that he's not so sure he found the right guy. If you think that all gay comedies are the same, check this one out. Although the movie ends without much resolution, the hilarious one-liners, peculiar situations, and quirky characters are sure to satisfy.",positive,2,"9514, 31395","Bedrooms and Hallways gives its audience a look into the mind of a man who thinks he's found himself, only to find out that he's not so sure he found the right guy. If you think that all gay comedies are the same, check this one out. Although the movie ends without much resolution, the hilarious one-liners, peculiar situations, and quirky characters are sure to satisfy."
"Beautiful film, pure Cassavetes style. Gena Rowland gives a stunning performance of a declining actress, dealing with success, aging, loneliness...and alcoholism. She tries to escape her own subconscious ghosts, embodied by the death spectre of a young girl. Acceptance of oneself, of human condition, though its overall difficulties, is the real purpose of the film. The parallel between the theatrical sequences and the film itself are puzzling: it's like if the stage became a way out for the Heroin. If all american movies could only be that top-quality, dealing with human relations on an adult level, not trying to infantilize and standardize feelings... One of the best dramas ever. 10/10.",positive,2,"1233, 4391","Beautiful film, pure Cassavetes style. Gena Rowland gives a stunning performance of a declining actress, dealing with success, aging, loneliness...and alcoholism. She tries to escape her own subconscious ghosts, embodied by the death spectre of a young girl. Acceptance of oneself, of human condition, though its overall difficulties, is the real purpose of the film. The parallel between the theatrical sequences and the film itself are puzzling: it's like if the stage became a way out for the Heroin. If all american movies could only be that top-quality, dealing with human relations on an adult level, not trying to infantilize and standardize feelings... One of the best dramas ever. 10/10."
"Bathebo, you big dope.<br /><br />This is the WORST piece of crap I've seen in a long time. I have just stumbled onto it on late night TV and it is painful to watch. Really painful. How does something like this get made?? Horrible, horrible, horrible! OOOOOO ..... The toilet is flushing by itself again! Scary toilet! Scary toilet! Scary toilet! 1992 doesn't seem like that long ago to me, but watching this makes it seem like 1952. I mean its horrible. Please don't waste your time on the drivel!<br /><br />Scary old black man telling them not to build the pool in the yard. Scary! Scary! How does this stuff get MADE???",negative,2,"7830, 13825","Bathebo, you big dope.<br /><br />This is the WORST piece of crap I've seen in a long time. I have just stumbled onto it on late night TV and it is painful to watch. Really painful. How does something like this get made?? Horrible, horrible, horrible! OOOOOO ..... The toilet is flushing by itself again! Scary toilet! Scary toilet! Scary toilet! 1992 doesn't seem like that long ago to me, but watching this makes it seem like 1952. I mean its horrible. Please don't waste your time on the drivel!<br /><br />Scary old black man telling them not to build the pool in the yard. Scary! Scary! How does this stuff get MADE???"
Bad. Bad. Bad. Those three lines sum up this crappy little film that can only attract idiot children and their parents to the cinema. and its... #1 Movie in America! What is this country thinking? Mike Myers looking more like Micheal Jackson. Some Chineese lady that falls asleep within 3 minutes. A lame plot with dirty jokes. It's grotesuque and awful. When Green-Eggs and Ham comes out in 2005 I'll be so happy! (not) Eddie Murphy and Tracy Morgan will probably play two hipsters trying to find the lost Green-Eggs and Ham. They'll try to chase Sam-I-Am and that mean guy who are running away with it. (I hope they don't ruin the classic book.) Don't waste time and money by seeing this.,negative,2,"32455, 33976",Bad. Bad. Bad. Those three lines sum up this crappy little film that can only attract idiot children and their parents to the cinema. and its... #1 Movie in America! What is this country thinking? Mike Myers looking more like Micheal Jackson. Some Chineese lady that falls asleep within 3 minutes. A lame plot with dirty jokes. It's grotesuque and awful. When Green-Eggs and Ham comes out in 2005 I'll be so happy! (not) Eddie Murphy and Tracy Morgan will probably play two hipsters trying to find the lost Green-Eggs and Ham. They'll try to chase Sam-I-Am and that mean guy who are running away with it. (I hope they don't ruin the classic book.) Don't waste time and money by seeing this.
"Awful, simply awful. It proves my theory about ""star power."" This is supposed to be great TV because the guy who directed (battlestar) Titanica is the same guy who directed this shlop schtock schtick about a chick. B O R I N G.<br /><br />Find something a thousand times more interesting to do - like watch your TV with no picture and no sound. 1/10 (I rated it so high b/c there aren't any negative scores in the IMDb.com rating system.)<br /><br />-Zaphoid<br /><br />PS: My theory about ""star power"" is: the more ""star power"" used in a show, the weaker the show is. (It's called an indirect proportionality: quality 1/""star power"", less ""sp"" makes for better quality, etc. Another way to look at it is: ""more is less."")<br /><br />-Z",negative,2,"41333, 44787","Awful, simply awful. It proves my theory about ""star power."" This is supposed to be great TV because the guy who directed (battlestar) Titanica is the same guy who directed this shlop schtock schtick about a chick. B O R I N G.<br /><br />Find something a thousand times more interesting to do - like watch your TV with no picture and no sound. 1/10 (I rated it so high b/c there aren't any negative scores in the IMDb.com rating system.)<br /><br />-Zaphoid<br /><br />PS: My theory about ""star power"" is: the more ""star power"" used in a show, the weaker the show is. (It's called an indirect proportionality: quality 1/""star power"", less ""sp"" makes for better quality, etc. Another way to look at it is: ""more is less."")<br /><br />-Z"
"Audrey, I know you truly cherish your husband Ted's memory but PLEASE do his legacy justice and heed his wishes. Dr. Seuss refused to license his characters during his lifetime for a very good reason. We beg of you to please stop cashing in on his stories, images, fantasies and characters. They are getting disemboweled by the powers that be of Hollywood and Broadway. The children of tomorrow will be stuck with these histrionic and grotesque interpretations that will forever pollute the loving warmth and innocence of his books.<br /><br />It is indeed your property to do with as you wish. I just wish you would listen to the advice of others for a little while. Save what is left of Dr. Seuss. Thank you.",negative,2,"35308, 36587","Audrey, I know you truly cherish your husband Ted's memory but PLEASE do his legacy justice and heed his wishes. Dr. Seuss refused to license his characters during his lifetime for a very good reason. We beg of you to please stop cashing in on his stories, images, fantasies and characters. They are getting disemboweled by the powers that be of Hollywood and Broadway. The children of tomorrow will be stuck with these histrionic and grotesque interpretations that will forever pollute the loving warmth and innocence of his books.<br /><br />It is indeed your property to do with as you wish. I just wish you would listen to the advice of others for a little while. Save what is left of Dr. Seuss. Thank you."
"At times I really wonder when I look at the comments here it seems as if most people have seen a completely different film than I have. I've just seen it... and liked it. Not in the way, that it made me happy, but in the way of having seen a good film!<br /><br />The film needs some patience, yes. And yes, the main character is REALLY annoying, but that I'm sure is by intention.<br /><br />Maybe it really makes a difference if you watch this film in a cinema or at home. Most people watch films at home like they are listening to elevator music. This movie definitely doesn't fit as background noise.<br /><br />And no. Good directing doesn't mean having five laughs or explosions a second. Good directing means following your subject and keeping the story and actors together. And while that doesn't work out perfectly, at least",positive,2,"15758, 48984","At times I really wonder when I look at the comments here it seems as if most people have seen a completely different film than I have. I've just seen it... and liked it. Not in the way, that it made me happy, but in the way of having seen a good film!<br /><br />The film needs some patience, yes. And yes, the main character is REALLY annoying, but that I'm sure is by intention.<br /><br />Maybe it really makes a difference if you watch this film in a cinema or at home. Most people watch films at home like they are listening to elevator music. This movie definitely doesn't fit as background noise.<br /><br />And no. Good directing doesn't mean having five laughs or explosions a second. Good directing means following your subject and keeping the story and actors together. And while that doesn't work out perfectly, at least I think it works quite good.<br /><br />I liked the photography and sets, even if they brink on the surreal at times. The opening scene is really special.<br /><br />I also liked the acting  Guillaume Depardieu is NOT playing Pierre. He is acting the role of a Pierre who is himself playing a role! Pierre is not the romantic hero that he so hard tries to be, he is a presumptuous and self-righteous idiot, a downright weakling who by and by harms all the people he claims to protect. That even his love for truth is simply a pose is beautifully demonstrated by his ongoing lying and not even once asking questions or explaining himself.<br /><br />People are wondering where this or that person came from and other stuff: No character who is seen for more than two scenes is left unexplained, there is enough information scattered throughout the film on everyone.<br /><br />And even the strange building begins to make sense as soon as the target practicing is seen: Remember that Isabelle fled from a war zone - and obviously this is a refuge for fighters in a civil war, most likely Bosnia (which was still going on, when the film was produced). At least that's what is hinted at by the story Isabelle tells Pierre when she first meets him and by the later scene where Pierre shows Isabelle the book with his father on the cover, which is surrounded by books on Bosnia."
"During a Kurt Weill celebration in Brooklyn, WHERE DO WE GO FROM HERE? was finally unearthed for a screening. It is amazing that a motion picture, from any era, that has Weill-Gershwin collaborations can possibly be missing from the screens. The score stands tall, and a CD of the material, with Gershwin and Weill, only underscores its merits, which are considerable. Yes, the film has its problems, but the score is not one of them. Ratoff is not in his element as the director of this musical fantasy, and Fred MacMurray cannot quite grasp the material. Then, too, the 'modern' segment is weakly written. BUT the fantasy elements carry the film to a high mark, as does the work of the two delightful leading ladies - Joan Leslie and June Haver. Both have the charm that this kind of work desperately needs to work. As a World War II salute",positive,2,"3357, 39933","During a Kurt Weill celebration in Brooklyn, WHERE DO WE GO FROM HERE? was finally unearthed for a screening. It is amazing that a motion picture, from any era, that has Weill-Gershwin collaborations can possibly be missing from the screens. The score stands tall, and a CD of the material, with Gershwin and Weill, only underscores its merits, which are considerable. Yes, the film has its problems, but the score is not one of them. Ratoff is not in his element as the director of this musical fantasy, and Fred MacMurray cannot quite grasp the material. Then, too, the 'modern' segment is weakly written. BUT the fantasy elements carry the film to a high mark, as does the work of the two delightful leading ladies - Joan Leslie and June Haver. Both have the charm that this kind of work desperately needs to work. As a World War II salute to our country's history - albeit in a 'never was' framework, the film has its place in Hollywood musical history and should be available for all to see and to find its considerable merits."
"Elfriede Jelinek, not quite a household name yet, is a winner of the Nobel prize for literature. Her novel spawned a film that won second prize at Cannes and top prizes for the male and female leads. Am I a dinosaur in matters of aesthetic appreciation or has art become so debased that anything goes?<br /><br />'Gobble, gobble' is the favoured orthographic representation in Britain of the bubbling noise made by a turkey. In the film world a turkey is a monumental flop as measured by box office receipts or critical reception. 'Gobble, gobble' and The Piano Teacher are perfect partners.<br /><br />The embarrassing awfulness of this widely praised film cannot be overstated. It begins very badly, as if made to annoy the viewer. Credits interrupt inconsequential scenes for more than 11 minutes. We are introduced to Professor Erika Kohut, apparently the alter ego of the accoladed authoress, a stony",negative,2,"7534, 20042","Elfriede Jelinek, not quite a household name yet, is a winner of the Nobel prize for literature. Her novel spawned a film that won second prize at Cannes and top prizes for the male and female leads. Am I a dinosaur in matters of aesthetic appreciation or has art become so debased that anything goes?<br /><br />'Gobble, gobble' is the favoured orthographic representation in Britain of the bubbling noise made by a turkey. In the film world a turkey is a monumental flop as measured by box office receipts or critical reception. 'Gobble, gobble' and The Piano Teacher are perfect partners.<br /><br />The embarrassing awfulness of this widely praised film cannot be overstated. It begins very badly, as if made to annoy the viewer. Credits interrupt inconsequential scenes for more than 11 minutes. We are introduced to Professor Erika Kohut, apparently the alter ego of the accoladed authoress, a stony professor of piano. She lives with her husky and domineering mum. Dad is an institutionalised madman who dies unseen during what passes for the action.<br /><br />Reviewing The Piano Teacher is difficult, beyond registering its unpleasantness. What we see in the film (and might read in the book, for all I know) is a tawdry, exploitative, nonsensical tale of an emotional pendulum that swings hither and thither without moving on.<br /><br />Erika, whose name is minimally used, is initially shown as a person with intense musical sensitivity but otherwise totally repressed. Not quite, because there's a handbags at two paces scene with her gravelly-voiced maman early on that ends with profuse apologies. If a reviewer has to (yawn) extract a leitmotif (why not use a pretentious word when a simpler one would do), Elrika's violently alternating moods would be it.<br /><br />A young hunk, Walter, studying to become a 'low voltage' engineer, whatever that is, and playing ice hockey in his few leisure moments, is also a talented pianist. He encounters Elrika at an old-fashioned recital in a luxury apartment in what may or may not be Paris. In the glib fashion of so much art, he immediately falls in love and starts to 'cherchez la femme'.<br /><br />Repressed Erika has a liking for hardcore pornography, shown briefly but graphically for a few seconds while she sniffs a tissue taken from the waste basket in the private booth where she watches.<br /><br />Walter performs a brilliant audition and is grudgingly accepted as a private student by Erika, whose teaching style is characterised by remoteness, hostility, discouragement and humiliation.<br /><br />He soon declares his love and before long pursues Erika into the Ladies where they engage in mild hanky panky and incomplete oral sex. Erika retains control over her lovesick swain. She promises to send him a letter of instruction for further pleasurable exchanges.<br /><br />In the meantime, chillingly jealous because of Walter's kindness to a nervous student who is literally having the shits before a rehearsal for some future concert, Erika fills the student's coat pocket with broken glass, causing severe lacerations to those delicate piano-playing hands.<br /><br />The next big scene (by-passing the genital self-mutilation, etc) has Walter turning up at the apartment Erika shares with her mother. Erika want to be humiliated, bound, slapped, etc. Sensible Walter is, for the moment, repulsed and marches off into the night.<br /><br />At this point there's still nearly an hour to go. The viewer can only fear the worst. Erika tracks down Walter to the skating rink where he does his ice hockey practice. They retire to a back room. Lusty Wally is unable to resist the hands tugging at his trousers. His 'baby gravy' is soon expelled with other stomach contents. Ho hum.<br /><br />Repulsed but hooked, perhaps desirous of revenge for the insult so recently barfed on the floor, Walter returns to Erika's apartment. Can you guess what happens now? It's not very deep or difficult. Yes, he becomes a brute while Erika becomes a victim. One moment he's locking maman in her room and slapping Erika, the next he's kicking her in the face, having sex with her and renewing his declarations of love. <br /><br />Am I being unfair in this summary? Watch the film if you want, but I'd advise you not to.<br /><br />Anyone can see eternity in a grain of sand if they're in the right mood. I could expatiate at the challenging depiction of human relationships conveyed by this film if I wanted. But I 'prefer not to', because this is a cheap and nasty film that appeals to base instincts and says nothing.<br /><br />I'm supposed to say that parentally repressed Erika longs for love, ineffectively seeks it in pornography, inappropriately rejects it when it literally appears, pink and throbbing, under her nose, belatedly realises that she doesn't like being hurt, blah, blah, blah.<br /><br />The world has, for reasons not explained, stunted her. She apparently makes a monster out of someone who appeared superficially loving - but surely we all know that any man is potentially a violent rapist, because that's his essential nature however much he tries to tell himself and the world otherwise.<br /><br />At the end, if you have the patience to be there, there's a small twist. Before going to the final scene, where she's due to perform as a substitute for the underwear-soiling student with the lacerated hands, Erika packs a knife in her handbag. For Walter?<br /><br />Yes, you're ahead of me. She stabs herself in a none life-threatening area and leaves. Roll credits.<br /><br />If this earned the second prize at Cannes, just how bad were the rest of the entries?"
"""Three"" is a seriously dumb shipwreck movie. Masquerading as a psychological thriller, it's closest relative is the monumentally superior ""Dead Calm"" (also featuring Billy Zane). ""Dead Calm"" provided well drawn characters to root for in the form of Sam Neil and Nicole Kidman's grieving parents attempting to re-define their relationship on an ocean cruise. They end up being terrorised by Zane's adrift psycho-killer. It provided sharp, increasingly ratcheted suspense, a scary feeling of claustrophobia in open seas as the cat and mouse game of life and death unfolded.<br /><br />""Three"" suffers from poorly drawn characterisation (the audience doesn't care what happens to any of them), a stupid and unnecessary voodoo plot device, a total lack of suspense or excitement and some thudding, hammy performances from the principal players. Zane in particular goes way over the top in an irritatingly mannered fashion. In ""Dead Calm"" he was menacing, wired and seething",negative,2,"29956, 31488","""Three"" is a seriously dumb shipwreck movie. Masquerading as a psychological thriller, it's closest relative is the monumentally superior ""Dead Calm"" (also featuring Billy Zane). ""Dead Calm"" provided well drawn characters to root for in the form of Sam Neil and Nicole Kidman's grieving parents attempting to re-define their relationship on an ocean cruise. They end up being terrorised by Zane's adrift psycho-killer. It provided sharp, increasingly ratcheted suspense, a scary feeling of claustrophobia in open seas as the cat and mouse game of life and death unfolded.<br /><br />""Three"" suffers from poorly drawn characterisation (the audience doesn't care what happens to any of them), a stupid and unnecessary voodoo plot device, a total lack of suspense or excitement and some thudding, hammy performances from the principal players. Zane in particular goes way over the top in an irritatingly mannered fashion. In ""Dead Calm"" he was menacing, wired and seething with barely controlled sexual violence. Here he is bombastic, petulant slimy, and unravelled. And where does he get his seemingly inexhaustible supply of dry cigarettes and cigars? And how come his lighter stays full of juice for over a year? Ms Brook is very picturesque, stunningly pretty, but both her chest and rear appear to have been wildly over-inflated by some sort of life-raft pump. They do, however, succeed in acting with more skill and conviction than the rest of her. Dramatic actress, in the purest sense of the term, she is not. The guy playing the voodoo-hexed Manuel, the third component of this sorry triangle, could have been replaced by a lump of driftwood - no one would notice. In fact, judging by his complete lack of ability to deliver dialogue in any meaningful or dynamic way, driftwood represents a potential improvement in the casting stakes (excuse pun).<br /><br />Plus sides: the scenery is nice and the cinematography (above and below the water) is credible.<br /><br />I'm guessing this had a very limited (if any) theatrical release or went straight to rental and retail DVD. The reason for this is it's not very good. If you want something decent along these lines, get ""Dead Calm."" It was made by people who knew a bit about cinema."
"Footprints is a very interesting movie that is somewhat difficult to categorize. ""Psychological thriller"" is the most appropriate description I can think of. The female protagonist, Alice Cespi, discovers that she doesn't remember anything of the last three days. The only clue she has is a torn photo of a hotel. She is also haunted by a recurring, very vivid, dream about a science fiction movie that she believes she saw many years ago. In her pursuit of the truth behind her amnesia she doesn't trust anyone, but little by little it becomes obvious that she has visited the town where the hotel is located before. This is an exciting flick whose main virtue is that it is virtually impossible to predict how the events will unfold, and particularly, how it will end. The unusual loneliness of the main character and the unreliability of everyone else ensure that the good",positive,2,"34143, 41247","Footprints is a very interesting movie that is somewhat difficult to categorize. ""Psychological thriller"" is the most appropriate description I can think of. The female protagonist, Alice Cespi, discovers that she doesn't remember anything of the last three days. The only clue she has is a torn photo of a hotel. She is also haunted by a recurring, very vivid, dream about a science fiction movie that she believes she saw many years ago. In her pursuit of the truth behind her amnesia she doesn't trust anyone, but little by little it becomes obvious that she has visited the town where the hotel is located before. This is an exciting flick whose main virtue is that it is virtually impossible to predict how the events will unfold, and particularly, how it will end. The unusual loneliness of the main character and the unreliability of everyone else ensure that the good old paranoid feeling is present throughout the film, whereas beautiful colors and some spectacularly filmed sequences make this a visually attractive movie as well. The important part of the one and only Nicoletta Elmi, everyone's all time favorite redheaded obnoxious child star of Italian horror, is an extra bonus."
"Hard to believe that director Barbet Schroeder once did the majestic and very funny Maitresse (1976), and now only seems to do ""by the numbers"" Hollywood thrillers.<br /><br />This is very lightweight John Grisham material, crossed with the plot of a TV movie. Bullock is Cass Mayweather, a feisty and independent crime investigator specialising in serial killers. Ben Chaplin is her reserved police partner Sam Kennedy, and together they make an uncomfortable duo. Not good, when two unbalanced college maladriots (Gosling and Pitt) decide to send them on a wild goose chase - by planting very clever and misleading forensic evidence at a crime scene.<br /><br />Fair enough, but while Bullock and Chaplin fail to create any sparks, we also have to endure a several dull overly-melodramatic flashbacks illustrating an important event in Cass's history. Then of course there are the frequent shots of a cliff-side log cabin where there's",negative,2,"35865, 37351","Hard to believe that director Barbet Schroeder once did the majestic and very funny Maitresse (1976), and now only seems to do ""by the numbers"" Hollywood thrillers.<br /><br />This is very lightweight John Grisham material, crossed with the plot of a TV movie. Bullock is Cass Mayweather, a feisty and independent crime investigator specialising in serial killers. Ben Chaplin is her reserved police partner Sam Kennedy, and together they make an uncomfortable duo. Not good, when two unbalanced college maladriots (Gosling and Pitt) decide to send them on a wild goose chase - by planting very clever and misleading forensic evidence at a crime scene.<br /><br />Fair enough, but while Bullock and Chaplin fail to create any sparks, we also have to endure a several dull overly-melodramatic flashbacks illustrating an important event in Cass's history. Then of course there are the frequent shots of a cliff-side log cabin where there's absolutely no doubt the OTT ending will be set. Oooh... the atmosphere.<br /><br />Watch any episode of CSI instead. It's to the point and far more exciting."
"HLOTS was an outstanding series, its what NYPD Blue will never be, on HLOTS the plots are real, the dialog is real, the Relationships are real. With HLOTS back as a movie, Tying up all the loose ends, it was good to have all the gang back together, even a few that passed away show up (wont say how) The storyline was fast paced, emotional and full of the spirit the series had week in and week out. Homicide , Life on the Streets, Network drama at Its BEST!!!! 5 STARS!!!! Thumbs UP and all That. Thanks NBC for giving us the Finally we didn't get!",positive,2,"31270, 43532","HLOTS was an outstanding series, its what NYPD Blue will never be, on HLOTS the plots are real, the dialog is real, the Relationships are real. With HLOTS back as a movie, Tying up all the loose ends, it was good to have all the gang back together, even a few that passed away show up (wont say how) The storyline was fast paced, emotional and full of the spirit the series had week in and week out. Homicide , Life on the Streets, Network drama at Its BEST!!!! 5 STARS!!!! Thumbs UP and all That. Thanks NBC for giving us the Finally we didn't get!"
"Goodnight, Mister Tom begins in an impossibly exquisite village in the south of England where the sun always seems to shine. Before we have much idea of the period we hear a radio announcement of the declaration of World War II. Soon a train blowing clouds of steam brings refugee children from London and when shy little William is billeted with reluctant, gruff old Tom (who you just know will turn out to have a heart of gold) our tale begins.<br /><br />And what a load of sentimental claptrap it is. In fact it's just the old odd-couple buddy formula. Aren't any new stories being written?<br /><br />As I suggested there's hardly any period feel in the village and not much more in London apart from the odd old ambulance rattling around. And certainly no hint of the horror of the Blitz as London's citizens file politely into air-raid shelters.",negative,2,"8231, 19827","Goodnight, Mister Tom begins in an impossibly exquisite village in the south of England where the sun always seems to shine. Before we have much idea of the period we hear a radio announcement of the declaration of World War II. Soon a train blowing clouds of steam brings refugee children from London and when shy little William is billeted with reluctant, gruff old Tom (who you just know will turn out to have a heart of gold) our tale begins.<br /><br />And what a load of sentimental claptrap it is. In fact it's just the old odd-couple buddy formula. Aren't any new stories being written?<br /><br />As I suggested there's hardly any period feel in the village and not much more in London apart from the odd old ambulance rattling around. And certainly no hint of the horror of the Blitz as London's citizens file politely into air-raid shelters. Even when the local schoolteacher's husband is declared missing presumed killed, he is later restored to life.<br /><br />I found `Goodnight, Mister Tom' cliched and obvious and John Thaw's accent conjured up a picture of Ronnie Barker of the Two Ronnies with a straw in his mouth doing his `country bumpkin' accent.<br /><br />Incidentally my wife enjoyed this movie for all the reasons that I disliked it and looking at fellow-imdb reviewers I seem to be in a minority of one.<br /><br />"
"God, I was bored out of my head as I watched this pilot. I had been expecting a lot from it, as I'm a huge fan of James Cameron (and not just since ""Titanic"", I might add), and his name in the credits I thought would be a guarantee of quality (Then again, he also wrote the leaden Strange Days..). But the thing failed miserably at grabbing my attention at any point of its almost two hours of duration. In all that time, it barely went beyond its two line synopsis, and I would be very hard pressed to try to figure out any kind of coherent plot out of all the mess of strands that went nowhere. On top of that, I don't think the acrobatics outdid even those of any regular ""A-Team"" episode. As for Alba, yes, she is gorgeous, of course, but the fact that she only",negative,2,"31338, 45196","God, I was bored out of my head as I watched this pilot. I had been expecting a lot from it, as I'm a huge fan of James Cameron (and not just since ""Titanic"", I might add), and his name in the credits I thought would be a guarantee of quality (Then again, he also wrote the leaden Strange Days..). But the thing failed miserably at grabbing my attention at any point of its almost two hours of duration. In all that time, it barely went beyond its two line synopsis, and I would be very hard pressed to try to figure out any kind of coherent plot out of all the mess of strands that went nowhere. On top of that, I don't think the acrobatics outdid even those of any regular ""A-Team"" episode. As for Alba, yes, she is gorgeous, of course, but the fact that she only displays one single facial expression the entire movie (pouty and surly), makes me also get bored of her ""gal wit an attitude"" schtick pretty soon. You can count me out of this one, Mr. Cameron!"
"German filmmaker Ulli Lommel has managed a task many horror fans thought was impossible: he's unseated fellow Teuton Uwe Boll for the crown of director of the worst horror film ever made.<br /><br />Lommel is truly the Ed Wood of the new millennium. This film is as shoddy and laughable as the best-worst of EW. I am both proud and embarrassed to say that I watched it in toto, morbidly fascinated to see just low the bar could be set. The answer is: subterranean; Lommel dug a pit and buried it.<br /><br />The fun begins with the cast of international nobodies. Only someone who has lived in Los Angeles, where every auto mechanic, doctor and mailman is an actor or screenwriter waiting to be discovered, could easily understand how Lommel managed to find so many wannabe actors willing to spew his ridiculous dialog with a straight face.<br /><br />The main",negative,2,"15358, 43245","German filmmaker Ulli Lommel has managed a task many horror fans thought was impossible: he's unseated fellow Teuton Uwe Boll for the crown of director of the worst horror film ever made.<br /><br />Lommel is truly the Ed Wood of the new millennium. This film is as shoddy and laughable as the best-worst of EW. I am both proud and embarrassed to say that I watched it in toto, morbidly fascinated to see just low the bar could be set. The answer is: subterranean; Lommel dug a pit and buried it.<br /><br />The fun begins with the cast of international nobodies. Only someone who has lived in Los Angeles, where every auto mechanic, doctor and mailman is an actor or screenwriter waiting to be discovered, could easily understand how Lommel managed to find so many wannabe actors willing to spew his ridiculous dialog with a straight face.<br /><br />The main character, a villainous beat cop, is played by a German actor with a thick German accent. Aside from being a serial killer, he is also the oldest beat cop in LA. Despite the fact that he stops innocent women drivers and takes them into custody, then drags them into his home (which inexplicably is the top floor of a furniture warehouse), and does all this in plain sight of his rookie partners, the LAPD refuses to investigate, going so far as to physically attack one of his accusers in a ninja style raid on his apartment.<br /><br />The sets are excruciatingly bad. The production designer's budget apparently included just enough money for a can of paint; enough to paint ""Precinct 707"" on a cardboard wall.<br /><br />Since the actors were obviously unpaid non-professionals--a sad assortment of European emigres (possibly deportees if they acted in their native lands), bimbos, mimbos, and desperate middle-aged women--and since little if any money was spent on sets, special efx, locations or other production value, it is only fair to mention that they did spring for a few genuine-looking police uniforms. Sadly, they couldn't afford a police car; the uniformed cops cruise the streets in a shiny new Mercury rental.<br /><br />More than half of the story focuses on the dirty deeds of our deranged German LAPD officer and the futile efforts of two young rookies to stop him. One of these young actors is especially pitiable because he's the only actor in this whole mess with even a vague shot at a real career in the movies. The other fits right in, with a rockabilly hairdo and tortured Brando posing that needs to be seen to be appreciated.<br /><br />The latter part of the film is where the title gets its zombie, as the victims of our killer are resurrected after he murders a girl who had just visited some voodoo priestesses to have a protective spell put on her. Don't ask why a girl from Romania would resort to voodooism in anticipation of being murdered, just accept Lommel's logic and enjoy the absurd ride.<br /><br />After much prolonged hand-clawing out of straw-covered roadside graves, the zombie girls manage to make their appearance. They look exactly as they did before death, maybe even prettier, with black glamor make-up generously airbrushed around their eyes. Looking nothing like zombies, they look more like high fashion models ready for the runway.<br /><br />At this point in the movie Lommel borrows a creative note from his lauded countryman Boll, and injects large doses of cheesy Euro-trash techno into the soundtrack. We're talking prehistoric electronic bumblebee noise. Stuff they might have played in an Ibiza disco when Lommel was still young enough to shake his booty.<br /><br />Unlike other zombies, Lommel's girls speak and function as normal... er, I mean, as they did before becoming zombified. This gives our auteur ample opportunities to shower us with more of his golden dialog. Yes, a golden shower it is.<br /><br />I won't spoil anything by revealing the shock ending. All I can say is it's perfectly in tune with the rest of this masterpiece. The spirit of Ed Wood lives on... or should I say his geist."
"From the acting, direction, scriptwriting and art direction this film is just entirely ill conceived and the money would have been better spent on shoes for land mine victims. When did we get so sad that they have to fill a a children's movie with sexual innuendo to keep the parents attention.<br /><br />Dr Suess is rolling in his grave right now, what with the ""dirty ho"" ""S.H.I.T"" and fake erection scenes etc etc etc. Its shameful how they trade on the name of Suess to get the parents to bring their kids, throw in the profanities to try for the teens and a few sad parents who won't watch a a film with their child if there is no T & A. Greed greed and more greed.<br /><br />Compare this to the classic children's films and we can get a disturbing view of world is turning into. These guys",negative,2,"27501, 30057","From the acting, direction, scriptwriting and art direction this film is just entirely ill conceived and the money would have been better spent on shoes for land mine victims. When did we get so sad that they have to fill a a children's movie with sexual innuendo to keep the parents attention.<br /><br />Dr Suess is rolling in his grave right now, what with the ""dirty ho"" ""S.H.I.T"" and fake erection scenes etc etc etc. Its shameful how they trade on the name of Suess to get the parents to bring their kids, throw in the profanities to try for the teens and a few sad parents who won't watch a a film with their child if there is no T & A. Greed greed and more greed.<br /><br />Compare this to the classic children's films and we can get a disturbing view of world is turning into. These guys should stick to making MTV videos. How on earth this movie got >400 votes as a perfect 10 is beyond me. (unless its the directors family)"
"From director Barbet Schroder (Reversal of Fortune), I think I saw a bit of this in my Media Studies class, and I recognised the leading actress, so I tried it, despite the rating by the critics. Basically cool kid Richard Haywood (Half Nelson's Ryan Gosling) and Justin Pendleton (Bully's Michael Pitt) team up to murder a random girl to challenge themselves and see if they can get away with it without the police finding them. Investigating the murder is homicide detective Cassie 'The Hyena' Mayweather (Sandra Bullock) with new partner Sam Kennedy (Ben Chaplin), who are pretty baffled by the evidence found on the scene, e.g. non-relating hairs. The plan doesn't seem to be completely going well because Cassie and Sam do quite quickly have Richard or Justin as suspects, it is just a question of if they can sway them away. Also starring Agnes Bruckner as Lisa Mills, Chris",negative,2,"480, 8874","From director Barbet Schroder (Reversal of Fortune), I think I saw a bit of this in my Media Studies class, and I recognised the leading actress, so I tried it, despite the rating by the critics. Basically cool kid Richard Haywood (Half Nelson's Ryan Gosling) and Justin Pendleton (Bully's Michael Pitt) team up to murder a random girl to challenge themselves and see if they can get away with it without the police finding them. Investigating the murder is homicide detective Cassie 'The Hyena' Mayweather (Sandra Bullock) with new partner Sam Kennedy (Ben Chaplin), who are pretty baffled by the evidence found on the scene, e.g. non-relating hairs. The plan doesn't seem to be completely going well because Cassie and Sam do quite quickly have Richard or Justin as suspects, it is just a question of if they can sway them away. Also starring Agnes Bruckner as Lisa Mills, Chris Penn as Ray Feathers, R.D. Call as Captain Rod Cody and Tom Verica as Asst. D.A. Al Swanson. I can see now the same concept as Sir Alfred Hitchcock's Rope with the murdering for a challenge thing, but this film does it in a very silly way, and not even a reasonably good Bullock can save it from being dull and predictable. Adequate!"
"French Cinema sucks! Down with all these psychiotric visions with their my-God-am-I-cultivated distinguished attitudes! Pestilence to conceited symbolic film-language and impervious chiffres! I'll no longer have a mind for that! Léos Carax, did you ever think about, that a dialogue in a film could be natural and vivid??? Maybe I'm too common to understand you? Or had it been your task to confirm all the clichés of a Frenchman the world can have? Guillaume the to-be-guilliotined comes to his home-palace, Mme. Deneuve, not in the picture, plays the flute: ""Here am I, darling!"" In this moment, I knew, that she's in the bathtub, and we`ll see her lying in there soon. Don't misunderstand me, I'm not prudish, and the incestous sex scene was the climax of the film. But this is, in Berlin, we say ""etepetete"", what means something like ""être-peut-être"", a snobistic, self-satisfied, and, the worst, seen that often",negative,2,"1553, 38026","French Cinema sucks! Down with all these psychiotric visions with their my-God-am-I-cultivated distinguished attitudes! Pestilence to conceited symbolic film-language and impervious chiffres! I'll no longer have a mind for that! Léos Carax, did you ever think about, that a dialogue in a film could be natural and vivid??? Maybe I'm too common to understand you? Or had it been your task to confirm all the clichés of a Frenchman the world can have? Guillaume the to-be-guilliotined comes to his home-palace, Mme. Deneuve, not in the picture, plays the flute: ""Here am I, darling!"" In this moment, I knew, that she's in the bathtub, and we`ll see her lying in there soon. Don't misunderstand me, I'm not prudish, and the incestous sex scene was the climax of the film. But this is, in Berlin, we say ""etepetete"", what means something like ""être-peut-être"", a snobistic, self-satisfied, and, the worst, seen that often in French movies I can tell! Other example: She, beautiful and willing, is looking at herself in a mirror, combing her hair, and her wild-bearded, dirty young guru rushs into the room, breathless shouting: ""There's no escape, there's no escape!"" Forty years after existencialistic Sartres and consorts- what's new, what's exciting about? My God, there's that woman and she loves and admires you, what would be more natural to be happy with your life? And when you're not, please explain much better, why!! Born French means you have to live a life in extravaganza, no escape, is that the point?"
"For anyone who liked the series this movie will be something to watch. However, it also leaves you wanting more. I loved the way that every character (detective)made an appearance. Least with the ending of who is the fourth chair for they leave a reason for another movie. My guess is Bayless of course. This like the series was a very well put together series of scenes. This is a series I wish had lived on. Thanks to the cast for some wonderful TV.",positive,2,"6662, 47642","For anyone who liked the series this movie will be something to watch. However, it also leaves you wanting more. I loved the way that every character (detective)made an appearance. Least with the ending of who is the fourth chair for they leave a reason for another movie. My guess is Bayless of course. This like the series was a very well put together series of scenes. This is a series I wish had lived on. Thanks to the cast for some wonderful TV."
"For all the Homicide junkies out there, this movie was great! Every single character that ever was on the show made an appearance in the movie. It helped to resolve some (but not all) issues from the series. Unfortunately, unless you actually did watch the series, most of the enjoyment would be lost, as the movie made heavy references to every season of the show's existence. This probably would have been appropriate as a series finale as opposed to being a separate movie, but we gotta take what we can get. I hope they make more movies, and continue to feature Homicide characters on Law and Order.",positive,2,"30844, 33735","For all the Homicide junkies out there, this movie was great! Every single character that ever was on the show made an appearance in the movie. It helped to resolve some (but not all) issues from the series. Unfortunately, unless you actually did watch the series, most of the enjoyment would be lost, as the movie made heavy references to every season of the show's existence. This probably would have been appropriate as a series finale as opposed to being a separate movie, but we gotta take what we can get. I hope they make more movies, and continue to feature Homicide characters on Law and Order."
"Following a roughly 7 year rocky road on NBC, it was decided to do just one last Super Installment. The Series had been on the bubble several times thanks to not having the numbers that would qualify it as a block-buster of a TV hour. It had always had a sizable, hard core of hard corps of followers. <br /><br />It was almost as if the series with the full title of ""HOMICIDE: LIFE ON THE STREET"" (1993-99) was a sort of ""Mr. In-Between"" of series. It was too big to just cancel, but too small to get a case of 'Rabid Ratings Ravings' over. <br /><br />During the precarious tenure on Friday evenings, they had presented some of the best and most daringly Artistic of Hourly Dramas. There, I've said it Artistic, Artistic!! But please, remember we mean Artistic, but not just Phony, Pretentious, Pedantic, Politically Correct preaching.<br /><br",positive,2,"22342, 49286","Following a roughly 7 year rocky road on NBC, it was decided to do just one last Super Installment. The Series had been on the bubble several times thanks to not having the numbers that would qualify it as a block-buster of a TV hour. It had always had a sizable, hard core of hard corps of followers. <br /><br />It was almost as if the series with the full title of ""HOMICIDE: LIFE ON THE STREET"" (1993-99) was a sort of ""Mr. In-Between"" of series. It was too big to just cancel, but too small to get a case of 'Rabid Ratings Ravings' over. <br /><br />During the precarious tenure on Friday evenings, they had presented some of the best and most daringly Artistic of Hourly Dramas. There, I've said it Artistic, Artistic!! But please, remember we mean Artistic, but not just Phony, Pretentious, Pedantic, Politically Correct preaching.<br /><br />When at last, it was a sure thing that it was the end of the line for ""HOMICIDE""; this super episode was prepared as this 2 hour made for TV Movie. <br /><br />Looking at all the past seasons' happenings and parade of regular characters, the Production team went out and gave us what proved to be a super send off.<br /><br />OUR STORY. As we join the story, we find that Baltimore Homicide Unit Commanding Officer, Lt. Al Giardello has ""pulled the pin"", Retired from the job, that is. But 'G' isn't ready to really retire-retire yet. So, instead of a rocking chair o a fishing rod, we find that Al is running for Mayor of 'Charm City.'<br /><br />While out in the City, making some campaign stops and speeches, the former Detective Lieutenant takes an assassin's bullet. Alive, but in a comatose state, he is taken to the Hospital. <br /><br />News spreads quickly and as if officially summoned, we find all of the Detectives of the Baltimore Unit we've seen on the show showing up to offer their services and assistance. There is a great meeting of all of these former and present gumshoes as they pitch in and follow every lead and possibility of a lead.<br /><br />The Producer found a way to deal with those who had died previously in bringing their memory into the story. They managed to answer some long standing questions and even introduced some here to unrevealed ones. The whole story winds up the series in a most satisfying and original way. But at least for now, we'll leave that as ""classified"".<br /><br />In wrapping up everything into a neat, little package, this TV Movie surely gets our endorsement. As for grading ""THE HOMICIDE MOVIE"", we must give it an A or A+, even. But, no matter the Grade here, it didn't score as high as a typical weekly episode."
"Even if you could get past the idea that these boring characters personally witnessed every Significant Moment of the 1960s (ok, so Katie didn't join the Manson Family, and nobody died at Altamont), this movie was still unbelievably awful. I got the impression that the ""writers"" just locked themselves in a room and watched ""Forrest Gump,"" ""The Wonder Years,"" and Oliver Stone's 60s films over and over again and called it research. A Canadian television critic called the conclusion of the first episode ""head spinning"". He was right.",negative,2,"2032, 43468","Even if you could get past the idea that these boring characters personally witnessed every Significant Moment of the 1960s (ok, so Katie didn't join the Manson Family, and nobody died at Altamont), this movie was still unbelievably awful. I got the impression that the ""writers"" just locked themselves in a room and watched ""Forrest Gump,"" ""The Wonder Years,"" and Oliver Stone's 60s films over and over again and called it research. A Canadian television critic called the conclusion of the first episode ""head spinning"". He was right."
"First, IFC runs Town and Country, and now this. The difference between that stinker and this Pink Panther rip-off is that Town and Country was watchable. This isn't.<br /><br />I can only surmise that the cast signed up for this so they could goof off in Europe on somebody else's dime. Belushi is especially irritating. His scene with Candy (doing a Z-grade Dom DeLuise) was torture. Speaking of torture, five minutes of the talentless Shepherd, and I bet the prisoners at Gitmo would crack like walnuts!<br /><br />The real ""Crime"" (besides this being green-lighted) is Shepherd's character: a mousy wife who takes a Monte Carlo casino for a half-million bucks! If you buy that, I have some oceanfront property in Arizona you might be interested in!",negative,2,"23603, 46953","First, IFC runs Town and Country, and now this. The difference between that stinker and this Pink Panther rip-off is that Town and Country was watchable. This isn't.<br /><br />I can only surmise that the cast signed up for this so they could goof off in Europe on somebody else's dime. Belushi is especially irritating. His scene with Candy (doing a Z-grade Dom DeLuise) was torture. Speaking of torture, five minutes of the talentless Shepherd, and I bet the prisoners at Gitmo would crack like walnuts!<br /><br />The real ""Crime"" (besides this being green-lighted) is Shepherd's character: a mousy wife who takes a Monte Carlo casino for a half-million bucks! If you buy that, I have some oceanfront property in Arizona you might be interested in!"
"First, I don't see how the movie is on any ""best"" list or how it won any awards. Compared to La Pianiste, which is also on a ""best"" list, La Pianiste is gold. This movie lacked so many things, on so many different levels, but I can't quite explain why I disliked it so much. The lead actor was annoying, I felt as though I never knew what was going on, and I was BORED!! Even though this was supposed to be some worthwhile life change that Pierre was starting, I wanted it to end.... as soon as possible. Why did it have to be his sister and cousin? Ugh. And why did Thibault get mean? He just bipolarly turned mean. And also, was it me or did I miss the whole purpose of what that guy in black was all about? Who were all those people playing music in",negative,2,"19276, 43563","First, I don't see how the movie is on any ""best"" list or how it won any awards. Compared to La Pianiste, which is also on a ""best"" list, La Pianiste is gold. This movie lacked so many things, on so many different levels, but I can't quite explain why I disliked it so much. The lead actor was annoying, I felt as though I never knew what was going on, and I was BORED!! Even though this was supposed to be some worthwhile life change that Pierre was starting, I wanted it to end.... as soon as possible. Why did it have to be his sister and cousin? Ugh. And why did Thibault get mean? He just bipolarly turned mean. And also, was it me or did I miss the whole purpose of what that guy in black was all about? Who were all those people playing music in the big basement of the big warehouse? Why did they have all that weird equipment and the guns and all those extra rooms for people to live in? I mean this in all seriousness, but does incest happen a lot in French culture? European culture? I took 5 years of learning about the culture and I never heard anything about that!"
"First off, I just watched a movie on SHOWTIME called Survival Island. It says it was a 2006 movie with Billy Zane and since I like him and couldn't sleep I thought I would check it out. Looked interesting. Watched it, and decided to look up on the IMDb who was this new face Juan Pablo Di Pace and OMG I could not believe it, this movie has been renamed THREE and will be a new movie?? It is playing again in 1 hr and 30 mins on Showtime Channel again and this date is May 28 and EDT or Florida time. You can check your showtime listings by title and see it. I wont get into details so you can see the movie but at one point there is a lady in a white bikini that goes into the water taking it all off, you see her naked body....",negative,2,"6303, 36975","First off, I just watched a movie on SHOWTIME called Survival Island. It says it was a 2006 movie with Billy Zane and since I like him and couldn't sleep I thought I would check it out. Looked interesting. Watched it, and decided to look up on the IMDb who was this new face Juan Pablo Di Pace and OMG I could not believe it, this movie has been renamed THREE and will be a new movie?? It is playing again in 1 hr and 30 mins on Showtime Channel again and this date is May 28 and EDT or Florida time. You can check your showtime listings by title and see it. I wont get into details so you can see the movie but at one point there is a lady in a white bikini that goes into the water taking it all off, you see her naked body.... when she runs back out of the water you see her bottoms on. Funny, there are a lot of other mess ups too. I can't believe by coincidence I decided to look up this movie... Go figure! Wonder if the people renaming it sold it to some movie studio to put out but it is already playing on Showtime, ha ha. Good laugh. I give it 1-1/2 stars. C-, D+ movie."
"First of all, no one with any law enforcement experience (Not ER or EMT, but real law enforcement) takes this show seriously. Walker would be drummed out of any police force in the US for his illegal and totally unprofessional tactics. On top of that, he is a comic book character---no acting ability, incredibly trite lines, no character development. The fact that Alex Cahill loves him shows just how dumb blondes really are. And Trivett is the ultimate clown in black-face. Come on---if you think Walker is a heartfelt show without bias, then explain why JT is treated as a dolt, always is the subject of Walker's jokes, never is allowed to be the one to solve the crime, and never rescues Walker, who should be dead 50 times over for the stupid things he does. While it may be true that many criminals are even dumber than the detectives",negative,2,"4466, 42680","First of all, no one with any law enforcement experience (Not ER or EMT, but real law enforcement) takes this show seriously. Walker would be drummed out of any police force in the US for his illegal and totally unprofessional tactics. On top of that, he is a comic book character---no acting ability, incredibly trite lines, no character development. The fact that Alex Cahill loves him shows just how dumb blondes really are. And Trivett is the ultimate clown in black-face. Come on---if you think Walker is a heartfelt show without bias, then explain why JT is treated as a dolt, always is the subject of Walker's jokes, never is allowed to be the one to solve the crime, and never rescues Walker, who should be dead 50 times over for the stupid things he does. While it may be true that many criminals are even dumber than the detectives who go after them (and believe me, most cops are dumber than dirt), the smart ones Walker comes up against never seem to get the point that once Walker is captured, the jerk needs to be put of his misery. But then again, Norris produced the show as well as starred in it, so how could he willingly get rid of himself or even show how stupid his tactics are. As if six guys are going to wait around to take him one at a time. What a terrible series! It is more demeaning than any of the hokey westerns like The Lone Ranger, Roy Rogers, The Cisco Kid, and Wild Bill Hickock, though I would imagine that most of you on here are far too young to remember those shows. But like those shows, in the same way as those shows, Walker TR is just as insulting and just plain silly."
"First of all this was not a three hour movie - Two hours, ten minutes... last time i checked commercials aren't actually part of a movie! Perhaps, though, it should've been a two parter for a total of about 3 hours? Yeah, would have gotten more in, been able to explore some more emotion. Overall, though, it was an interesting look into the lives of Lucy and Desi. I watch I Love Lucy from time to time and love it but never have I read or seen a biography, never knew anything about their lives off the screen. Because of this movie I do now but I'm not so sure that's a good thing. Everything here no one really needed to know. This was essentially a movie that didn't need to be made. But it was made and the reason is because Lucy & Desi are still such huge stars",positive,2,"4513, 37718","First of all this was not a three hour movie - Two hours, ten minutes... last time i checked commercials aren't actually part of a movie! Perhaps, though, it should've been a two parter for a total of about 3 hours? Yeah, would have gotten more in, been able to explore some more emotion. Overall, though, it was an interesting look into the lives of Lucy and Desi. I watch I Love Lucy from time to time and love it but never have I read or seen a biography, never knew anything about their lives off the screen. Because of this movie I do now but I'm not so sure that's a good thing. Everything here no one really needed to know. This was essentially a movie that didn't need to be made. But it was made and the reason is because Lucy & Desi are still such huge stars and certain people in American society feel that the rest of society needs to know ALL about our tv and movie stars. That is definitely so not true and very, very sad.<br /><br />Anyway, what was shown here in Lucy was pretty good. Two complaints - the actress who played Viv Vance - not great casting at all. And the switch from Madeline Zima to Rachel York.... uhhh, like Lucy had plastic surgery and all of a sudden she's a whole new person!? That wasn't too great. But the story went on and focused on the rocky relationship between Lucy & Desi. No, the kids were not shown very much at all and that wasn't necessarily a drawback to this movie because like I said, this focused mainly just on Lucy & Desi. Had there been more time, had the story been more about Lucy's entire life, then maybe the kids woulda been there more. But they weren't so we got to see the likes of Gable & Lombard, Red Skelton and Buster Keaton very briefly instead. Wow, that was one thing about this story that I thought was really cool: his presence and influence in Lucy's life. Really neat and it's too bad that wasn't explored more. Oh well. What was explored was done well, for the most part. Honestly, I don't think I'll ever watch this again and I don't think this movie'll be that memorable. For someone who digs I Love Lucy but isn't an enormous Lucille Ball fan, this should be an interesting watch. My grade for this: B"
"Film critics of the world, I apologize. It is your job to give advice to the moviegoing public so that they can wisely choose what to spend money on. But I ignored your advice and I have been deeply hurt. However, my decision to see ""The Cat in the Hat"" wasn't made haphazardly. You see, three years ago all of you critics said that we should all avoid the ""calamity"" known as ""How the Grinch Stole Christmas"". Then some friends of mine took me to see it and it turned out to be a colorful, funny and almost hypnotic yuletide treat. So when the critics unleashed their fury against ""The Cat in the Hat"", another big budget Seuss update with a big name star in the title role, I thought that it must be the same old song. How wrong I was.<br /><br />For five whole minutes I thought I",negative,2,"40491, 48156","Film critics of the world, I apologize. It is your job to give advice to the moviegoing public so that they can wisely choose what to spend money on. But I ignored your advice and I have been deeply hurt. However, my decision to see ""The Cat in the Hat"" wasn't made haphazardly. You see, three years ago all of you critics said that we should all avoid the ""calamity"" known as ""How the Grinch Stole Christmas"". Then some friends of mine took me to see it and it turned out to be a colorful, funny and almost hypnotic yuletide treat. So when the critics unleashed their fury against ""The Cat in the Hat"", another big budget Seuss update with a big name star in the title role, I thought that it must be the same old song. How wrong I was.<br /><br />For five whole minutes I thought I was in the clear. The opening credits are clever, the kids are charming and the production values are top notch. Then the cat showed up. There are many problems from this point on, but the biggest one was the woeful miscasting of Mike Myers. Where ""The Grinch"" was saved by the inspired casting of Jim Carrey, ""The Cat"" was destroyed by Myers. He can be very funny when his energies are applied where they belong, comic sketches. Every movie he's made that was truly funny was really just a feature length comedy sketch, from ""Wayne's World"" to ""Austin Powers"". So he tries to do the same thing here, it's just that these comedy sketches are more like the stuff that they stick at the end of SNL, not funny, just painful. Not that the writers helped him out any. After the charming prologue the movie turns into an hour of repulsive bodily humor gags, poorly timed pratfalls and insultingly stunted attempts at hip humor. This movie was the most disheartening cinematic experience I have ever had. Period. So much talent and work went into something so vile. I know that the adult stars of this movie will be relatively unscathed by this mess, I just hope that the wonderful Spencer Breslin and Dakota Fanning will get more chances to show their charms in far better movies. If you are a parent, please avoid this like the plague. With movies like ""Elf"" and ""Brother Bear"" currently in theaters, you have far better choices."
"Few movies have dashed expectations and upset me as much as Fire has. The movie is pretentious garbage. It does not achieve anything at an artistic level. The only thing it managed to receive is a ban in India. If only it was because of the poor quality of film making rather than the topical controversy, the ban would have been more justifiable.<br /><br />Now that I've got my distress out of my system, I am more able to analyse the movie: <br /><br />* From the onset the movie feels unreal especially when the protagonists start conversing in English. The director, of course, did not make the movie for an Indian audience; however it underestimated its international audiences by over simplifying it. Watching the character of the domestic help conversing in perfect English is too unreal to be true.<br /><br />* Next we get regular glimpses into Radha's dreams.",negative,2,"39686, 47431","Few movies have dashed expectations and upset me as much as Fire has. The movie is pretentious garbage. It does not achieve anything at an artistic level. The only thing it managed to receive is a ban in India. If only it was because of the poor quality of film making rather than the topical controversy, the ban would have been more justifiable.<br /><br />Now that I've got my distress out of my system, I am more able to analyse the movie: <br /><br />* From the onset the movie feels unreal especially when the protagonists start conversing in English. The director, of course, did not make the movie for an Indian audience; however it underestimated its international audiences by over simplifying it. Watching the character of the domestic help conversing in perfect English is too unreal to be true.<br /><br />* Next we get regular glimpses into Radha's dreams. These scenes are not very effective. They coming up as jarring and obstruct the flow of the movie. I'm still wondering how that philosophical dialogue connected to the story. I felt that the surrealism was lost.<br /><br />* The love scenes felt voyeuristic and are probably meant for audience titillation rather than being a powerful statement. In any case, they do not achieve either of the two.<br /><br />* The names chosen for the women, Radha and Sita, are names of Hindu deities and hence been selected to shock the audiences. However, since the film wasn't meant for Indian audiences in the first place, the shock-through-name-selection is not meant to achieve its goal, which is absurd.<br /><br />* The quality of direction is very poor and some key and delicate scenes have been poorly handled. A better director could have made a powerful emotional drama out of the subject.<br /><br />* The acting felt wooden although Nandita Das brought some life into the role, the others were wasted. I always thought that Shabana Azmi was a good actress but her talent is not evident in this film. The male leads were outright rubbish.<br /><br />In case you are a fan of Earth and wish to see more of the director, stay away from this one. Please."
"Excellent performance. There still are good actors around! Also great directing and photography. Very true to Shakespear, and a 'must' for all Shakespear fans. Macbeth (Jason Connery) moved me to tears with his final monolog (out brief candle, out)He gave the sphere of moral decay and dark forces a human face, which makes it the more interesting. Helen Baxendale is a very credible lady Macbeth who can be very cheerfull at times and sometimes she just looks like a naughty girl, but deadly in her taste for blood and evil. If you love death and decay, and Shakespears lyrics... this is the one.",positive,2,"7173, 39850","Excellent performance. There still are good actors around! Also great directing and photography. Very true to Shakespear, and a 'must' for all Shakespear fans. Macbeth (Jason Connery) moved me to tears with his final monolog (out brief candle, out)He gave the sphere of moral decay and dark forces a human face, which makes it the more interesting. Helen Baxendale is a very credible lady Macbeth who can be very cheerfull at times and sometimes she just looks like a naughty girl, but deadly in her taste for blood and evil. If you love death and decay, and Shakespears lyrics... this is the one."
"Everyone knows about this ''Zero Day'' event. What I think this movie did that Elephant did not is that they made us see how these guys were. They showed their life for about a year. Throughout the movie we get to like them, to laugh with them even though we totally know what they're gonna do. And THAT gives me the chills. Cause I felt guilty to be cheered by their comments, and I just thought Cal was a sweet guy. Even though I KNEW what was gonna happen you know? Even at the end of the movie when they were about to commit suicide and just deciding if they did it on the count of 3 or 4 I thought this was funny but still I was horrified to see their heads blown off. Of course I was. I got to like them. They were wicked, maybe, but I",positive,2,"7164, 27350","Everyone knows about this ''Zero Day'' event. What I think this movie did that Elephant did not is that they made us see how these guys were. They showed their life for about a year. Throughout the movie we get to like them, to laugh with them even though we totally know what they're gonna do. And THAT gives me the chills. Cause I felt guilty to be cheered by their comments, and I just thought Cal was a sweet guy. Even though I KNEW what was gonna happen you know? Even at the end of the movie when they were about to commit suicide and just deciding if they did it on the count of 3 or 4 I thought this was funny but still I was horrified to see their heads blown off. Of course I was. I got to like them. They were wicked, maybe, but I felt like they were really normal guys, that they didn't really realize it. But I knew they were.<br /><br />That's, IMO, the main force of this movie. It makes us realize that our friends, or relatives, or anyone, can be planning something crazy, and that we won't even notice it. This movie, as good as it was, made me feel bad. And that's why I can't go to sleep right now. There's still this little feeling in my stomach. Butterflies."
"Everybody who wants to be an editor should watch this movie! It shows you about every mistake not to do in editing a movie! My grandma could have done better than that! But that's not the only reason why this movie is really bad! (It's actually so bad that I'm not able to write a sentence without exclamation mark!) If the first episode of Les Visiteurs' was a quite good familial comedy with funny jokes and cult dialogues, this sequel is copying badly the receipe of the first one. The funny parts could be counted on one hand and maybe half of it. Clavier is over-acting his role even more than in the first part, Robin is trying to act like Lemercier (because she's replacing her) but that's grotesque'. Lemercier is Lemercier, Robin is Robin! Even if Muriel Robin can be funny by herself on stage, she is not in",negative,2,"25759, 27525","Everybody who wants to be an editor should watch this movie! It shows you about every mistake not to do in editing a movie! My grandma could have done better than that! But that's not the only reason why this movie is really bad! (It's actually so bad that I'm not able to write a sentence without exclamation mark!) If the first episode of Les Visiteurs' was a quite good familial comedy with funny jokes and cult dialogues, this sequel is copying badly the receipe of the first one. The funny parts could be counted on one hand and maybe half of it. Clavier is over-acting his role even more than in the first part, Robin is trying to act like Lemercier (because she's replacing her) but that's grotesque'. Lemercier is Lemercier, Robin is Robin! Even if Muriel Robin can be funny by herself on stage, she is not in this movie because she's not acting as she used to act. I know that it should be hard to replace somebody who was good in a role (Lemercier obtained a César award for her role in the first movie) but she made a big mistake: instead of playing her role, she played Lemercier playing her role'! As for the story, it's just too much! Of course we knew at he end of the first movie that there would be a sequel but Poiré and Clavier should hae tried to write a more simple story like the first episode. The gags are repetitive, childish and déjà-vu. No, really, there's no more than 3 funny parts in this. The only good things might be the costumes and some special effects. So you have only 2 reasons to watch it: 1) if you want to learn how to edit awfully a movie, 2) if you want to waste your time or if you really need a brainless moment'! 2/10"
"At first the movie seemed to be doing great, they had the characters profiles set...the plot seemed to be going in the right direction... however, as the movie progressed it seemed the director focused on the wrong kind of things...or just a lot was edited from the movie. The characters' identities changed for the worse within the movie. Also, there seemed to be a lot of implicit meaning -- in other words -- they had things within the movie that didn't seem to fit the movie itself. AND the title... no where in the movie does the title fit the movie...I suppose the title works for the previews.... Actors did well with what they had.....if they had a better director and writer, maybe this would have worked out better. But it didn't. So now there's a new terrible movie coming out this Friday.... My opinion!....don't waste your time or money.",negative,2,"5140, 35705","At first the movie seemed to be doing great, they had the characters profiles set...the plot seemed to be going in the right direction... however, as the movie progressed it seemed the director focused on the wrong kind of things...or just a lot was edited from the movie. The characters' identities changed for the worse within the movie. Also, there seemed to be a lot of implicit meaning -- in other words -- they had things within the movie that didn't seem to fit the movie itself. AND the title... no where in the movie does the title fit the movie...I suppose the title works for the previews.... Actors did well with what they had.....if they had a better director and writer, maybe this would have worked out better. But it didn't. So now there's a new terrible movie coming out this Friday.... My opinion!....don't waste your time or money."
"Aside from the horrendous acting and the ridiculous and ludicrous plot, this movie wasn't too bad. Unfortunately, that doesn't leave much movie not to suck. Do not waste your time on this film, even if you find yourself suffering from insomnia, as I did. Watch an infomercial instead.",negative,2,"27242, 31093","Aside from the horrendous acting and the ridiculous and ludicrous plot, this movie wasn't too bad. Unfortunately, that doesn't leave much movie not to suck. Do not waste your time on this film, even if you find yourself suffering from insomnia, as I did. Watch an infomercial instead."
"As everyone knows, nobody can play Scarlett O'Hara like Vivien Leigh, and nobody can play Rhett Butler like Clark Gable. All others pale in comparison, and Timothy Dalton and Joanne Whalley are no exceptions. One thing that I really couldn't get past was that Joanne has BROWN eyes. The green eyes were the most enhancing feature of Scarlett's good looks, and in this sequel she has been stripped of those.<br /><br />The movie, as well as the book, had several lulls in it. The new characters weren't all that memorable, and I found myself forgetting who was who. I felt as though her going to Ireland did absolutely nothing whatsoever. It could be that I'm only 11, but I saw no change in her attitude until the last say, 10 minutes when Rhett told her she had grown up. If Rhett hadn't told her that, I would have never guessed",negative,2,"7357, 25423","As everyone knows, nobody can play Scarlett O'Hara like Vivien Leigh, and nobody can play Rhett Butler like Clark Gable. All others pale in comparison, and Timothy Dalton and Joanne Whalley are no exceptions. One thing that I really couldn't get past was that Joanne has BROWN eyes. The green eyes were the most enhancing feature of Scarlett's good looks, and in this sequel she has been stripped of those.<br /><br />The movie, as well as the book, had several lulls in it. The new characters weren't all that memorable, and I found myself forgetting who was who. I felt as though her going to Ireland did absolutely nothing whatsoever. It could be that I'm only 11, but I saw no change in her attitude until the last say, 10 minutes when Rhett told her she had grown up. If Rhett hadn't told her that, I would have never guessed that there was any change in her attitude. She really loved Cat, her baby. She likes this child best because she had it with Rhett, her only loved husband. Still, if you've read Gone With The Wind, you would see that children make no difference in Scarlett's world. <br /><br />Quite frankly, it seemed to me like there was way too much going on without Rhett. All anybody cares about is whether or not Rhett and Scarlett get back together, and Scarlett took way too long to get to that. It is virtually nothing compared to Gone With The Wind, but then again what isn't? If you have read the novel, you will like that better than the movie.<br /><br />I would watch it, just because it is the sequel to Gone With The Wind, regardless of whether or not it's worthwhile. It may not satisfy you entirely, but it will get you some of the way there."
"...at least during its first half. If it had started out with the three buddies in the navy and concentrated on the naval action scenes, it would have been a much better and tighter film. The second half of the film is worth it, especially for the action sequences and close up shots of early 20th century ships, but it's like a dull toothache getting there. Also, don't watch this film just because Ginger Rogers is in it. She has an important role, but it's a small one.<br /><br />The film starts out showing three New York City buddies working the tourist trade and also in good-natured competition for the hand of Sally (Ginger Rogers), a singing candy salesgirl along the avenue. World War I breaks out, the three buddies seem completely indifferent to the struggle, yet enlist in the navy anyways. The one of the three with the least",negative,2,"12470, 17235","...at least during its first half. If it had started out with the three buddies in the navy and concentrated on the naval action scenes, it would have been a much better and tighter film. The second half of the film is worth it, especially for the action sequences and close up shots of early 20th century ships, but it's like a dull toothache getting there. Also, don't watch this film just because Ginger Rogers is in it. She has an important role, but it's a small one.<br /><br />The film starts out showing three New York City buddies working the tourist trade and also in good-natured competition for the hand of Sally (Ginger Rogers), a singing candy salesgirl along the avenue. World War I breaks out, the three buddies seem completely indifferent to the struggle, yet enlist in the navy anyways. The one of the three with the least industry as a civilian (Bill Boyd as Baltimore) winds up the commanding officer to the other two (Robert Armstrong as Dutch and James Gleason as Skeets). To make matters more complex, Sally has fallen in love with one of the three, but doesn't have the chance to tell him before the three sail off to war.<br /><br />The film is a little more interesting on board ship, mainly because of the close shots we have of the ship itself, and also because the chemistry among the three buddies is believable. However, James Gleason at age 49 looks a bit long in the tooth to be a swabby, especially when the sign at the enlistment office said you had to be between 17 and 35 to be eligible.<br /><br />One real obvious flaw in the film that made me believe that everything outside the naval scenes was slapped together with minimum care is the costume design, or, I should say, the lack of it. In the scenes in New York just prior to WWI we have everyone dressed in the fashions of 1931 and everyone driving the cars of 1931 - no effort was taken to bring this film into period.<br /><br />In conclusion, if you watch the few scenes with Ginger Rogers in them and the last 45 minutes involving the naval suicide mission, you've seen everything here worth seeing. The rest is padding."
"A longtime fan of Bette Midler, I must say her recorded live concerts are my favorites. Bette thrills us with her jokes and brings us to tears with her ballads. A literal rainbow of emotion and talent, Bette shows us her best from her solid repertoire, as well as new songs from the ""Bette of Roses"" album. Spanning generations of people she offers something for everyone. The one and only Divine Diva proves here that she is the most intensely talented performer around.",positive,2,"6675, 15637","A longtime fan of Bette Midler, I must say her recorded live concerts are my favorites. Bette thrills us with her jokes and brings us to tears with her ballads. A literal rainbow of emotion and talent, Bette shows us her best from her solid repertoire, as well as new songs from the ""Bette of Roses"" album. Spanning generations of people she offers something for everyone. The one and only Divine Diva proves here that she is the most intensely talented performer around."
"A holiday on a boat, a married couple, an angry waiter and a shipwreck is the reason to this films beginning.<br /><br />I like boobs. No question about that. But when the main character allies with whoever happens to have the most fish at the moment, mostly by having sex with them and playing the role of the constant victim, my anger just rises to a whole new level. Take two guys (a husband and another man), put a pure bombshell woman in the middle of them, ad a deserted island, subtract all her moral issues, ad a whole bunch of moral issues to the men and mix it in a big bowl of arguments, fish and a zippo lighter and you will come up with a piece of junk movie like this. <br /><br />The acting is, I would say, good. There are some bloopers but not many as",negative,2,"14844, 49126","A holiday on a boat, a married couple, an angry waiter and a shipwreck is the reason to this films beginning.<br /><br />I like boobs. No question about that. But when the main character allies with whoever happens to have the most fish at the moment, mostly by having sex with them and playing the role of the constant victim, my anger just rises to a whole new level. Take two guys (a husband and another man), put a pure bombshell woman in the middle of them, ad a deserted island, subtract all her moral issues, ad a whole bunch of moral issues to the men and mix it in a big bowl of arguments, fish and a zippo lighter and you will come up with a piece of junk movie like this. <br /><br />The acting is, I would say, good. There are some bloopers but not many as far as i could see. The main female character makes me sick. This is due to her lack of moral values. The man with the most fish get's her attention. Even though one of them is her husband, she sees no problem with being unfaithful with (Manuel) the other man because ""I must do it to survive"". How can you justify having sex with another man for fish when your husband is 30feet away? And he won't even benefit from it? The female character has absolutely no problems to justify anything that she does. If she doesen't get approval for her actions, she's a victim.<br /><br />I recommend everyone to see this movie. This is the kind of movie that will make just about everything else you see this year a pleasant movie experience."
"A have a female friend who is currently being drawn into a relationship with an SOB who has a long term girlfriend. Of course the SOB is very good-looking, charming, etc and my friend is a very intelligent woman. Watching Jean Pierre Leaud's character at work is exactly like watching what goes on in real life when guys like that destroy the lives of our female friends. It's tragic, and you know she's going to end up very hurt, but there's nothing you can do. Leaud is brilliant. Totally empty. A blank throughout, he pulls the faces and tells the stories he thinks will get the reaction he wants.<br /><br />The scene two hours in when Leaud and Lebrun have made love, and the next morning he puts on a record and, very sweetly and charmingly, sings along to amuse her is brilliant. The ""What the hell am I doing",positive,2,"6701, 30463","A have a female friend who is currently being drawn into a relationship with an SOB who has a long term girlfriend. Of course the SOB is very good-looking, charming, etc and my friend is a very intelligent woman. Watching Jean Pierre Leaud's character at work is exactly like watching what goes on in real life when guys like that destroy the lives of our female friends. It's tragic, and you know she's going to end up very hurt, but there's nothing you can do. Leaud is brilliant. Totally empty. A blank throughout, he pulls the faces and tells the stories he thinks will get the reaction he wants.<br /><br />The scene two hours in when Leaud and Lebrun have made love, and the next morning he puts on a record and, very sweetly and charmingly, sings along to amuse her is brilliant. The ""What the hell am I doing here with this idiot"" expression that flickers back and forth across her face will be in my memory for a long time to come.<br /><br />It's a long film, but see it in one go, preferably in a cinema. Takes a while to get into, but then the time just disappears."
"A fun romp...a lot of good twists and turns! (and we were not even baked!)<br /><br />Didn't know this movie even existed until watching the extra trailers on a Monty Python DVD...(oddly it was there along with The City of Lost Children, and The Adventures of Baron Munchauhsen)<br /><br />The plot keeps you wondering throughout.<br /><br />The acting was awesome...Hank Azaria shows his talent again, Bill Bob is Billy Bob...(wecis?)<br /><br />Definitely worth watching.",positive,2,"27245, 36681","A fun romp...a lot of good twists and turns! (and we were not even baked!)<br /><br />Didn't know this movie even existed until watching the extra trailers on a Monty Python DVD...(oddly it was there along with The City of Lost Children, and The Adventures of Baron Munchauhsen)<br /><br />The plot keeps you wondering throughout.<br /><br />The acting was awesome...Hank Azaria shows his talent again, Bill Bob is Billy Bob...(wecis?)<br /><br />Definitely worth watching."
"A friend and I went to see this movie. We have opposite opinions about Fujimori but after watching this movie we agree on the following: the easiest way to have an inaccurate documentary is to make it about a foreign country in which you were not present when the events happened, no matter how talented or how much you invest in the film. If you are truly looking to learn about another countries history, watch something made by natives of that country otherwise you won't be able step away from your bubble. And those who try to force their views and opinions about something to which they don't belong are really abusing their power. To make it even worse, the director chose to not talk about the embarrassing involvement of the CIA with Fujimori's regime. She decides to evade dealing with the only subject for witch her country has much",negative,2,"11209, 23790","A friend and I went to see this movie. We have opposite opinions about Fujimori but after watching this movie we agree on the following: the easiest way to have an inaccurate documentary is to make it about a foreign country in which you were not present when the events happened, no matter how talented or how much you invest in the film. If you are truly looking to learn about another countries history, watch something made by natives of that country otherwise you won't be able step away from your bubble. And those who try to force their views and opinions about something to which they don't belong are really abusing their power. To make it even worse, the director chose to not talk about the embarrassing involvement of the CIA with Fujimori's regime. She decides to evade dealing with the only subject for witch her country has much to explain to Peruvians. But this is not surprising because, both, the director and the CIA are violating the sovereignty of Peru by trying to affect the democratic processes at very different levels of course.<br /><br />If the director was really interested in helping Peru she would have financed a native to make the documentary. In any case there are numerous Peruvian made documentaries, films and books about the subject. Such include ""Ojos Que No Ven"", ""Dias de Santiago"", ""Montesinos-Fujimori: Las Dos Caras de la Misma Moneda"", ""Montesinos: Poderoso Caballero"", etc. The director of the ""Fall of Fujimori"" should spend her time analyzing the numerous problems in her own country or at least the involvement of her country in the matters of other nations."
"A couple move into their dream home, unaware that it and its neighbours have been built over land formerly used as a cemetery. The film is said to have been based on a true story, although how much of it is supposed to be true is not disclosed. The plot is hardly unique - see Spielberg's 'Poltergeist' (1982). Within a short time, they experience various supernatural phenomena: these range from the disturbing - mysterious shadows, the serious illness of the daughter - to the frankly ridiculous - toilets continually flushing and garage doors going out of control. There is little depth to the story: once it has become established that the land had been used as a cemetery, we do not learn anything more. The plot does not seem to develop. The characters are not particularly well drawn or in any way memorable, nor is the atmosphere particularly special. The",negative,2,"44379, 45696","A couple move into their dream home, unaware that it and its neighbours have been built over land formerly used as a cemetery. The film is said to have been based on a true story, although how much of it is supposed to be true is not disclosed. The plot is hardly unique - see Spielberg's 'Poltergeist' (1982). Within a short time, they experience various supernatural phenomena: these range from the disturbing - mysterious shadows, the serious illness of the daughter - to the frankly ridiculous - toilets continually flushing and garage doors going out of control. There is little depth to the story: once it has become established that the land had been used as a cemetery, we do not learn anything more. The plot does not seem to develop. The characters are not particularly well drawn or in any way memorable, nor is the atmosphere particularly special. The film could be disturbing to some viewers. There is no sense of catharsis or any kind of positive message from it."
"<br /><br />Summary: Not worth the film<br /><br />As an avid Gone With the Wind fan, I was disappointed to watch the original movie and see that they had left out many important characters. Luckily, the film on its own was a wonderful piece. When the book Scarlett came out, I read it in hopes of following two of my favorite literary characters farther on their journey together. While the book lacks any true quality, it remains a good story, and, as long as I was able to separate it from the original, was and still is enjoyable. However, I consider the six hours I spent watching the ""Scarlett"" miniseries to be some of the worst-spent hours of my life. Discrediting any of the original character traits so well-formed in Margaret Mitchell's book, this series also turned the story of the sequel into one of rape, mistrust, murder, and misformed",negative,2,"16902, 32926","<br /><br />Summary: Not worth the film<br /><br />As an avid Gone With the Wind fan, I was disappointed to watch the original movie and see that they had left out many important characters. Luckily, the film on its own was a wonderful piece. When the book Scarlett came out, I read it in hopes of following two of my favorite literary characters farther on their journey together. While the book lacks any true quality, it remains a good story, and, as long as I was able to separate it from the original, was and still is enjoyable. However, I consider the six hours I spent watching the ""Scarlett"" miniseries to be some of the worst-spent hours of my life. Discrediting any of the original character traits so well-formed in Margaret Mitchell's book, this series also turned the story of the sequel into one of rape, mistrust, murder, and misformed relationships that even the book Scarlett stayed away from. The casting for many of the characters refused to examine the traits that had been so well-formed in both the original novel and film, and even carried through in the second book, and again leaves out at least one incredibly crucial character. In the novel, Scarlett O'Hara Butler follows her estranged husband Rhett Butler to Charleston under the guise of visiting extended family. After coming to an ""arrangement"" with Rhett, she agrees to leave, and proceeds to reconnect with her O'Hara relatives in Savannah. Eventually, she accompanies her cousin Colum, a passionate leader of the Fenian Brotherhood, to Ireland, to further explore her family's ""roots that go deep,"" and is eventually named ""The O'Hara,"" the head of the family. While her duties as The O'Hara keep her engaged in her town of Ballyhara, Scarlett ventures out into the world of the English landowners, and instantly becomes a sought-after guest at many of their parties. She, having been scorned by Rhett time and time again, eventually agrees to marry Luke, the earl of Fenton, until Rhett comes along in a clichéd ""night-on-white-horse"" - type of a rescue. The ""Scarlett"" miniseries fails even to do this justice. Raped by her fiancé and scorned by her family, the series shows Scarlett thrown in jail after she is blamed for a murder her cousin committed.<br /><br />I heartily advise anyone considering spending their day watching this to rethink this decision.<br /><br />"
"<br /><br />First of all, I reviewed this documentary because I had an interest in the subject it portrayed, the LA punks.<br /><br />I listened that music and I loved that music and I read a lot of the small zines that were made in the early 80's and that were not so easily achieved in Finland.<br /><br />So if you don't like this kind of music why you write here about it? I like this kind of music, it speaks my soul, thus I know punks from all over Europe & Americas, so why do you, who find this music ""repugnant"" care to comment at all?<br /><br />",positive,2,"24178, 25784","<br /><br />First of all, I reviewed this documentary because I had an interest in the subject it portrayed, the LA punks.<br /><br />I listened that music and I loved that music and I read a lot of the small zines that were made in the early 80's and that were not so easily achieved in Finland.<br /><br />So if you don't like this kind of music why you write here about it? I like this kind of music, it speaks my soul, thus I know punks from all over Europe & Americas, so why do you, who find this music ""repugnant"" care to comment at all?<br /><br />"
"<br /><br />Back in his youth, the old man had wanted to marry his first cousin, but his family forbid it. Many decades later, the old man has raised three children (two boys and one girl), and allows his son and daughter to marry and have children. Soon, the sister is bored with brother #1, and jumps in the bed of brother #2.<br /><br />One might think that the three siblings are stuck somewhere on a remote island. But no -- they are upper class Europeans going to college and busy in the social world.<br /><br />Never do we see a flirtatious moment between any non-related female and the two brothers. Never do we see any flirtatious moment between any non-related male and the one sister. All flirtatious moments are shared between only between the brothers and sister.<br /><br />The weakest part of GLADIATOR was the incest thing. The young",negative,2,"13413, 15849","<br /><br />Back in his youth, the old man had wanted to marry his first cousin, but his family forbid it. Many decades later, the old man has raised three children (two boys and one girl), and allows his son and daughter to marry and have children. Soon, the sister is bored with brother #1, and jumps in the bed of brother #2.<br /><br />One might think that the three siblings are stuck somewhere on a remote island. But no -- they are upper class Europeans going to college and busy in the social world.<br /><br />Never do we see a flirtatious moment between any non-related female and the two brothers. Never do we see any flirtatious moment between any non-related male and the one sister. All flirtatious moments are shared between only between the brothers and sister.<br /><br />The weakest part of GLADIATOR was the incest thing. The young emperor Commodus would have hundreds of slave girls and a city full of marriage-minded girls all over him, but no -- he only wanted his sister? If movie incest is your cup of tea, then SUNSHINE will (slowly) thrill you to no end."
"1st watched 12/26/2008 -(Dir-Eugene Levy): Corny comedy murder mystery with very few laughs. The movie appears to be based on an earlier Italian movie according to the credits but was re-written by two fairly popular American romantic comedy writers. But this one by Charles Shyer & Nancy Meyers does not cut it compared to their other efforts. The story is about a couple of down-and-out traveling Americans, played by Richard Lewis and Sean Young, who stumble upon a lost dog and hope to make a fortune in reward money after seeing an ad in the paper for the dachsund's return. Upon trying to return it, they see a hand sticking out of a garage door at the lady's residence that they believe is attached to the rest of the dead body of the woman who is supposed to give them the money. They freak out and instead of contacting the",negative,2,"24727, 46976","1st watched 12/26/2008 -(Dir-Eugene Levy): Corny comedy murder mystery with very few laughs. The movie appears to be based on an earlier Italian movie according to the credits but was re-written by two fairly popular American romantic comedy writers. But this one by Charles Shyer & Nancy Meyers does not cut it compared to their other efforts. The story is about a couple of down-and-out traveling Americans, played by Richard Lewis and Sean Young, who stumble upon a lost dog and hope to make a fortune in reward money after seeing an ad in the paper for the dachsund's return. Upon trying to return it, they see a hand sticking out of a garage door at the lady's residence that they believe is attached to the rest of the dead body of the woman who is supposed to give them the money. They freak out and instead of contacting the police and telling them the truth they make out like runaways from the scene expecting to be framed for the murder. The other characters in the film are met on a train prior to this and hang around a Monte Carlo gambling resort doing various things to be pulled into the story. The other cast members include character actors John Candy, James Belushi, Cybill Shepherd, George Hamilton and others. After the police find out about the death, they start questioning the main characters and, of course, they have to work thru their goofy lies to figure out what really happened. None of the character actors mentioned earlier can bring this movie out of it's mediocre state despite some funny moments mostly provided by the Belushi/Shepherd couple. This isn't a horrible movie, it just isn't that good. There are plenty of average movies out there and this is just another one for the pile. Try it, maybe you'll like it, probably you won't."
"...But not this one! I always wanted to know ""what happened"" next. We will never know for sure what happened because GWTW was Margaret's baby. I am a lifelong fan of Gone With the Wind and I could not have been more repulsed by the movie. I did compare ""Scarlett"" to the original GWTW because any film worth following GWTW needed to be on the same quality level as the first. Rhett was cast beautifully, although NO ONE will ever compare to Mr. Gable. I am also a strict Vivien Leigh fan!! She WAS Scarlett. She fit the bill. Not another actress in this lifetime or another will ever fit the same shoes but with ""Scarlett"" the job could have been done better. Not enough thought went into finding the proper Scarlett, that was evident.<br /><br />Overall, something to look to but if you want to know the what happened",negative,2,"37316, 49011","...But not this one! I always wanted to know ""what happened"" next. We will never know for sure what happened because GWTW was Margaret's baby. I am a lifelong fan of Gone With the Wind and I could not have been more repulsed by the movie. I did compare ""Scarlett"" to the original GWTW because any film worth following GWTW needed to be on the same quality level as the first. Rhett was cast beautifully, although NO ONE will ever compare to Mr. Gable. I am also a strict Vivien Leigh fan!! She WAS Scarlett. She fit the bill. Not another actress in this lifetime or another will ever fit the same shoes but with ""Scarlett"" the job could have been done better. Not enough thought went into finding the proper Scarlett, that was evident.<br /><br />Overall, something to look to but if you want to know the what happened to Scarlett and Rhett, I suggest writing it yourself or finding fan fiction. This movie is not worth the time."
"As an avid Gone With the Wind fan, I was disappointed to watch the original movie and see that they had left out many important characters. Luckily, the film on its own was a wonderful piece. When the book Scarlett came out, I read it in hopes of following two of my favorite literary characters farther on their journey together. While the book lacks any true quality, it remains a good story, and, as long as I was able to separate it from the original, was and still is enjoyable. However, I consider the six hours I spent watching the ""Scarlett"" miniseries to be some of the worst-spent hours of my life. Discrediting any of the original character traits so well-formed in Margaret Mitchell's book, this series also turned the story of the sequel into one of rape, mistrust, murder, and misformed relationships that even the book Scarlett stayed away",negative,2,"1975, 21378","As an avid Gone With the Wind fan, I was disappointed to watch the original movie and see that they had left out many important characters. Luckily, the film on its own was a wonderful piece. When the book Scarlett came out, I read it in hopes of following two of my favorite literary characters farther on their journey together. While the book lacks any true quality, it remains a good story, and, as long as I was able to separate it from the original, was and still is enjoyable. However, I consider the six hours I spent watching the ""Scarlett"" miniseries to be some of the worst-spent hours of my life. Discrediting any of the original character traits so well-formed in Margaret Mitchell's book, this series also turned the story of the sequel into one of rape, mistrust, murder, and misformed relationships that even the book Scarlett stayed away from. The casting for many of the characters refused to examine the traits that had been so well-formed in both the original novel and film, and even carried through in the second book, and again leaves out at least one incredibly crucial character. In the novel, Scarlett O'Hara Butler follows her estranged husband Rhett Butler to Charleston under the guise of visiting extended family. After coming to an ""arrangement"" with Rhett, she agrees to leave, and proceeds to reconnect with her O'Hara relatives in Savannah. Eventually, she accompanies her cousin Colum, a passionate leader of the Fenian Brotherhood, to Ireland, to further explore her family's ""roots that go deep,"" and is eventually named ""The O'Hara,"" the head of the family. While her duties as The O'Hara keep her engaged in her town of Ballyhara, Scarlett ventures out into the world of the English landowners, and instantly becomes a sought-after guest at many of their parties. She, having been scorned by Rhett time and time again, eventually agrees to marry Luke, the earl of Fenton, until Rhett comes along in a clichéd ""night-on-white-horse"" - type of a rescue. The ""Scarlett"" miniseries fails even to do this justice. Raped by her fiancé and scorned by her family, the series shows Scarlett thrown in jail after she is blamed for a murder her cousin committed.<br /><br />I heartily advise anyone considering spending their day watching this to rethink this decision."
".......Playing Kaddiddlehopper, Col San Fernando, etc. the man was pretty wide ranging and a scream. I love watching him interact w/ Amanda Blake, or Don Knotts or whomever--he clearly was having a ball and I think he made it easier on his guests as well--so long as they Knew ahead of time it wasn't a disciplined, 19 take kind of production. Relax and be loose was clearly the name of the game there.<br /><br />He reminds me of guys like Milton Berle, Benny Hill, maybe Jerry Lewis some too. Great timing, ancient gags that kept audiences in stitches for decades, sheer enjoyment about what he was doing. His sad little clown he played was good too--but in a touching manner.<br /><br />Personally I think he's great, having just bought a two DVD set of his shows from '61 or so, it brings his stuff back in a fond way for",positive,2,"8600, 16043",".......Playing Kaddiddlehopper, Col San Fernando, etc. the man was pretty wide ranging and a scream. I love watching him interact w/ Amanda Blake, or Don Knotts or whomever--he clearly was having a ball and I think he made it easier on his guests as well--so long as they Knew ahead of time it wasn't a disciplined, 19 take kind of production. Relax and be loose was clearly the name of the game there.<br /><br />He reminds me of guys like Milton Berle, Benny Hill, maybe Jerry Lewis some too. Great timing, ancient gags that kept audiences in stitches for decades, sheer enjoyment about what he was doing. His sad little clown he played was good too--but in a touching manner.<br /><br />Personally I think he's great, having just bought a two DVD set of his shows from '61 or so, it brings his stuff back in a fond way for me. I can remember seeing him on TV at the end of his run when he was winding up the series in 1971 or so.<br /><br />Check this out if you are a fan or curious. He was a riot."
"-may contain spoilers-<br /><br />Clearly, who ever made this film must have had a lot of connections. I just can't see it any other way. What really surprises me is no one used the name Allen Smithee, and more surprising, everyone involved didn't use this name.<br /><br />Anyhow, where to begin. The bad dialogue, the crummy costumes, the sorry looking film stock, the unintentional comedy, the over-the-top characters, and more inconsistencies than George W. Bush's college career. I don't know what was funnier, the guy losing his arm because of a snowball, or the slow motion scene where all the baby Jack Frosts' were getting killed. Also, one of the great lines of all time was uttered in this film. ""How do we know it's him?"" Like there's another mutant snowman who can talk and kill people with snowballs! A great camp film, but a very bad film overall.",negative,2,"39043, 46234","-may contain spoilers-<br /><br />Clearly, who ever made this film must have had a lot of connections. I just can't see it any other way. What really surprises me is no one used the name Allen Smithee, and more surprising, everyone involved didn't use this name.<br /><br />Anyhow, where to begin. The bad dialogue, the crummy costumes, the sorry looking film stock, the unintentional comedy, the over-the-top characters, and more inconsistencies than George W. Bush's college career. I don't know what was funnier, the guy losing his arm because of a snowball, or the slow motion scene where all the baby Jack Frosts' were getting killed. Also, one of the great lines of all time was uttered in this film. ""How do we know it's him?"" Like there's another mutant snowman who can talk and kill people with snowballs! A great camp film, but a very bad film overall."
"*SPOILERS*<br /><br />I don't care what anyone says, this movie is friggin' hilarious. This is the sequel to Jack Frost, a movie about a killer snowman. The snowman is created when a convicted serial killer about to be executed is taken to the execution chamber, but the truck crashes with a truck carrying DNA manipulation chemicals that make human DNA bond with dirt, or in this case, snow. The first movie was just boring, and eventually the snowman is destroyed by pouring antifreeze on him.<br /><br />Or so they thought.<br /><br />This movie takes place about a year after the second. Some scientists resurrect Jack Frost by mixing the antifreeze with chemicals. No explanation is ever given for why they do this, they just do. Meanwhile, the sherrif who arrested Frost in the first is going to the Bahamas. Unfortunately, the snowman comes with him.<br /><br />This movie has it",positive,2,"15706, 41655","*SPOILERS*<br /><br />I don't care what anyone says, this movie is friggin' hilarious. This is the sequel to Jack Frost, a movie about a killer snowman. The snowman is created when a convicted serial killer about to be executed is taken to the execution chamber, but the truck crashes with a truck carrying DNA manipulation chemicals that make human DNA bond with dirt, or in this case, snow. The first movie was just boring, and eventually the snowman is destroyed by pouring antifreeze on him.<br /><br />Or so they thought.<br /><br />This movie takes place about a year after the second. Some scientists resurrect Jack Frost by mixing the antifreeze with chemicals. No explanation is ever given for why they do this, they just do. Meanwhile, the sherrif who arrested Frost in the first is going to the Bahamas. Unfortunately, the snowman comes with him.<br /><br />This movie has it all. It has talking carrots that can stand up, ice cubes that explode when you stick them in your mouth, and killer snowballs. Yes, killer snowballs. They even say ""Dada!"" like babies. I'll have to give the makers of this credit. The snowballs are some of the cutest little things ever dreamed up. I wish that I could get one as a pet. Frost finally freezes the island, as if a killer snowman has the ability to influence major weather patterns.<br /><br />Then there's the actors. There's Manners, the FBI agent from the first movie, except here he's wearing an eyepatch. YARR MATEYS, SHIVER ME TIMBERS, I BE AN FBI AGENT! YARRR! And then there's the stereotypical British adventurer and the stereotypical black Jamaican with dreadlocks. And finally, Captain Fun. The fruitiest man on the face of the planet, bar none.<br /><br />This movie isn't scary, but is is hilarious. I laughed my butt off the whole way through, and I recommend this for anyone who likes a good ""bad"" movie.<br /><br />*** out ****"
"**SPOILERS** I rented ""Tesis"" (or ""Thesis"" in English) on the strength of director Alejandro Amenabar's later effort ""The Others"". Based on what a brilliantly measured and horrifyingly effective creepfest that film was, I assumed his earlier efforts would be of a similar quality and I was in the mood for some good horror. Instead I wound up with the most tedious, preposterous excuse for a lame-brained slasher movie I've seen since the German film ""Anatomie"" (which this one kinda reminded me of).<br /><br />The plot has potential but it's thrown away within the first 20 minutes. It revolves around innocent-n-pretty psychology student Angela's (Ana Torrent - a Jessica Harper deadringer) thesis on the subject of violence in films. Through some far-fetched circumstances too dumb to go into here, she winds up in possession of a 'snuff' tape on which two men torture, mutilate and kill a young girl for the",negative,2,"12817, 44097","**SPOILERS** I rented ""Tesis"" (or ""Thesis"" in English) on the strength of director Alejandro Amenabar's later effort ""The Others"". Based on what a brilliantly measured and horrifyingly effective creepfest that film was, I assumed his earlier efforts would be of a similar quality and I was in the mood for some good horror. Instead I wound up with the most tedious, preposterous excuse for a lame-brained slasher movie I've seen since the German film ""Anatomie"" (which this one kinda reminded me of).<br /><br />The plot has potential but it's thrown away within the first 20 minutes. It revolves around innocent-n-pretty psychology student Angela's (Ana Torrent - a Jessica Harper deadringer) thesis on the subject of violence in films. Through some far-fetched circumstances too dumb to go into here, she winds up in possession of a 'snuff' tape on which two men torture, mutilate and kill a young girl for the camera. Angela, and her horror-buff friend Chema (Fele Martinez) are both shocked yet intrigued by the tape and decide to get to the bottom of who's responsible for it.<br /><br />This leads to... well, nothing.<br /><br />They never really give a reason for why they want to find the girl's killers (since they resolutely refuse to contact the police throughout any of the unfolding events, even when their own lives at risk) and the mystery itself is as limp as Graham Norton in a room full of bunny girls. There is only one proper 'clue' (the type of camera the killers used is discovered) and that's a) a really weak one and b) wheeled out in the first 20 minutes. The rest of the so-called 'unravelling' just occurs through blind luck, increasingly ridiculous plot twists and a SLEW of awful, transparent and thoroughly pointless red herrings that are chucked in merely to pad out the running time.<br /><br />Seriously - Amenabar might know his stuff about ghost stories but he's clearly never read a detective book in his life. The key to a good whodunnit is to have a large cluster of potential suspects and to eliminate them one by one with clever deduction and the gradual discovery of more and more evidence, before moving in for the final twist. In ""Tesis"", *POTENTIAL SPOILER AHEAD* the killer's identity is guessed correctly by the amateur 'detectives' almost instantly and then we get 100 minutes of the writer trying feebly to throw us off the scent until he runs out of ideas, throws his hands up and says ""OK, ya got me, it was him after all""! As for any kind of logic or motive behind the crimes - no such luck. You're watching the wrong movie if that's what you're after.<br /><br />The only thing that drags ""Tesis"" down further from just being a dumb, badly written thriller is the way it actually tries to make some ludicrous, muddled-up 'point' about violence in films. I have no idea what stance it's attempting to take on the subject but it seems determined to cram in a ton of misguided, confused psychobabble, in between the rest of the gibberish, and say ""look at me! I'm political!"". The final scenes, in which the ""point"" of the movie is supposedly hammered home, are so utterly absurd and puerile, one can't help but wonder if Amenabar feels embarrassed now when he watches this. If he doesn't, he certainly should. This is total 'amateur night at the slasher house' stuff.<br /><br />Overall I can't believe I wasted two whole hours (it felt like at least six) on this, just hoping something might happen. The urban legend of 'snuff films' (and that is basically all they are, despite the way this film tries to suggest they're some kind of criminal phenomenon sweeping the world!) is an area that can be so tantalisingly exploited in good horror films (""Videodrome"" anyone?) but it's so easy to step over the line into childlike 'wouldn't it be cool if!' territory with it (ie: ""My Little Eye"")... ""Tesis"" hits an all-time low for the 'snuff movie' genre. On every level, this one is better left dead and buried. I'll award it a 1 out of 10, for some nice lighting, but that's all it's getting."
"***SPOILERS*** ***SPOILERS*** Well, seeing as I am a major H:LOTS fan, maybe I liked the movie more than normal people would. However, this movie is still excellent. It had tons of surprises, and it gave some more closure to the series. While I was sad that Bayliss turned into a murderer, the overall feeling I felt was satisfied.",positive,2,"23510, 30638","***SPOILERS*** ***SPOILERS*** Well, seeing as I am a major H:LOTS fan, maybe I liked the movie more than normal people would. However, this movie is still excellent. It had tons of surprises, and it gave some more closure to the series. While I was sad that Bayliss turned into a murderer, the overall feeling I felt was satisfied."
"* Some spoilers *<br /><br />This movie is sometimes subtitled ""Life Everlasting."" That's often taken as reference to the final scene, but more accurately describes how dead and buried this once-estimable series is after this sloppy and illogical send-off.<br /><br />There's a ""hey kids, let's put on a show air"" about this telemovie, which can be endearing in spots. Some fans will feel like insiders as they enjoy picking out all the various cameo appearances. Co-writer, co-producer Tom Fontana and his pals pack the goings-on with friends and favorites from other shows, as well as real Baltimore personages.<br /><br />That's on top of the returns of virtually all the members of the television's show varied casts, your old favorites as well as later non-favorites.<br /><br />There was always a tug-of-war pitting quality-conscious executive producer Barry Levinson, Fontana, James Yoshimura and the rest of the creative team against budget-conscious NBC execs,",negative,2,"14353, 39916","* Some spoilers *<br /><br />This movie is sometimes subtitled ""Life Everlasting."" That's often taken as reference to the final scene, but more accurately describes how dead and buried this once-estimable series is after this sloppy and illogical send-off.<br /><br />There's a ""hey kids, let's put on a show air"" about this telemovie, which can be endearing in spots. Some fans will feel like insiders as they enjoy picking out all the various cameo appearances. Co-writer, co-producer Tom Fontana and his pals pack the goings-on with friends and favorites from other shows, as well as real Baltimore personages.<br /><br />That's on top of the returns of virtually all the members of the television's show varied casts, your old favorites as well as later non-favorites.<br /><br />There was always a tug-of-war pitting quality-conscious executive producer Barry Levinson, Fontana, James Yoshimura and the rest of the creative team against budget-conscious NBC execs, who simply wanted a another moronic police procedural like ""Nash Bridges,"" which regularly beat ""Homicide"" in the ratings. The pressure told as the show bounced between riveting realism that transcended its form, and sleazy sensationalism that demeaned it.<br /><br />Unfortunately for this movie, Fontana, co-writers Yoshimura and Eric Overmeyer and director Jean de Segonzac simply threw in the towel. They took the most ludicrous story are from the series, topped it with an unlikely and artistically unfruitful new plot line, and laid the burden of carrying the whole mess on one of the weaker cast members.<br /><br />Briefly, some time has passed since the last episode of the show. The former heart of Baltimore's homicide unit, Yaphet Kotto as Lt. Al Giardello, is now a Kurt Schmoke-like candidate for mayor, and Schmoke himself makes a cameo appearance. But this promising start immediately and improbably takes a tragic turn.<br /><br />The spotlight shifts to Giancarlo Esposito as Giardello's son Mike. A handsome man who has done good work elsewhere, Esposito was one of the pretty faces brought in late to supposedly enliven the TV series. But the question for viewers always was: is Mike that uncomfortable as Gee's son, or is Esposito that uncomfortable in the role?<br /><br />To be fair, Esposito doesn't get a chance to play out the main story without interruption. That's because the writers choose this moment to revive another storyline that spat on the intelligence of the show's loyal voters.<br /><br />An apparent snuff streaming video was promoted, and then seemed to actually take place, on the Internet. After some red herrings, the detectives arrested a repellent suspect. But Zaljko Ivanek's harassed and overworked Deputy States Attorney forgot to file motions in time, and the suspect was released, only to be murdered later.<br /><br />Let's summarize: he forgot to file the paperwork because it wasn't the most sensational case of his career, because the mayor, the attorney general, the governor, the entire Maryland Legislature, the U.S. Attorney General, NBC, Court TV, the BBC, AP, Reuters, People, The Sun, the Washington Post, the New York Times, the LA Times, Time Magazine, The Times of London, The Economist, The Johannesburg Mail and Guardian, L'Osservatore Romano, Le Figaro, Paris Match, L'Equipe and Computer World weren't calling every 10 minutes to ask about the status of the case.<br /><br />Nevertheless, the old gang of detectives and associates flocks back to Baltimore to help out. There's quite an array of talent on display. Unfortunately, with the limited amount of dialogue to hand out, some of them are merely on display.<br /><br />Two of the strongest actors, Clark Johnson and Melissa Leo, are criminally underused, while time wasted on Jon Seda and Michael Michelle could be better spent on commercials. The writers do seem to satirize this, presenting Jason Priestley as the latest big-deal detective. On the other hand, they give easy-come, easy-go Michelle Forbes a very affecting scene.<br /><br />There's some other sly casting, with actual Lt. Gary D'Addario, the center of the book that gave rise to the show, playing another detective. Guests drop in from other shows, like Whitney Allen doing her deadpan and clueless ""Miss Sally"" from the children's show beloved by the inmates on Fontana's ""Oz."" Dina Napoli of WBAL TV turns up as herself. <br /><br />Even when entertaining, though, these guests can be distracting. Ed Begley Jr. actually advances the story in his brief appearance, playing Dr. Victor Ehrlich from Fontana's ""St. Elsewhere."" He's still a vivid character, and fits in a hospital setting. Then you remember, didn't St. Elegius turn out to be an autistic boy's fantasy?<br /><br />The most useful cameo reflects corporate synergy. This movie was made when Court TV bought re-run rights to the series. That network contributed legal waif Helen Lucaitis, who had interviewed the Homicide team and later appeared on ""Oz."" The TV correspondent does an efficient job summarizing the news, that is, plot points for latecomers.<br /><br />Although she's so thin that she disappears when she turns sideways, Lucaitis also adeptly handles a bit of physical comedy with Esposito. He shows more juice in his scenes with Lucaitis than with any of his usual colleagues. Perhaps those two should have done a spin-off.<br /><br />As the movie winds down, the cream of the cast rises to the top. Although they are saddled with a loser script, Andre Braugher and Kyle Secor overcome it. Their performances remind viewers what made Homicide, for considerable stretches, the best show on the air and one of the best television productions ever.<br /><br />It's fun to watch top pros do their stuff; it's just a shame this movie doesn't give them more of a chance. Die-hard fans may want to see this movie anyway, but you can live without it."
"(This is a review of the later English release by Disney, featuring Alison Lohman, Patrick Stewart, and co.) <br /><br />I really wanted this film to be good. Really, really. I'm a huge fan of Princess Mononoke and Spirited Away, and after seeing all the glowing reviews on this earlier Miyazaki film, I was eager to see it. But I was shocked, shocked I say, at the quality of this film. Those later films boast well-crafted plots, 3-dimensional characters, and the best film music since...well...ever. This film just doesn't come close.<br /><br />Might as well start w/ the positive aspects, though. Like all Miyazaki films, this one is still very imaginative, with a bizarre fantasy/sci-fi setting, in a post-apocalyptic world where insects are the dominant species. Nausicaa can also boast some far superior animation to other films from its time. (though not as beautiful and fluid as Miyazaki's later films)",negative,2,"25363, 30799","(This is a review of the later English release by Disney, featuring Alison Lohman, Patrick Stewart, and co.) <br /><br />I really wanted this film to be good. Really, really. I'm a huge fan of Princess Mononoke and Spirited Away, and after seeing all the glowing reviews on this earlier Miyazaki film, I was eager to see it. But I was shocked, shocked I say, at the quality of this film. Those later films boast well-crafted plots, 3-dimensional characters, and the best film music since...well...ever. This film just doesn't come close.<br /><br />Might as well start w/ the positive aspects, though. Like all Miyazaki films, this one is still very imaginative, with a bizarre fantasy/sci-fi setting, in a post-apocalyptic world where insects are the dominant species. Nausicaa can also boast some far superior animation to other films from its time. (though not as beautiful and fluid as Miyazaki's later films) And the English voice acting is quite well done.<br /><br />But this film...just...isn't...good... The characters are all cardboard - from saccharine sweet little Nausicaa, to the ruthlessly evil Tolmekians, to everyone in between. Once you've seen each of them for 30 seconds, you've seen all there is. And the fact that the plot just ambles along doesn't help.<br /><br />Then there's the music... Now, Hisaichi is hands down my favorite film composer, but Nausicaa doesn't do him justice. Half the music is 80's keyboards on overdrive, and it usually enters and leaves so abruptly that it distracts the visuals rather than helping them. I highly suspect that Hisaichi was told to compose a lot of the music before he even saw the picture.<br /><br />But wait! There's a great message with this film, right?! Let's all save the environment! Too bad that this film hits you over the head with it like a sledgehammer. There is a scene in which Nausicaa hugs a tree. No, really. I ain't kidding.<br /><br />It makes me a little sad to talk about how lame this film is. But for some reason all the other reviews on IMDb seem to adore it. And when the characters have to talk to themselves in extended sentences to tell you what's going on, that's lame.<br /><br />If you're the kind of person who worships anime, enjoys 80's music, and plants a tree every Arbor day, you will probably like this film. Otherwise, save your money for his later films, because they rock big time."
"(Spoilers)<br /><br />Oh sure it's based on Moby Dick. Totally obsessed and it destroy's him. It's a total folly. The movie starts off rather well, but by the end of the film, everyone else is destroyed and the main star's mind is a blank.<br /><br />The supposed half sister is never convincing. Some very poor lighting effects. Music is interesting. But little else. It took me over a month to finally finish the darn thing. I suppose if you like Being John Malkovich, you might like this. But where as BJM was a great movie that I just didn't want to watch again, Pola X is a movie I just hate to high hell. The only possible excitement in the film is the gratuatious incest sexual scene towards the end of the film. (Hopefully yer not thinking of Catherine either.)<br /><br />This movie is severely boring, depressing, and poorly directed.",negative,2,"18022, 22449","(Spoilers)<br /><br />Oh sure it's based on Moby Dick. Totally obsessed and it destroy's him. It's a total folly. The movie starts off rather well, but by the end of the film, everyone else is destroyed and the main star's mind is a blank.<br /><br />The supposed half sister is never convincing. Some very poor lighting effects. Music is interesting. But little else. It took me over a month to finally finish the darn thing. I suppose if you like Being John Malkovich, you might like this. But where as BJM was a great movie that I just didn't want to watch again, Pola X is a movie I just hate to high hell. The only possible excitement in the film is the gratuatious incest sexual scene towards the end of the film. (Hopefully yer not thinking of Catherine either.)<br /><br />This movie is severely boring, depressing, and poorly directed. Not highly recommended. If if you like french movies. (go watch Crimson Rivers instead)<br /><br />4/10<br /><br />Quality: 5/10 Entertainment: 1/10 Replayable: 0/10"
"'Dead Letter Office' is a low-budget film about a couple of employees of the Australian postal service, struggling to rebuild their damaged lives. Unfortunately, the acting is poor and the links between the characters' past misfortunes and present mindsets are clumsily and over-schematically represented. What's most disappointing of all, however, is the portrayal is life in the office of the film's title: there's no mechanisation whatsoever, and it's quite impossible to ascertain what any of the staff really do for a living. Granted, part of the plot is that the office is threatened with closure, but this sort of office surely closed in the 1930s, if it ever truly existed. It's a shame, as the film's overall tone is poignant and wry, and there's some promise in the scenario: but few of the details convince. Overall, it feels the work of someone who hasn't actually experienced much of real life;",negative,2,"7949, 32260","'Dead Letter Office' is a low-budget film about a couple of employees of the Australian postal service, struggling to rebuild their damaged lives. Unfortunately, the acting is poor and the links between the characters' past misfortunes and present mindsets are clumsily and over-schematically represented. What's most disappointing of all, however, is the portrayal is life in the office of the film's title: there's no mechanisation whatsoever, and it's quite impossible to ascertain what any of the staff really do for a living. Granted, part of the plot is that the office is threatened with closure, but this sort of office surely closed in the 1930s, if it ever truly existed. It's a shame, as the film's overall tone is poignant and wry, and there's some promise in the scenario: but few of the details convince. Overall, it feels the work of someone who hasn't actually experienced much of real life; a student film, with a concept and an outline, but sadly little else."
"""Witchery"" might just be the most incoherent and lamentably scripted horror movie of the 80's but, luckily enough, it has a few compensating qualities like fantastic gore effects, an exhilarating musical score and some terrific casting choices. Honestly the screenplay doesn't make one iota of sense, but who cares when Linda Blair (with an exploded hairstyle) portrays yet another girl possessed by evil powers and David Hasselhof depicts a hunky photographer (who can't seem to get laid) in a movie that constantly features bloody voodoo, sewn-shut lips, upside down crucifixions, vicious burnings and an overused but genuinely creepy tune. Eight random people are gathered together on an abandoned vacation resort island off the coast of Massachusetts. The young couple is there to investigate the place's dark history; the dysfunctional family (with a pregnant Linda Blair even though nobody seems to bother about who the father is and what his whereabouts",negative,2,"2976, 47527","""Witchery"" might just be the most incoherent and lamentably scripted horror movie of the 80's but, luckily enough, it has a few compensating qualities like fantastic gore effects, an exhilarating musical score and some terrific casting choices. Honestly the screenplay doesn't make one iota of sense, but who cares when Linda Blair (with an exploded hairstyle) portrays yet another girl possessed by evil powers and David Hasselhof depicts a hunky photographer (who can't seem to get laid) in a movie that constantly features bloody voodoo, sewn-shut lips, upside down crucifixions, vicious burnings and an overused but genuinely creepy tune. Eight random people are gathered together on an abandoned vacation resort island off the coast of Massachusetts. The young couple is there to investigate the place's dark history; the dysfunctional family (with a pregnant Linda Blair even though nobody seems to bother about who the father is and what his whereabouts are) considers re-opening the hotel and the yummy female architect simply tagged along for casual sex. They're forced to stay the night in the ramshackle hotel and then suddenly the previous landlady  an aging actress or something who always dresses in black  starts taking them out in various engrossing ways. Everything is somehow related to the intro sequence showing a woman accused of witchery jump out of a window. Anyway, the plot is definitely of minor importance in an Italian horror franchise that started as an unofficial spin-off of ""The Evil Dead"". The atmosphere is occasionally unsettling and the make-up effects are undoubtedly the most superior element of the entire film. There's something supremely morbid and unsettling about staring at a defenseless woman hanging upside down a chimney and waiting to get fried."
"A lot about USA The Movie can be summed up in its title. It draws parallels between the attitudes of this country in the face of war and a kind of Hollywood-like falseness that glorifies things that shouldn't be glorified. I'm not sure I agree with the filmmaker's take on recent events (although, truthfully, I can't always tell exactly where he stands) but I admire the unusual and artistic way of getting the point across. Audio tracks of speeches, radio interviews, poetry etc. play as large a role here as visuals. Most of the time the visuals of the story are accompanied by these audio elements to good effect. I'm kind of a radio buff so it was satisfying to hear the way that radio was integrated into the pace of the movie. In fact, most of the dialog takes place over the story rather than having characters talk to",positive,2,"27266, 30534","A lot about USA The Movie can be summed up in its title. It draws parallels between the attitudes of this country in the face of war and a kind of Hollywood-like falseness that glorifies things that shouldn't be glorified. I'm not sure I agree with the filmmaker's take on recent events (although, truthfully, I can't always tell exactly where he stands) but I admire the unusual and artistic way of getting the point across. Audio tracks of speeches, radio interviews, poetry etc. play as large a role here as visuals. Most of the time the visuals of the story are accompanied by these audio elements to good effect. I'm kind of a radio buff so it was satisfying to hear the way that radio was integrated into the pace of the movie. In fact, most of the dialog takes place over the story rather than having characters talk to one another. That's not to say that there aren't ""characters"" (real people), but except for ""Jim"" the protagonist ( a kind of '60's drop out with an erratic state of mind) the others come and go pretty quickly. A few make a very powerful impression, especially a guru-like taxi driver who seems to be the voice of wisdom itself. When he breaks out into a spontaneous song of prayer while driving Jim to the subway, it is a very powerful moment. On the cover of the DVD is the quote ""The danger is clear"" which is taken from President Bush's speech that paved the way to our incursion into Iraq. In retrospect, hearing that speech at a climactic moment in the film brought home how we are living in a historically charged moment which will always be remembered."
"A really very bad movie, with a very few good moments or qualities.<br /><br />It starts off with pregnant Linda Blair, who runs down a hallways to flee what might be monsters or people with pitchforks, I'm not sure. She jumps through a window and wakes up, and we see she is very pregnant. The degree to which she is pregnant varies widely throughout the movie.<br /><br />She and an annoying and possibly retarded little boy who I thought was her son travel to an abandoned hotel on an island. Italian horror directors find the most irritating little boys to put in their movies! On the island already are David Hasselhoff and his German-speaking virgin girlfriend (you know how Germans are said to love Hasselhoff...). He's taking photographs, and she's translating an esoteric German book about witches, I think.<br /><br />Also traveling to the island are an older couple who",negative,2,"10016, 47350","A really very bad movie, with a very few good moments or qualities.<br /><br />It starts off with pregnant Linda Blair, who runs down a hallways to flee what might be monsters or people with pitchforks, I'm not sure. She jumps through a window and wakes up, and we see she is very pregnant. The degree to which she is pregnant varies widely throughout the movie.<br /><br />She and an annoying and possibly retarded little boy who I thought was her son travel to an abandoned hotel on an island. Italian horror directors find the most irritating little boys to put in their movies! On the island already are David Hasselhoff and his German-speaking virgin girlfriend (you know how Germans are said to love Hasselhoff...). He's taking photographs, and she's translating an esoteric German book about witches, I think.<br /><br />Also traveling to the island are an older couple who have purchased it, and a real estate agent, and a woman I thought was their daughter. Evidently she was an architect, and Linda Blair and the boy are the older couple's children. I guess they all traveled to the island together, but it really seemed like Linda and the boy were apart from the rest of them (maybe they were filmed separately).<br /><br />The hotel seems neat, certainly from the exteriors, but it isn't used to any great effect. An old woman in bad makeup and a black cloak keeps appearing to the boy and chants something in German sometimes, which he eventually records on his Sesame Street tape recorder.<br /><br />People start getting killed, either in their dreams, or sucked into hell or something. Some of these gore scenes are OK, but not enough to recommend the movie. Though the copy I watched stated it is uncut on the box cover, the death of one character whose veins explode really seems to have been cut. Much of the scene is showing another character's reaction shots, since we're not seeing anything ourselves. The creepiest scene is one in which a man or demon with a really messy-looking wound of a mouth rapes someone. He looked particularly nasty. There's a laughably and painfully bad scene in which Linda Blair is possessed. I wish if a horror movie is going to cast her, they would do something original with her role, and let her leave Exorcist behind her (except for the yearly horror conventions).<br /><br />In the weird, largely Italian, tradition of claiming to be a sequel to something it is unrelated to, this is also AKA La Casa 4 and Ghosthouse 2. That is, it is supposedly a sequel to Casa 3 - Ghosthouse, La (1988) - it's not (that's also a better movie than this one). La Casa 1 and two were The Evil Dead (1981) and Evil Dead II (1987) - again unrelated to Witchery and La Casa 3 (and much better than those). There's also a Casa 5, La (1990) AKA House 5, which seems to want to be a sequel to the fake La Casa series and the series House: House (1986) House II: The Second Story (1987), The Horror Show (1989) AKA House III, and House IV (1992). How's The Horror Show fit in there? It doesn't really, it claimed to be a sequel, thus requiring the real series entry to renumber itself to cause less (or more?) confusion. Oddly, The Horror Show is also AKA Horror House, and La Casa 5 is also AKA Horror House 2. Does your head hurt yet?"
"A ridiculous movie, a terrible editing job, worst screenplay, ridiculous acting, a story that is completely ununderstandable...<br /><br />If God was going to decide if movies should continue to be done, judging by this one, the entire world movie industry would now be dead...<br /><br />A wonderful movie to show that cinema should not be done by people who ""think"" they can make movies.<br /><br />I am still wondering who are those two gipsy girls who show up in the movie for over half an hour, and are never introduced to us...<br /><br />",negative,2,"13356, 49079","A ridiculous movie, a terrible editing job, worst screenplay, ridiculous acting, a story that is completely ununderstandable...<br /><br />If God was going to decide if movies should continue to be done, judging by this one, the entire world movie industry would now be dead...<br /><br />A wonderful movie to show that cinema should not be done by people who ""think"" they can make movies.<br /><br />I am still wondering who are those two gipsy girls who show up in the movie for over half an hour, and are never introduced to us...<br /><br />"
"A somewhat typical bit of filmmaking from this era. Obviously, It was first conceived into this world for the stage, but nonetheless a very good film from beginning to end. Peter O'Toole and Susannah York get to do their stage performance act for the silver screen and both do it effectively. There is very little in the way of story and anyone not familiar with this type of off beat character study may be a little put off by it. All in all, though, A good film in which Peter O'Toole and Susannah York get to overact.",positive,2,"25480, 44799","A somewhat typical bit of filmmaking from this era. Obviously, It was first conceived into this world for the stage, but nonetheless a very good film from beginning to end. Peter O'Toole and Susannah York get to do their stage performance act for the silver screen and both do it effectively. There is very little in the way of story and anyone not familiar with this type of off beat character study may be a little put off by it. All in all, though, A good film in which Peter O'Toole and Susannah York get to overact."
"As a low budget enterprise in which the filmmakers themselves are manufacturing and distributing the DVDs themselves, we perhaps shouldn't expect too much from Broken in disc form. And yet what's most remarkable about this whole achievement is the fact that this release comes with enough extras to shame a James Cameron DVD and a decidedly fine presentation.<br /><br />With regards to the latter, the only major flaw is that Broken comes with a non-anamorphic transfer. Otherwise we get the film in its original 1.85:1 ratio, demonstrating no technical flaws and looking pretty much as should be expected. Indeed, given Ferrari's hands on approach in putting this disc together you can pretty much guarantee such a fact.<br /><br />The same is also true of the soundtrack. Here we are offered both DD2.0 and DD5.1 mixes and whilst I'm uncertain as to which should be deemed the ""original"", the fact that",positive,2,"1328, 2811","As a low budget enterprise in which the filmmakers themselves are manufacturing and distributing the DVDs themselves, we perhaps shouldn't expect too much from Broken in disc form. And yet what's most remarkable about this whole achievement is the fact that this release comes with enough extras to shame a James Cameron DVD and a decidedly fine presentation.<br /><br />With regards to the latter, the only major flaw is that Broken comes with a non-anamorphic transfer. Otherwise we get the film in its original 1.85:1 ratio, demonstrating no technical flaws and looking pretty much as should be expected. Indeed, given Ferrari's hands on approach in putting this disc together you can pretty much guarantee such a fact.<br /><br />The same is also true of the soundtrack. Here we are offered both DD2.0 and DD5.1 mixes and whilst I'm uncertain as to which should be deemed the ""original"", the fact that Ferrari had an involvement in both means neither should be considered as inferior. Indeed, though the DD5.1 may offer a more atmosphere viewing experience owing to the manner in which it utilizes the score, both are equally fine and free of technical flaws.<br /><br />As for extras the disc is positively overwhelmed by them. Take a look at the sidebar on the right of the screen and you'll notice numerous commentaries, loads of featurettes and various galleries. Indeed, given the manner in which everything has been broken down into minute chunks rather than compiled into a lengthy documentary, there really is little to discuss. The 'Anatomy of a Stunt' featurette, for example, is exactly what it claims to be, and the same goes for the rest of pieces. As such we get coverage on pretty much ever aspect of Broken's pre-production, production and post-production. And whilst it may have been preferable to find them in a more easily digestible overall 'making of', in this manner we do get easy access to whatever special feature we may wish to view.<br /><br />Of the various pieces, then, it is perhaps only the commentaries which need any kind of discussion. Then again, there's also a predictable air to each of the chat tracks. The one involving the actors is overly jokey and doesn't take the film too seriously. Ferrari's pieces are incredibly enthusiastic about the whole thing. And the technical ones are, well, extremely technical. Of course, we also get some crossover with what's been covered elsewhere on the discs, but at only 19 minutes none of these pieces outstay their welcome. Indeed, all in all, a fine extras package."
"Apart from the fact that this film was made ( I suppose it seemed a good idea at the time considering BOTTOM was so popular ) the one thing that puzzled me about GUEST HOUSE PARADISO was what happened to the lighting ? There is absolutely no artificial lighting used in this film whatsoever , and I watched it on network TV so it wasn`t a case of watching a dodgy tape. In fact the film was shot so darkly it was impossible to see what the hell was going on . But if the dialogue was anything to go by that`s maybe not a bad thing",negative,2,"12384, 16469","Apart from the fact that this film was made ( I suppose it seemed a good idea at the time considering BOTTOM was so popular ) the one thing that puzzled me about GUEST HOUSE PARADISO was what happened to the lighting ? There is absolutely no artificial lighting used in this film whatsoever , and I watched it on network TV so it wasn`t a case of watching a dodgy tape. In fact the film was shot so darkly it was impossible to see what the hell was going on . But if the dialogue was anything to go by that`s maybe not a bad thing"
"Another well done moral ambiguity pieces where the anti-hero makes it hard to decide who to root for.<br /><br />If nothing else ""The Beguiled"" silenced anyone who said there were no good parts for actresses in movies-at least in 1971. There were four excellent parts for actresses in this film and all were well cast and well executed.<br /><br />Pamelyn Ferdin did a fine job as Amy and would go on to play ""Wanda June"". This must have been the first time an adult male box office star shared an extended kiss with a twelve-year-old girl on camera, wonder if there was much controversy about this at the time. It was probably Polanski's favorite scene. Given the fate of Amy's turtle ""Randolph"", it is no surprise that Ferdin grew up to be a hardcore animal rights activist.<br /><br />Geraldine Page was likewise excellent, playing a complex character with just the",positive,2,"7495, 45332","Another well done moral ambiguity pieces where the anti-hero makes it hard to decide who to root for.<br /><br />If nothing else ""The Beguiled"" silenced anyone who said there were no good parts for actresses in movies-at least in 1971. There were four excellent parts for actresses in this film and all were well cast and well executed.<br /><br />Pamelyn Ferdin did a fine job as Amy and would go on to play ""Wanda June"". This must have been the first time an adult male box office star shared an extended kiss with a twelve-year-old girl on camera, wonder if there was much controversy about this at the time. It was probably Polanski's favorite scene. Given the fate of Amy's turtle ""Randolph"", it is no surprise that Ferdin grew up to be a hardcore animal rights activist.<br /><br />Geraldine Page was likewise excellent, playing a complex character with just the right amount of restraint. It is interesting that she died just three days after Elizabeth Hartman committed suicide (throwing herself through a fifth floor window) as they had also worked together in ""You're a Big Boy Now"".<br /><br />Hartman (who looks like she could be Blair Brown's sister) was wonderful as Edwina and should have gotten an Oscar (no other performance was even close that year), but given what we now know about her you wonder just how much of her performance was a studied effort and how much just came from inside her. Edwina shows such raw pain it is difficult to watch. Like Marilyn Monroe's incredible performance in ""The Misfits"", the viewer is probably seeing a whole lot of her own demons in the character she is playing.<br /><br />Finally there is Jo Ann Harris who is stunningly perfect as the flirty Carol. For my money Harris was the sexiest actress of the 1970's, combining sensuality with intelligence and humor. She was the best reason to watch the ""Most Wanted"" television series and the only reason to watch ""Wild Wild West Revisited"". Hard to believe that someone who could bring all that to the screen never became a big star."
"An updated version of a theme which has been done before. While that in and of itself is not bad, this movie doesn't reach the ring like the other ""inherent and pure"" evil ones do. <br /><br />Predictable, ambitious attempt that falls short of the mark. Not worth sitting through for the tired contrived ending.",negative,2,"18761, 31234","An updated version of a theme which has been done before. While that in and of itself is not bad, this movie doesn't reach the ring like the other ""inherent and pure"" evil ones do. <br /><br />Predictable, ambitious attempt that falls short of the mark. Not worth sitting through for the tired contrived ending."
"An absolutely atrocious adaptation of the wonderful children's book. Crude and inappropriate humor, some scary parts, and a sickening side story about the mom's boyfriend wanting to send the boy away to military school to get him out of the way makes this totally inappropriate for the kids who will most likely want to see it because of the book (3-8) yr olds. Don't waste your money, your time, or your good judgement.",negative,2,"21846, 29384","An absolutely atrocious adaptation of the wonderful children's book. Crude and inappropriate humor, some scary parts, and a sickening side story about the mom's boyfriend wanting to send the boy away to military school to get him out of the way makes this totally inappropriate for the kids who will most likely want to see it because of the book (3-8) yr olds. Don't waste your money, your time, or your good judgement."
"An Italian/American co-production co-starring Linda Blair and David 'The Hoff' Hasselhoff: how could any fan of trashy horror resist such a treat?<br /><br />Well, based on the uneventful, extremely tedious, and utterly nonsensical first forty minutes or so, I would have said 'very easily'; thankfully, however, things do eventually get a tad more entertaining with the introduction of several inventive death scenes, and for those lucky enough to find an uncut copy, a smattering of nudity too (unfortunately, my copy was optically edited to remove such offensive material).<br /><br />The Hoff stars as Gary, a photographer who accompanies his beautiful girlfriend Leslie (Leslie Cumming) to a run-down hotel on a seemingly deserted island in order to take pictures for her latest project, a book about witches; whilst there, frustrated Gary also hopes to try and cure a bad case of blue balls by relieving Leslie of her virginity.<br /><br />His",negative,2,"14969, 45147","An Italian/American co-production co-starring Linda Blair and David 'The Hoff' Hasselhoff: how could any fan of trashy horror resist such a treat?<br /><br />Well, based on the uneventful, extremely tedious, and utterly nonsensical first forty minutes or so, I would have said 'very easily'; thankfully, however, things do eventually get a tad more entertaining with the introduction of several inventive death scenes, and for those lucky enough to find an uncut copy, a smattering of nudity too (unfortunately, my copy was optically edited to remove such offensive material).<br /><br />The Hoff stars as Gary, a photographer who accompanies his beautiful girlfriend Leslie (Leslie Cumming) to a run-down hotel on a seemingly deserted island in order to take pictures for her latest project, a book about witches; whilst there, frustrated Gary also hopes to try and cure a bad case of blue balls by relieving Leslie of her virginity.<br /><br />His plans for nookie are scuppered, however, by the unexpected arrival of property developers Freddie and Rose Brooks (Robert Champagne and Annie Ross), their pregnant daughter Jane (Blair), son Tommy (Michael Manchester), pretty nymphomaniac architect Linda Sullivan (Catherine Hickland), and estate agent Jerry (Rick Farnsworth), who have come to inspect the island's hotel.<br /><br />After explaining their unexpected presence on the island, Gary and Leslie are welcomed by the property's new owners, and when a violent storm suddenly picks up, making it perilous to return to the mainland, everyone agrees to spend the night in the old building. Unfortunately, unbeknownst to the hotel's new guests, the place is also home to the spirit of an evil witch (Hildegard Knef), who requires human sacrifices in order to bring herself back to life. One by one, victims are pulled into a swirling red vortex (which is guaranteed to provide unintentional laughs), before meeting a terrible fate.<br /><br />None of this makes much sense, and the acting is atrocious (Manchester as Tommy is particularly bad, whilst Hasselhoff proves to be one of the better performers, which speaks volumes about the others), but those viewers who make it past the dreary first half are rewarded with some pretty decent moments of gore: Rose has her lips sewn together, before being roasted alive in a fireplace; Jerry is crucified and burnt alive; Linda is tortured by hags and impaled on a swordfish(!!); Freddie's veins pulsate and erupt in geysers of blood; and Gary gets stabbed in the back.<br /><br />Oh, and Leslie is raped by a guy with no lips and Blair gets possessed (again)."
"An Epic Story of Hope constrained by budget and limited artistic ambition. Seeing as Terrence Malick produced this, I expected something haunting and lyrical. Instead, we get a typical Norwegian co-production (""Revolution"" with Al Pacino, anyone?), where - quite possibly - good intentions are scuppered by a dreadful screenplay, and where many of the characters are reduced to stereotypes. The ""me-Tarzan-you-Jane"" English dialogue between the non-English-speaking protagonists is particularly cringeworthy  one could speculate whether Nick Nolte and Tim Roth ad-libbed their own, as they almost sound like real people. The story is loaded with implausibility: we are expected to believe that Binh can speak a smattering of English after having spent his entire life living as a peasant slave (his vocabulary, but unfortunately not grammatical command, increases impressively in the Malayan refugee camp, without the benefit of night classes). Coincidence is rife; I wonder whether an hour or two",negative,2,"12870, 37015","An Epic Story of Hope constrained by budget and limited artistic ambition. Seeing as Terrence Malick produced this, I expected something haunting and lyrical. Instead, we get a typical Norwegian co-production (""Revolution"" with Al Pacino, anyone?), where - quite possibly - good intentions are scuppered by a dreadful screenplay, and where many of the characters are reduced to stereotypes. The ""me-Tarzan-you-Jane"" English dialogue between the non-English-speaking protagonists is particularly cringeworthy  one could speculate whether Nick Nolte and Tim Roth ad-libbed their own, as they almost sound like real people. The story is loaded with implausibility: we are expected to believe that Binh can speak a smattering of English after having spent his entire life living as a peasant slave (his vocabulary, but unfortunately not grammatical command, increases impressively in the Malayan refugee camp, without the benefit of night classes). Coincidence is rife; I wonder whether an hour or two has been edited from the first third: he tracks down his mother in Ho Chi Minh City almost immediately - after bumping into his thirty year younger half brother, who nonchalantly recognises him! Mum gives him a gold locket (or something similar of great value) as they part, but this is never referred to again. His relationship with ""Me Dead Inside"" Ling is supposed to provide the obligatory ""love interest"", but feels as artificial as Leonardo and Cameron in ""Gangs Of New York"". <br /><br />The voyage in the rust bucket of a boat does convey a sense of the appalling conditions that human trafficking entails. Indeed, the only time the film is remotely exciting and unpredictable, is the jerky, hand-held footage shot from the bridge during choppy weather conditions. (Incidentally, a boat cruise from Malaysia to New York via The Cape Of Good Hope and the African coast, without stopping for fuel or supplies, is certainly an epic journey). The beautiful shot of the New York skyline echoes Malick's use of magic hour, but I want to know why the Coast Guard didn't show up. Perhaps they were watching the Super Bowl, or something. Of course, Binh manages to track down his blind old Dad on a remote farm in Texas, with the same navigational flair he displayed in Ho Chi Minh City. I was impressed at how Nick Nolte could wander around digging fields and feeding horses on a large ranch without the aid of a guide dog or white stick. For demonstration of how a story about the travails befalling refugees could be structured and shot on a small budget, check out Michael Winterbottom's far superior ""In This World""."
"Although there were a few rough spots and some plot lines that weren't exactly true to character, this was Classic H:LOTS. The characters, outside of Mike Giardello (Giancarlo Esposito), were true to form, and the reunion scenes of Pembleton (Andre Braugher) and Bayliss (Kyle Secor) were as deep and well acted as anything ever to grace the small screen.<br /><br />""Homicide: The Movie"" aka ""Life Everlasting"" is a fan flick, but stands on its own as well as any 2-hour episode of the series. Fontana, Overmeyer and Yoshimura did a wonderful job in pulling loose ends from 7 seasons and every major cast member of ""the best damn show on television"" together for the series finale that NBC never bothered to give it. True to ""Homicide"" form, there were no happy endings, such is life. That's what has always set this show apart from the mindless cookie-cutter cop shows left",positive,2,"35382, 46372","Although there were a few rough spots and some plot lines that weren't exactly true to character, this was Classic H:LOTS. The characters, outside of Mike Giardello (Giancarlo Esposito), were true to form, and the reunion scenes of Pembleton (Andre Braugher) and Bayliss (Kyle Secor) were as deep and well acted as anything ever to grace the small screen.<br /><br />""Homicide: The Movie"" aka ""Life Everlasting"" is a fan flick, but stands on its own as well as any 2-hour episode of the series. Fontana, Overmeyer and Yoshimura did a wonderful job in pulling loose ends from 7 seasons and every major cast member of ""the best damn show on television"" together for the series finale that NBC never bothered to give it. True to ""Homicide"" form, there were no happy endings, such is life. That's what has always set this show apart from the mindless cookie-cutter cop shows left on television. Kudos to the writers and the cast for creating something over the span of the series and in the movie that challenged television viewers and producers alike.<br /><br />** I call myself a ""Homicidal Maniac"" if for no other reason than to keep my co-workers in a cooperative mood. **"
"Although I can see the potentially redeeming qualities in this film by way of it's intrigue, I most certainly thought that the painfully long nature in the way the scene structure played out was too much to ask of most viewers. Enormous holes in the screenplay such as the never explained ""your father died today"" comment by the mother made it even harder to try to make sense of these characters.<br /><br />This won first place at Cannes in 2001 which is a shock considering. Perhaps the French had been starved for film noir that year and were desperate for something as sadistic as this film. I understood the long scenes as a device to keep the viewer as uncomfortable as possible but when matched with the inability to relate to the main character it went too far for me and kept me at arms distance from the story altogether.<br",negative,2,"13215, 49196","Although I can see the potentially redeeming qualities in this film by way of it's intrigue, I most certainly thought that the painfully long nature in the way the scene structure played out was too much to ask of most viewers. Enormous holes in the screenplay such as the never explained ""your father died today"" comment by the mother made it even harder to try to make sense of these characters.<br /><br />This won first place at Cannes in 2001 which is a shock considering. Perhaps the French had been starved for film noir that year and were desperate for something as sadistic as this film. I understood the long scenes as a device to keep the viewer as uncomfortable as possible but when matched with the inability to relate to the main character it went too far for me and kept me at arms distance from the story altogether.<br /><br />This is a film for only the most dedicated fan of film noir and one who expects no gratification from having watched a film once it's over. I LOVED movies such as ""Trainspotting"" or ""Requiem for a Dream"" - which were far more disturbing but at least gave the viewer something in the way of editing and pacing. To watch this teachers slow and painful silence scene after scene just became so redundant that I found it tedious - and I really wanted to like this film at every turn."
"Alright, we start in the office of a shrink, and apparently not a very good one. The main hero from the first Jack Frost is in the shrinks office blurting out random rhymes about Jack Frost. Gee, alright my brother is yelling ''Turn it off!''. Anyway, back to the crappy movie.<br /><br />The shrink has his speaker phone on and is letting his secretary and her friends listen in on this heroic insane sheriff. I suppose he is supposed to be the hero from the first movie, but he looks nothing like him!. Yadda yadda yadda, they laugh at the poor sheriff, yadda yadda. Now some people are digging up the anti-frozed snowman, yadda yadda, now we're in a lab with some type of doctor people.. I don't quite see how this has to do anything, but their poking the anti-freeze/Evil killer mutant snowman with needles, heating it, shocking it,",negative,2,"7322, 25062","Alright, we start in the office of a shrink, and apparently not a very good one. The main hero from the first Jack Frost is in the shrinks office blurting out random rhymes about Jack Frost. Gee, alright my brother is yelling ''Turn it off!''. Anyway, back to the crappy movie.<br /><br />The shrink has his speaker phone on and is letting his secretary and her friends listen in on this heroic insane sheriff. I suppose he is supposed to be the hero from the first movie, but he looks nothing like him!. Yadda yadda yadda, they laugh at the poor sheriff, yadda yadda. Now some people are digging up the anti-frozed snowman, yadda yadda, now we're in a lab with some type of doctor people.. I don't quite see how this has to do anything, but their poking the anti-freeze/Evil killer mutant snowman with needles, heating it, shocking it, adding strange and bizarre chemicals to it, the whole nine yards. Nothing. Alright, they give up and leave it in a fish tank. One of the doctors leaves his coffee on the top of the tank. The janitor walks in, cleans stuff, bumps the fishtank and the coffee spills the tank which makes Jack alive.<br /><br />Behold the power of mocha! Now somehow he is in..uh.. i believe the Bahamas... but it looked more like Hawaii.. But it couldn't be Hawaii! Unless they spent all of their budget on the dang air plane tickets. Bah.. I wont spoil the rest of this rotten movie, so you'll have to rent it and watch it your self... Er... i wouldn't suggest doing so though.... Sheesh.."
"Alfred Hitchcock invented any kind of thriller you could think of:he set the standards so high that any director who makes a suspense movie will be fatally compared to him.<br /><br />The main subject of this Bullock vehicle ,all the ideas,almost everything was already in Hitchcock's classic "" Rope"":the two students who commit a gratuitous crime, Nietsche's philosophy,and the clues that the boys disseminate ,the Master was the first to transfer them to the screen.And with an eighty-minute movie which was a technical riveting tour de force.<br /><br />""Murder by numbers "" does not take place in a single room,like ""the rope"" ,mind you.And ,what a supreme originality,it pits two cops against the evil youngsters;and ,you would never guess it,these two cops are very different:actually,Bullock plays the part of woman living like a man ,and her partner (Chaplin) is as shy as a clueless girlie.The two boys' performances are not",negative,2,"17999, 29324","Alfred Hitchcock invented any kind of thriller you could think of:he set the standards so high that any director who makes a suspense movie will be fatally compared to him.<br /><br />The main subject of this Bullock vehicle ,all the ideas,almost everything was already in Hitchcock's classic "" Rope"":the two students who commit a gratuitous crime, Nietsche's philosophy,and the clues that the boys disseminate ,the Master was the first to transfer them to the screen.And with an eighty-minute movie which was a technical riveting tour de force.<br /><br />""Murder by numbers "" does not take place in a single room,like ""the rope"" ,mind you.And ,what a supreme originality,it pits two cops against the evil youngsters;and ,you would never guess it,these two cops are very different:actually,Bullock plays the part of woman living like a man ,and her partner (Chaplin) is as shy as a clueless girlie.The two boys' performances are not really mind-boggling ,not as good ,as ,say ,that of Edward Norton in ""primal fear"" .<br /><br />Well,you know ,"" Rope"" was so good ...."
"Alexandra Ripley wrote a horrible sequel to Margaret Mitchell's masterpiece book published in the 1930's. Margaret Mitchell's heirs sold out their rights and for big bucks allowed Alexandra Ripley to write a piece of junk book even worse than Barbara Cortland romance novels. I was a huge fan of Margaret Mitchells book and the fake sequel by Alexandra Ripley was written just to cash in for money.<br /><br />Although I always admired the acting talent of Joanne Kilmer and Timothy Dalton, this is a really terrible film. The script is horrible and full of clichés. Ann Margarets cameo as Belle Watling is so awful I wanted to slap her.<br /><br />The only worthwhile thing in the movie is Sean Bean who gives a masterful bravura performance as the sexy, feral villain - Lord Fenton. Sean Bean's performance is along the lines of ""The Man You Love to Hate"" and portrays",negative,2,"40898, 46605","Alexandra Ripley wrote a horrible sequel to Margaret Mitchell's masterpiece book published in the 1930's. Margaret Mitchell's heirs sold out their rights and for big bucks allowed Alexandra Ripley to write a piece of junk book even worse than Barbara Cortland romance novels. I was a huge fan of Margaret Mitchells book and the fake sequel by Alexandra Ripley was written just to cash in for money.<br /><br />Although I always admired the acting talent of Joanne Kilmer and Timothy Dalton, this is a really terrible film. The script is horrible and full of clichés. Ann Margarets cameo as Belle Watling is so awful I wanted to slap her.<br /><br />The only worthwhile thing in the movie is Sean Bean who gives a masterful bravura performance as the sexy, feral villain - Lord Fenton. Sean Bean's performance is along the lines of ""The Man You Love to Hate"" and portrays an unsafe sex symbol.<br /><br />But Sean Bean is only in the first half of the movie so you then have to be tormented with watching an incredibly long 6 hour movie with an insufferably boring script.<br /><br />Don't waste your money on this film, unless you are a hard core Sean Bean fan and just watch it for his wonderful performance."
"Ah yet another Seagal movie.In no less than a few mere months arrive to populate the video store shelves.As bad as Submerged?No.But that is not saying much.Like perfume on a pig.<br /><br />Seagal is professional thief who wants to quit,but goes for one last job only to be double-crossed by his boss.He lands in Prison and is befriended by a Gangster who helps him to break out and seek payback.<br /><br />Its good to see Seagal finally not playing an agent,cop,or what he usually plays.We actually get a USA Location in Las Vegas it seems. Then an eastern European territory as usual. There is no wire-Fu either here.Don Fauntleroy does an okay job.<br /><br />However most of the action and fight scenes with Stevie are clearly doubles.Scenes from other movies,a lack of realism and logic in even tiniest situation.Seagal and Treech make a so-so team inspiring(unintentional) laughs one minute.Sighs the",negative,2,"13499, 23900","Ah yet another Seagal movie.In no less than a few mere months arrive to populate the video store shelves.As bad as Submerged?No.But that is not saying much.Like perfume on a pig.<br /><br />Seagal is professional thief who wants to quit,but goes for one last job only to be double-crossed by his boss.He lands in Prison and is befriended by a Gangster who helps him to break out and seek payback.<br /><br />Its good to see Seagal finally not playing an agent,cop,or what he usually plays.We actually get a USA Location in Las Vegas it seems. Then an eastern European territory as usual. There is no wire-Fu either here.Don Fauntleroy does an okay job.<br /><br />However most of the action and fight scenes with Stevie are clearly doubles.Scenes from other movies,a lack of realism and logic in even tiniest situation.Seagal and Treech make a so-so team inspiring(unintentional) laughs one minute.Sighs the rest.<br /><br />Several notable faces turn up to slum it.. sleepy Kevin Tighe is a long way from his emergency days.Nick Mancuso shows up in sleepwalking mode to take a check.No more rappers.Please?<br /><br />At this point the action scenes and plots are more predictable and recycled generically more than ever.Its a stale scene that Seagal needs to get out of or hang it up.He should have gotten out a while ago."
"After some internet surfing, I found the ""Homefront"" series on DVD at ioffer.com. Before anyone gets excited, the DVD set I received was burned by an amateur from home video tapes recorded off of their TV 15 years ago. The resolution and quality are poor. The images look like you would expect old re-recorded video to look. Although the commercials were edited out, the ending credits of each episode still have voice-over announcements for the segway into the ABC news program ""Nightline"", complete with the top news headlines from the early 1990's. Even with the poor image quality, the shows were watch-able and the sound quality was fine.<br /><br />To this show's credit, the casting was nearly perfect. Everyone was believable and really looked the part. Their acting was also above average. The role of Jeff Metcalf is played particularly well by Kyle Chandler (most recently seen in the 2005",negative,2,"11849, 47673","After some internet surfing, I found the ""Homefront"" series on DVD at ioffer.com. Before anyone gets excited, the DVD set I received was burned by an amateur from home video tapes recorded off of their TV 15 years ago. The resolution and quality are poor. The images look like you would expect old re-recorded video to look. Although the commercials were edited out, the ending credits of each episode still have voice-over announcements for the segway into the ABC news program ""Nightline"", complete with the top news headlines from the early 1990's. Even with the poor image quality, the shows were watch-able and the sound quality was fine.<br /><br />To this show's credit, the casting was nearly perfect. Everyone was believable and really looked the part. Their acting was also above average. The role of Jeff Metcalf is played particularly well by Kyle Chandler (most recently seen in the 2005 remake of King Kong). The period costumes were very authentic as were the sets, especially the 1940s kitchens with vintage appliances and décor. The direction was also creative and different for a TV show at that time. For example, conversations between characters were sometimes inter-cut with conversations about the same subject between other characters in different scenes. The dialog of the different conversations was kept fluid despite cutting back and fourth between the different characters and locations. That takes good direction and editing and they made it work in this case.<br /><br />As I started watching this series again I suddenly remembered why I lost interest in it 15 years ago. Despite all the ingredients for a fine show, the plots and story lines are disappointing and confusing right from the start. For one thing, the name of the show itself is totally misleading. When WWII ended in 1945, there was no more fighting so obviously there was no longer a ""homefront"" either. Curiously, the first episode of the show ""Homefront"" begins in 1945 after the war had ended. That's like shooting the first episode of ""Gilligan's Island"" showing the castaways being rescued. The whole premise of the show's namesake is completely lost. I still held on to hope with the possibility of the rest of the series being a flashback but no, the entire show takes place from 1946 through 1948. Additionally, this series fails miserably in any attempt to accurately portray any historical events of the late 1940's. By the third episode, it becomes obvious that this series was nothing more than a thinly veiled vehicle for an ultra left-wing political agenda. The show is set in River Run Ohio, near Toledo. However, the show's ongoing racism theme makes it look more like Jackson Mississippi than Ohio. Part of the ensemble cast are Dick Williams, Hattie Winston and Sterling Macer Jr. who portray the Davis family. Much of the series shows the Davis family being discriminated against by the evil ""whites"" to the point of being ridiculous and totally absurd if not laughable. The racism card has been played and over played by Hollywood now for over 40 years. We get it. We're also tired of having our noses rubbed in it on a daily basis. The subject of racism is also unpopular with viewers and it is the kiss of death for any show, as it was for ""Homefront"". The acting talents of Williams, Winston and Macer were wasted in their roles as the stereotypical ""frightened / angry black family"". The wildly exaggerated racism in this series makes it look like everyone in Ohio was a KKK member or something. The racism issue could have been addressed in this show in a single episode with a simple punch in the nose or fist-fight in which a bigot gets a well deserved thrashing, and leave it at that. Devoting a major portion of the series to the racism thing gets really old really quick and its just plain stupid.<br /><br />In yet another ridiculous plot line, the big boss of a local factory (Ken Jenkins) is portrayed as an Ebenezer Scrooge like character who is against pensions and raises and is unconcerned about acid dripping on his employees. The workers revolt and take over the factory in a blatant pro-communist propaganda message to the viewer.<br /><br />Personally, I think this series had great potential. The writers could have easily placed the timeline in 1941  1945 as the title suggests and shown the hardships of food and gas rationing and working 14 hour days at war factories. Of course the loss of brothers, sons and husbands fighting overseas would have also added drama. The situation was also perfect for writing in special guest stars as military or USO personnel passing through their town during training or en-route to Europe or the Pacific. The possibilities for good story lines and plots are endless. But no, the writers of Homefront (David Assael and James Grissom) completely ignored any relevant or interesting plots. Instead, they totally missed the point and strayed into a bizarre and irrelevant obsession with racism and left-wing politics. It would be unfair to the actors to condemn the entire series but the plots and situations in which they were placed are total garbage."
"After seeing Meredith in ""Beyond the Prairie"" I had to buy another film with her staring. I cannot believe how she let herself into this teenage flick. It's best to watch this one with the sound off but just concentrate on Meredith as she moves across the screen. Save your money until the TV network comes out with a DVD on ""Beyond the Prairie"". It's worth it at any price, this one needs to pay you to see. <br /><br />This pretty lady needs someone to put her into a script that can use both her talent as an actress and her beauty as a woman. Perhaps some of her latest might fit but I haven't seen them. She has the smile of a Cathrine Bell and eyes of Dana Delany with a much younger body.<br /><br />",positive,2,"41539, 47733","After seeing Meredith in ""Beyond the Prairie"" I had to buy another film with her staring. I cannot believe how she let herself into this teenage flick. It's best to watch this one with the sound off but just concentrate on Meredith as she moves across the screen. Save your money until the TV network comes out with a DVD on ""Beyond the Prairie"". It's worth it at any price, this one needs to pay you to see. <br /><br />This pretty lady needs someone to put her into a script that can use both her talent as an actress and her beauty as a woman. Perhaps some of her latest might fit but I haven't seen them. She has the smile of a Cathrine Bell and eyes of Dana Delany with a much younger body.<br /><br />"
"After reading previews for this movie I thought it would be a let down, however after I got my region 1 dvd ( the dvd was available before the film hit the uk cinemas) I was pleasantly surprised, strong performances from all cast members make this a very enjoyable movie. The fact that the script is quite weak means that you dont get bogged down in story and therefore the repeat viewing factor is greater. I recommend this movie to one and all<br /><br />",positive,2,"21927, 27341","After reading previews for this movie I thought it would be a let down, however after I got my region 1 dvd ( the dvd was available before the film hit the uk cinemas) I was pleasantly surprised, strong performances from all cast members make this a very enjoyable movie. The fact that the script is quite weak means that you dont get bogged down in story and therefore the repeat viewing factor is greater. I recommend this movie to one and all<br /><br />"
"After losing the Emmy for her performance as Mama Rose in the television version of GYPSY, Bette won an Emmy the following year for BETTE MIDLER: DIVA LAS VEGAS, a live concert special filmed for HBO from Las Vegas. Midler, who has been performing live on stage since the 1970's, proves that she is still one of the most electrifying live performers in the business. From her opening number, her classic ""Friends"", where she descends from the wings atop a beautiful prop cloud, Bette commands the stage with style and charisma from a rap-styled number called ""I Look Good"" she then proves that she has a way with a joke like few other performers in this business as she segues her way through a variety of musical selections. The section of the show where she salutes burlesque goes on a little too long but she does manage to incorporate her",positive,2,"10473, 43439","After losing the Emmy for her performance as Mama Rose in the television version of GYPSY, Bette won an Emmy the following year for BETTE MIDLER: DIVA LAS VEGAS, a live concert special filmed for HBO from Las Vegas. Midler, who has been performing live on stage since the 1970's, proves that she is still one of the most electrifying live performers in the business. From her opening number, her classic ""Friends"", where she descends from the wings atop a beautiful prop cloud, Bette commands the stage with style and charisma from a rap-styled number called ""I Look Good"" she then proves that she has a way with a joke like few other performers in this business as she segues her way through a variety of musical selections. The section of the show where she salutes burlesque goes on a little too long but she does manage to incorporate her old Sophie Tucker jokes here to good advantage (even though she actually forgets one joke in the middle of telling it, but her ad-libbing until she remembers it is hysterical). Bette also treats us to ""Rose's Turn"" from GYPSY and the title tune from her smash film THE ROSE as well as a shameless plug for her hit movie THE FIRST WIVES CLUB. She brings the house down near the end with ""Stay with Me, Baby"" from THE ROSE and her only #1 hit record, ""Wind Beneath My Wings"" from BEACHES. It's a dazzling evening of musical comedy entertainment and for Midler fans, it's a must."
"After all these years, of Peter O'Tool's brilliant, costly giving of his Soul, film after film, at last, Hollywood tosses him an Oscar recently.<br /><br />Country Dance showed up one night late, and of course, blew me out of my complainant niche in my alleged ""Life"". How does he do it?<br /><br />York again also is brilliant in this kind of play. Both psychological battleships loaded for bear....<br /><br />Bravo to author, director, cast, and camera crew. No wonder the Nazi's lost to these Irish, Scot, English blends....brutal honesty hurts...back in the 70's, when I personally believed ""honesty"" was pure and absolutely vital to trust. I have modified my edgy extremes, and will settle for more human, warm flaws within myself and others.<br /><br />Forgiveness allows humanity to have a reverse gear, and allows us to fix our own bull headed egos and erotic mistakes....",positive,2,"32958, 35997","After all these years, of Peter O'Tool's brilliant, costly giving of his Soul, film after film, at last, Hollywood tosses him an Oscar recently.<br /><br />Country Dance showed up one night late, and of course, blew me out of my complainant niche in my alleged ""Life"". How does he do it?<br /><br />York again also is brilliant in this kind of play. Both psychological battleships loaded for bear....<br /><br />Bravo to author, director, cast, and camera crew. No wonder the Nazi's lost to these Irish, Scot, English blends....brutal honesty hurts...back in the 70's, when I personally believed ""honesty"" was pure and absolutely vital to trust. I have modified my edgy extremes, and will settle for more human, warm flaws within myself and others.<br /><br />Forgiveness allows humanity to have a reverse gear, and allows us to fix our own bull headed egos and erotic mistakes...."
"Admittedly, you can put a model airplane against a black background and call it sci-fi, and thats enough to get me interested, so if you are like that, Black Horizon will at least get you interested before you watch it. The best part of the movie is when they rehash some actual footage of a shuttle launch.<br /><br />The movie plays like the Naked Gun series, spoofing cop dramas with bad clichés and bad acting. Unfortunately, i don't think they meant to be funny, the actors really are made of cardboard, the dialog really does suck, so well just have to laugh at them, and not with them.<br /><br />On a side note, it is rare to see a movie that takes place half in outer space, half on earth, and doesn't mix in the expected extraterrestrials and supernatural events. I really do ache for more realistic drama based on",negative,2,"36801, 41140","Admittedly, you can put a model airplane against a black background and call it sci-fi, and thats enough to get me interested, so if you are like that, Black Horizon will at least get you interested before you watch it. The best part of the movie is when they rehash some actual footage of a shuttle launch.<br /><br />The movie plays like the Naked Gun series, spoofing cop dramas with bad clichés and bad acting. Unfortunately, i don't think they meant to be funny, the actors really are made of cardboard, the dialog really does suck, so well just have to laugh at them, and not with them.<br /><br />On a side note, it is rare to see a movie that takes place half in outer space, half on earth, and doesn't mix in the expected extraterrestrials and supernatural events. I really do ache for more realistic drama based on our space endeavors."
"A truly excellent look at the world and the realities of being a heroin addict. The movie is one that will hit much too close to home to those who were involved in the drug culture and have knowledge of what being(or being around) a heroin addict really is. Good movie, which will never truly be outdated. Excellent performances by all involved and the minimalist set is Preminger's way of showing how bleak a JUNKIE'S world can become. Worth a look--an education of sorts. The golden arm is a worried look at the truth of the underground life of pain a junkie lives in.",positive,2,"25203, 47979","A truly excellent look at the world and the realities of being a heroin addict. The movie is one that will hit much too close to home to those who were involved in the drug culture and have knowledge of what being(or being around) a heroin addict really is. Good movie, which will never truly be outdated. Excellent performances by all involved and the minimalist set is Preminger's way of showing how bleak a JUNKIE'S world can become. Worth a look--an education of sorts. The golden arm is a worried look at the truth of the underground life of pain a junkie lives in."
"A talented high school graduating senior with a bad attitude is forced to play in the state all-star high school football game. When he meets and falls for an attractive local girl she helps him realize he has a shot at a 'full ride' scholarship if he plays well.<br /><br />All too often, these dramas fall into formulaic traps and tell the same old story of a troubled and confused teen. FULL RIDE's Matt Sabo certainly fits this profile, but below the surface is a much more unique individual than we usually see in this genre. Matt is the center of the action and he is a realistic teenager, both over-confident and vulnerable, optimistic and cynical by turns. Influenced by Amy, Matt grows into a man of character and heart. He, in turn, forms friendships with his teammates, which influences his growth as an athlete and as a team player.<br",positive,2,"34969, 48624","A talented high school graduating senior with a bad attitude is forced to play in the state all-star high school football game. When he meets and falls for an attractive local girl she helps him realize he has a shot at a 'full ride' scholarship if he plays well.<br /><br />All too often, these dramas fall into formulaic traps and tell the same old story of a troubled and confused teen. FULL RIDE's Matt Sabo certainly fits this profile, but below the surface is a much more unique individual than we usually see in this genre. Matt is the center of the action and he is a realistic teenager, both over-confident and vulnerable, optimistic and cynical by turns. Influenced by Amy, Matt grows into a man of character and heart. He, in turn, forms friendships with his teammates, which influences his growth as an athlete and as a team player.<br /><br />FULL RIDE has all the elements we love to see in a movie--great acting, admirable characters, exciting sports scenes, poignant drama, and a love story. Still, while one may have seen these elements in other films, FULL RIDE is assisted by performances that are sincere and occasionally, even moving. Perhaps what's most impressive about FULL RIDE is its sense of reality. Although the author of the previous comment would seem to disagree, (clearly a disgruntled student who, for quite obvious reasons, received a poor grade in his film class) director Mark Hoeger grounds the film in a believable situation and location and does a great job of getting down to the grit of what life is like in a small town. These characters are real people rooted in realistic situations, which often create the most compelling entertainment. On one level it is a love story, on another it is a character study, and yet another it is a simple football film. All of these ideas come together to form a cohesive vehicle."
"Having already seen the original ""Jack Frost"", I never thought that ""Jack Frost 2"" would be as absurd as it is. Boy was I wrong! Then again, A-PIX movies have a way of showing unbelievably bad material, even worse than you might expect. I believe this is the first A-PIX sequel, and it may be an indication of what to expect in the future: more A-PIX sequels.<br /><br />It's hard to watch this without laughing, especially during the later parts of the movie in which Jack Frost's offspring (which are essentially snowballs with eyes, arms, a mouth and sharp teeth) start killing people with the typical comedic dialogue and silly voices to go with it. They are shown both as puppets (with a stick underneath to move them) and as computer animation, which I have to say looks very cheesy. The computer animation surprised me, as the first ""Jack Frost""",negative,2,"8131, 40016","Having already seen the original ""Jack Frost"", I never thought that ""Jack Frost 2"" would be as absurd as it is. Boy was I wrong! Then again, A-PIX movies have a way of showing unbelievably bad material, even worse than you might expect. I believe this is the first A-PIX sequel, and it may be an indication of what to expect in the future: more A-PIX sequels.<br /><br />It's hard to watch this without laughing, especially during the later parts of the movie in which Jack Frost's offspring (which are essentially snowballs with eyes, arms, a mouth and sharp teeth) start killing people with the typical comedic dialogue and silly voices to go with it. They are shown both as puppets (with a stick underneath to move them) and as computer animation, which I have to say looks very cheesy. The computer animation surprised me, as the first ""Jack Frost"" had no such effects.<br /><br />I'd strongly recommend that you see the original ""Jack Frost"" before seeing this one (both of which it would be preferable to watch with a group of friends) to get the full amusement out of it, and because it would make more sense (""sense"" being a relative term).<br /><br />Now only if there was ""Uncle Sam 2""..."
"Having been pleasantly surprised by Sandra Bullock's performance in Miss Congeniality, I decided to give Murder By Numbers a shot. While decent in plucky, self-effacing roles, Ms. Bullock's performance in ""serious"" roles (see Hope Floats, Speed 2, 28 Days) leave much to be desired. Her character is at the same time omniscient, confused, and sexually maladjusted (the sub-plot of Sandra's past comes across as needless filler that does little to develop her already shallow character). The two teenage boys gave decent performances, although their forensics expertise and catch-me-if-can attitude is belied by stupid errors that scream ""We did it!"" Chris Penn as the all-too-obvious suspect is wasted here, as is Ben Chaplin's token partner/love interest character.<br /><br />***Spoilers Ahead*** Mediocre acting aside, the biggest flaws can be traced to a TV-of-the-week plot that never has you totally buying into the murder motives in the first place, and as mentioned, the",negative,2,"25266, 27901","Having been pleasantly surprised by Sandra Bullock's performance in Miss Congeniality, I decided to give Murder By Numbers a shot. While decent in plucky, self-effacing roles, Ms. Bullock's performance in ""serious"" roles (see Hope Floats, Speed 2, 28 Days) leave much to be desired. Her character is at the same time omniscient, confused, and sexually maladjusted (the sub-plot of Sandra's past comes across as needless filler that does little to develop her already shallow character). The two teenage boys gave decent performances, although their forensics expertise and catch-me-if-can attitude is belied by stupid errors that scream ""We did it!"" Chris Penn as the all-too-obvious suspect is wasted here, as is Ben Chaplin's token partner/love interest character.<br /><br />***Spoilers Ahead*** Mediocre acting aside, the biggest flaws can be traced to a TV-of-the-week plot that never has you totally buying into the murder motives in the first place, and as mentioned, the stupid errors (vomiting up a rare food on the murder scene, an all too convenient and framing of the school janitor, the two boys hanging out together in public, a convenient love interest to cause friction, etc. etc) cause the view to go from being intrigues to being bored and disappointed by the murderers. The ending was strictly ""By the Numbers"" and was probably the most disappointing aspect of the movie. Using the now-cliched tactic of almost showing the climactic scene at the beginning of the film, and then filling the audience in how we arrived at that moment, the final scenes surprise no one and lacked any of the so-called intelligence the film purported to arrive at it's conclusion. A somewhat promising concept, but poorly executed and weak in nearly every way. * out of ****."
"Hello it is I Derrick Cannon and I welcome you to the first ever Cannonite review show. My movie for this week was debatable, what route what movie, what excellent four star epic would I choose, guess what I decided to pull a one eighty and go the other route, I've decided to review a movie so atrocious that it totally killed what could have been a very unique concept. The movie I will review today is Jack Frost Two revenge of the mutant killer snowman. The Stars in this movie include Christopher Allport as Sam Tiller, Eileen Seeley as Anne Tiller, Marsha Clark as Marla David Allen Brooks as Agent Manners, Sean Patrick Murphy as Captain Fun, Ray Cooney as the Colonel and Scott MacDonald as the killer snowman himself Jack Frost.<br /><br />It's hard to believe that this movie was in the same series that gave us the",negative,2,"18715, 49984","Hello it is I Derrick Cannon and I welcome you to the first ever Cannonite review show. My movie for this week was debatable, what route what movie, what excellent four star epic would I choose, guess what I decided to pull a one eighty and go the other route, I've decided to review a movie so atrocious that it totally killed what could have been a very unique concept. The movie I will review today is Jack Frost Two revenge of the mutant killer snowman. The Stars in this movie include Christopher Allport as Sam Tiller, Eileen Seeley as Anne Tiller, Marsha Clark as Marla David Allen Brooks as Agent Manners, Sean Patrick Murphy as Captain Fun, Ray Cooney as the Colonel and Scott MacDonald as the killer snowman himself Jack Frost.<br /><br />It's hard to believe that this movie was in the same series that gave us the incredibly funny Jack Frost(loved the carrot scene),but it's even harder to believe that this is the exact same cast. The movie was ruined for me as soon as they arrived on the island and Captain Fun was introduced. What was the point of his character and how did he fit into a horror movie?The only possible reason I could see was that they wanted to give us a character that was total killer snowman fodder. Sam Tiler seemed more paranoid then he did in the original, his babbling about anti freeze was one of the most pathetic display I had seen in a movie. His wife however was one of the few bright spots. She played her role as the main woman to a hilt. She was a voice of reason in film of pure idiocy. The scene where she figures out how to kill the snowmen was one of the most anticipated parts of the movie. Ray MacDonald once again did a great job as Jack Frost despite what he was given. If it wasn't for such weak characters he could have been immortalized like Chucky,Freddy and Jason. Laugh if you must but when it comes down to it Jack Frost had spunk, he had humor, and most importantly he had an undoubtable vicious streak.<br /><br />This movie could have been so much more, it could have been a continuation of a great franchise, instead any plans to make a Jack Frost three have been canceled.<br /><br />This movie gets a two out of ten for me, and it's lucky that it even gets a one."
"I watched this movie purely for the setting. It was filmed in an old hotel that a friend owns shares of. The plot was predictable, the acting was mediorcre at best, the scares were all gross-outs, not true scares.<br /><br />I don't remember much of the plot, and I think that's because there wasn't much of one to remember. They didn't even use the hotel to it's fullest potential...The beaches are fantastic and the hotel is situated on a peninsula. At low tide, you can walk almost 1/4 mile into the bay, which is actually an eerie sight first thing in the morning or late at night when the wind is howling through the cracks.<br /><br />The best way to see this movie is with the remote in your hand so you can fast forward through the action (and I'm using that term loosly)scenes and pause at the beauty of",negative,2,"29374, 30436","I watched this movie purely for the setting. It was filmed in an old hotel that a friend owns shares of. The plot was predictable, the acting was mediorcre at best, the scares were all gross-outs, not true scares.<br /><br />I don't remember much of the plot, and I think that's because there wasn't much of one to remember. They didn't even use the hotel to it's fullest potential...The beaches are fantastic and the hotel is situated on a peninsula. At low tide, you can walk almost 1/4 mile into the bay, which is actually an eerie sight first thing in the morning or late at night when the wind is howling through the cracks.<br /><br />The best way to see this movie is with the remote in your hand so you can fast forward through the action (and I'm using that term loosly)scenes and pause at the beauty of the surroundings!"
"I've been strangely attracted to this film since I saw it on Showtime sometime in the early 80's. I say strangely because it is rather a ludicrous bit of soft-core fluff, a genre I'm not particularly interested in. The dialogue is pompously and nonsensically philosophical (making sense, no doubt, only to it's Franco-Italian producers)and the plot completely extraneous. What it does achieve is a wonderfully hypnotic and thoroughly pleasant mood. The scenery (the beautiful Philippines), soft-focus nudity and wonderful score all contribute to a strange and extremely watchable exercise in a sort of film making seldom seen today. It is truly one of my great ""guilty pleasures"". I was fortunate enough to find it on an old laserdisc and have watched it more times than I think is healthy. A worthwhile moodpiece.",positive,2,"6016, 10054","I've been strangely attracted to this film since I saw it on Showtime sometime in the early 80's. I say strangely because it is rather a ludicrous bit of soft-core fluff, a genre I'm not particularly interested in. The dialogue is pompously and nonsensically philosophical (making sense, no doubt, only to it's Franco-Italian producers)and the plot completely extraneous. What it does achieve is a wonderfully hypnotic and thoroughly pleasant mood. The scenery (the beautiful Philippines), soft-focus nudity and wonderful score all contribute to a strange and extremely watchable exercise in a sort of film making seldom seen today. It is truly one of my great ""guilty pleasures"". I was fortunate enough to find it on an old laserdisc and have watched it more times than I think is healthy. A worthwhile moodpiece."
"I'm trying to picture the pitch for Dark Angel. ""I'm thinking Matrix, I'm thinking Bladerunner, I'm thinking that chick that plays Faith in Angel, wearing shiny black leather - or some chick just like her, leave that one with us. Only - get this! - we'll do it without any plot, dialogue, character, decent action or budget, just some loud bangs and a hot chick in shiny black leather straddling a big throbbing bike. Fanboys dig loud bangs and hot chicks in shiny black leather straddling big throbbing bikes, right?""<br /><br />Flashy, shallow, dreary, formulaic, passionless, tedious, dull, dumb, humourless, desultory, barely competent. Live action anime without any action, or indeed any life. SF just the way Joe Fanboy likes it, in fact. :(",negative,2,"7314, 40981","I'm trying to picture the pitch for Dark Angel. ""I'm thinking Matrix, I'm thinking Bladerunner, I'm thinking that chick that plays Faith in Angel, wearing shiny black leather - or some chick just like her, leave that one with us. Only - get this! - we'll do it without any plot, dialogue, character, decent action or budget, just some loud bangs and a hot chick in shiny black leather straddling a big throbbing bike. Fanboys dig loud bangs and hot chicks in shiny black leather straddling big throbbing bikes, right?""<br /><br />Flashy, shallow, dreary, formulaic, passionless, tedious, dull, dumb, humourless, desultory, barely competent. Live action anime without any action, or indeed any life. SF just the way Joe Fanboy likes it, in fact. :("
"I'm gonna tip the scales here a bit and say I enjoyed this. However, the cartoon is really only going to appeal to those who have very absurdist tendencies. It's definitely something that most people will not get, as is the nature of absurdism.<br /><br />the animation is horrible, but yes, that's the point. The main character is foul mouthed, violent, and stupid. no redeeming qualities whatsoever. his wife shrieks and wails, apparently just barely capable of the most basic communication skills. most of these stories completely lack any kind of point.<br /><br />but again, that's the point ;)<br /><br />If non sequiters, foul language, and complete and utter randomness are your thing, you're going to love this.<br /><br />It is really short, so I would probably rent instead of buying.",positive,2,"35215, 39355","I'm gonna tip the scales here a bit and say I enjoyed this. However, the cartoon is really only going to appeal to those who have very absurdist tendencies. It's definitely something that most people will not get, as is the nature of absurdism.<br /><br />the animation is horrible, but yes, that's the point. The main character is foul mouthed, violent, and stupid. no redeeming qualities whatsoever. his wife shrieks and wails, apparently just barely capable of the most basic communication skills. most of these stories completely lack any kind of point.<br /><br />but again, that's the point ;)<br /><br />If non sequiters, foul language, and complete and utter randomness are your thing, you're going to love this.<br /><br />It is really short, so I would probably rent instead of buying."
"I'm gettin' sick of movies that sound entertaining in a one-line synopsis then end up being equal to what you'd find in the bottom center of a compost heap.<br /><br />Who knows: ""Witchery"" may have sounded interesting in a pitch to the studios, even with a ""big name cast"" (like Blair and Hasselhoff - wink-wink, nudge-nudge) and the effervescent likes of Hildegard Knef (I dunno, some woman...).<br /><br />But on film, it just falls apart faster than a papier-mache sculpture in a rainstorm. Seems these unfortunate folks are trapped in an island mansion off the Eastern seaboard, and one of them (a woman, I'd guess) is being targeted by a satanic cult to bear the child of hell while the others are offed in grotesque, tortuous ways. <br /><br />Okay, right there you have a cross-section of plots from ""The Exorcist"", ""The Omen"", ""Ten Little Indians"" and a few other",negative,2,"20565, 21377","I'm gettin' sick of movies that sound entertaining in a one-line synopsis then end up being equal to what you'd find in the bottom center of a compost heap.<br /><br />Who knows: ""Witchery"" may have sounded interesting in a pitch to the studios, even with a ""big name cast"" (like Blair and Hasselhoff - wink-wink, nudge-nudge) and the effervescent likes of Hildegard Knef (I dunno, some woman...).<br /><br />But on film, it just falls apart faster than a papier-mache sculpture in a rainstorm. Seems these unfortunate folks are trapped in an island mansion off the Eastern seaboard, and one of them (a woman, I'd guess) is being targeted by a satanic cult to bear the child of hell while the others are offed in grotesque, tortuous ways. <br /><br />Okay, right there you have a cross-section of plots from ""The Exorcist"", ""The Omen"", ""Ten Little Indians"" and a few other lesser movies in the satanic-worshippers-run-amok line. None of it is very entertaining and for the most part, you'll cringe your way from scene to scene until it's over.<br /><br />No, not even Linda Blair and David Hasselhoff help matters much. They're just in it to pick up a paycheck and don't seem very intent on giving it their ""all"". <br /><br />From the looks of it, Hasselhoff probably wishes he were back on the beack with Pam Anderson (and who can blame him?) and Linda... well, who knows; a celebrity PETA benefit or pro-am golf tour or whatever it is she's in to nowadays.<br /><br />And the torture scenes! Ecchhhh. You'll see people get their mouths sewn shut, dangled up inside roaring fireplaces, strung up in trees during a violent storm, vessels bursting out of their necks, etc, etc. Sheesh, and I thought ""Mark of the Devil"" was the most sadistic movie I'd seen....<br /><br />Don't bother. It's not worth your time. I can't believe I told you as much as I did. If you do watch it, just see if you can count the cliches. And yes, Blair gets possessed, as if you didn't see THAT coming down Main Street followed by a marching band.<br /><br />No stars. ""Witchery"" - these witches will give you itches."
"I'm accustomed to being patient with films because I've generally found it usually pays off. But a few works take tedium to new levels and enter the realm of provocation....""Last Year at Marienbad"" comes to mind. Well, ""Pola X"" ain't no ""Last Year at Marienbad"". I can count on one hand the number of films I've walked out on over the years. ""Pola X"" achieved membership in that august group. In my defense, I believe I made a valiant effort to stand my ground - hoping things would turn around. However, I finally threw in the towel just shy of the 90 minute mark - quite respectable under the circumstances. ""Pola X"" does not come anywhere near living up to the promise of Carax's earlier work. After a 10 year hiatus, that must have been bitter for him indeed. Melville is still spinning in his grave!",negative,2,"35330, 35613","I'm accustomed to being patient with films because I've generally found it usually pays off. But a few works take tedium to new levels and enter the realm of provocation....""Last Year at Marienbad"" comes to mind. Well, ""Pola X"" ain't no ""Last Year at Marienbad"". I can count on one hand the number of films I've walked out on over the years. ""Pola X"" achieved membership in that august group. In my defense, I believe I made a valiant effort to stand my ground - hoping things would turn around. However, I finally threw in the towel just shy of the 90 minute mark - quite respectable under the circumstances. ""Pola X"" does not come anywhere near living up to the promise of Carax's earlier work. After a 10 year hiatus, that must have been bitter for him indeed. Melville is still spinning in his grave!"
"I'd never thought that I would be caught saying this: But I think ""Dog the Bounty Hunter"" is more entertaining than this 90's era cop drama. Walker is very melodramatic and actually set a standard of the genre of ""High Octane"" cop shows such as CSI, CSI: Miami, and so forth. I'm not saying all these shows are bad, but they aren't good either. I like the karate chop action that Walker dispenses on the enemies of justice, and the diverse cast of characters as much as the science tech of the CSI series. But there are some elements that I hate in a show like this. Stereotypes/Countertypes! That's right, Stereotypes/Countertypes! Unfortunately, this is a show for the moderates of Red State America who refuse to part with the old prejudices of yore especially when it comes to crime. For example, there was an episode in which a kid with",negative,2,"33951, 47279","I'd never thought that I would be caught saying this: But I think ""Dog the Bounty Hunter"" is more entertaining than this 90's era cop drama. Walker is very melodramatic and actually set a standard of the genre of ""High Octane"" cop shows such as CSI, CSI: Miami, and so forth. I'm not saying all these shows are bad, but they aren't good either. I like the karate chop action that Walker dispenses on the enemies of justice, and the diverse cast of characters as much as the science tech of the CSI series. But there are some elements that I hate in a show like this. Stereotypes/Countertypes! That's right, Stereotypes/Countertypes! Unfortunately, this is a show for the moderates of Red State America who refuse to part with the old prejudices of yore especially when it comes to crime. For example, there was an episode in which a kid with psychic powers ventures into Dallas where he encounters group of kids in Goth/Punk clothing and they start harassing him. Now! This is exactly what Middle America perceives the Goth/Punk culture. I mean come on, how often do people that dress like that rob and steal from people just minding there own business. Whenever there are Blacks and Latinos in the plot it's always about gangs in some impoverished neighborhood. Okay! Not everyone who's a minority is a desperate recruit of a gang surrounded by crime, drugs, poverty. Again, this is what Middle Red State America sees of these people. Finally, Why is the Trivette the bumbling sidekick, can't you make the sidekick an equal ass-kicker?"
I would like to comment on how the girls are chosen. why is that their are always more white women chosen then their are black women. every episode their is always more white women then black one's. as if to say white women are better looking then black women. I would like for once see more black women then white. and it not just your show it's like that in a lot of shows always more white's. but i would have thought since you as the head honcho of the show you would see this yourself and have more black women on your show. but you are just like the rest trying to act like you are so fair and nice. you are just a big fony hypocrite.,negative,2,"36787, 44541",I would like to comment on how the girls are chosen. why is that their are always more white women chosen then their are black women. every episode their is always more white women then black one's. as if to say white women are better looking then black women. I would like for once see more black women then white. and it not just your show it's like that in a lot of shows always more white's. but i would have thought since you as the head honcho of the show you would see this yourself and have more black women on your show. but you are just like the rest trying to act like you are so fair and nice. you are just a big fony hypocrite.
"I won't lie, I rented this film because it was an ""arty"" film with some possible explicit sex. I got that scene and Catherine Deneuve's (briefly shown) breasts, but the rest of the film is just the usual long pretentious European art films with lines like ""Did I have a mother or father, I don't know"" (paraphrased). Usually delivered in long soliloquies.<br /><br />If you are curious about the transition of ""art"" to porn, might be an interesting look, with use of the fast forward button (I was still too slow!)",negative,2,"16678, 21969","I won't lie, I rented this film because it was an ""arty"" film with some possible explicit sex. I got that scene and Catherine Deneuve's (briefly shown) breasts, but the rest of the film is just the usual long pretentious European art films with lines like ""Did I have a mother or father, I don't know"" (paraphrased). Usually delivered in long soliloquies.<br /><br />If you are curious about the transition of ""art"" to porn, might be an interesting look, with use of the fast forward button (I was still too slow!)"
"I wish Depardieu had been able to finish his book and see it become a dazzling success. At least he'd have wound up with something.<br /><br />The film struck me as pointless, rambling, and very stylish, like some other recent French films. Not to knock it. Most recent American films are pointless and rambling and have no style whatever. We should be grateful, I suppose, for photography that evokes a European city in the midst of a wind-blown Continental winter, and for elliptical conversations that challenge our ability to understand what's up.<br /><br />But there can be too much of a good thing. Golubeva is found stumbling around near the sea in the middle of the freezing night, carrying on in a bad accent about dreams and such. (There are a few sequences of dreams that include things like swimming in a river of blood. You'll love it if you're",negative,2,"3642, 13267","I wish Depardieu had been able to finish his book and see it become a dazzling success. At least he'd have wound up with something.<br /><br />The film struck me as pointless, rambling, and very stylish, like some other recent French films. Not to knock it. Most recent American films are pointless and rambling and have no style whatever. We should be grateful, I suppose, for photography that evokes a European city in the midst of a wind-blown Continental winter, and for elliptical conversations that challenge our ability to understand what's up.<br /><br />But there can be too much of a good thing. Golubeva is found stumbling around near the sea in the middle of the freezing night, carrying on in a bad accent about dreams and such. (There are a few sequences of dreams that include things like swimming in a river of blood. You'll love it if you're Vlad the Impaler.) Lots of people die. Catherine Deneuve dies in a suicide by motorcycle. I don't know why. Golubeva's young girl dies too, and I don't know why she dies either. She gets slapped in the face, falls to the pavement, and dies.<br /><br />There is supposedly an explicit sex scene too. I'll have to take their word for it because, although it is stylishly photographed, it is stylishly photographed in almost complete darkness. Don't worry about the kiddies being shocked. They'll probably be asleep by this time anyway.<br /><br />Depardieu isn't a bad actor. As we see him deteriorate from a carefully groomed handsome young man -- well, handsome except that his nose can't seem to get out of his way -- to a limping, murderous, hairy physical wreck, we feel sorry for the guy. Golubeva has a wan pretty face, with enormous half-lidded eyes and wide cheeks, like a doll. Her next movie should be a remake of Lewton's ""I Walked With a Zombie."" Then there is this mysterious guy who leads a band. I guess it's a band. As far as I could make out, the band is made up of about a dozen drummers and a dozen musicians playing electric guitars. Every viewer will find the resultant sound interesting but uncultivated listeners fond of ""easy listening"" might not enjoy it. If you don't like the music, there's a payoff involved because the sinister composer and leader gets whacked over the head with Depardieu's walking stick.<br /><br />I must say, I found it barely worth sitting through. (And it's a longie, too.) At times it was like waiting in your car at a railroad crossing while a long long freight train rumbles slowly by, sometimes stopping entirely. I wish it had had a few jokes."
"I watched this movie when Joe Bob Briggs hosted Monstervision on TNT. Even he couldn't make this movie enjoyable. The only reason I watched it until the end is because I teach video production and I wanted to make sure my students never made anything this bad ... but it took all my intestinal fortitude to sit through it though. It's like watching your great grandmother flirting with a 15 year old boy ... excruciatingly painful.<br /><br />If you took the actual film, dipped it in paint thinner, then watched it, it would be more entertaining. Seriously.<br /><br />If you see this movie in the bargin bin at S-Mart, back away from it as if it were a rattlesnake.",negative,2,"5232, 9522","I watched this movie when Joe Bob Briggs hosted Monstervision on TNT. Even he couldn't make this movie enjoyable. The only reason I watched it until the end is because I teach video production and I wanted to make sure my students never made anything this bad ... but it took all my intestinal fortitude to sit through it though. It's like watching your great grandmother flirting with a 15 year old boy ... excruciatingly painful.<br /><br />If you took the actual film, dipped it in paint thinner, then watched it, it would be more entertaining. Seriously.<br /><br />If you see this movie in the bargin bin at S-Mart, back away from it as if it were a rattlesnake."
"I watched Pola X because Scott Walker composed the film score and I admire his music a lot. Frankly, I expected a somewhat pretentious and possibly incoherent French movie. I was wrong. The vision of the film quickly managed to engage my attention to the fullest - starting with the opening sequence, which shows black and white footage of military airplanes throwing bombs at graves at the sounds of music and Scott Walker's beautiful wailing voice. The film explores the identity crisis of Pierre (Guillaume Depardieu - a brilliant choice for the role) and his consequential (self-)destruction. The story is divided into two parts  the first depicts Pierre's carefree life in a beautiful house in the French countryside and the second follows his utter personal disintegration after he abandons everything and moves to Paris to live in squalor with his supposed half-sister. Both parts contain some amazingly stunning photography",positive,2,"29659, 31134","I watched Pola X because Scott Walker composed the film score and I admire his music a lot. Frankly, I expected a somewhat pretentious and possibly incoherent French movie. I was wrong. The vision of the film quickly managed to engage my attention to the fullest - starting with the opening sequence, which shows black and white footage of military airplanes throwing bombs at graves at the sounds of music and Scott Walker's beautiful wailing voice. The film explores the identity crisis of Pierre (Guillaume Depardieu - a brilliant choice for the role) and his consequential (self-)destruction. The story is divided into two parts  the first depicts Pierre's carefree life in a beautiful house in the French countryside and the second follows his utter personal disintegration after he abandons everything and moves to Paris to live in squalor with his supposed half-sister. Both parts contain some amazingly stunning photography  the first very colorful and bright, the second utterly gloomy and nearly apocalyptic - adding up to a true aesthetic feast. Pola X is a fascinating and quite unique movie experience."
"I sat through almost one episode of this series and just couldn't take anymore. It felt as though I'd watched dozens of episodes already, and then it hit me.....There's nothing new here! I've heard that joke on Seinfeld, I saw someone fall like that on friends, an episode of Happy Days had almost the same storyline, ect. None of the actors are interesting here either! Some were good on other shows (not here), and others are new to a profession they should have never entered. Avoid this stinker!",negative,2,"3790, 13964","I sat through almost one episode of this series and just couldn't take anymore. It felt as though I'd watched dozens of episodes already, and then it hit me.....There's nothing new here! I've heard that joke on Seinfeld, I saw someone fall like that on friends, an episode of Happy Days had almost the same storyline, ect. None of the actors are interesting here either! Some were good on other shows (not here), and others are new to a profession they should have never entered. Avoid this stinker!"
I was so looking forward to seeing this when it was in production.But it turned out to be the the biggest let down. A far cry from the whimsical world of Dr Seuss. It was vulgar and distasteful I don't think Dr Seuss would have approved.How the Grinch stole Christmas was much better. I understand it had some subtle adult jokes in it but my children have yet to catch on. Whereas The Cat in the Hat screamed vulgarity they caught a lot more than I would have liked.Growing up with Dr Seuss It really bothered me to see how this timeless classic got trashed on the big screen .Lets see what they do with Horton hears a who.I hope this one does Dr Seuss some justice.,negative,2,"39838, 47205",I was so looking forward to seeing this when it was in production.But it turned out to be the the biggest let down. A far cry from the whimsical world of Dr Seuss. It was vulgar and distasteful I don't think Dr Seuss would have approved.How the Grinch stole Christmas was much better. I understand it had some subtle adult jokes in it but my children have yet to catch on. Whereas The Cat in the Hat screamed vulgarity they caught a lot more than I would have liked.Growing up with Dr Seuss It really bothered me to see how this timeless classic got trashed on the big screen .Lets see what they do with Horton hears a who.I hope this one does Dr Seuss some justice.
"I was one of those ""few Americans"" that grew up with all of Gerry Andersen's marvelous creations. Thunderbirds was a great series for the time and would have made a great action/adventure movie if only the writers could have figured out where to target it.<br /><br />I expected it to be a romp, but I did not expect it to aim at such a low age group. Like Lost in Space, this could have been both visually stunning and exciting. It should have focused on more action/adventure and the goal of the original series... saving people in trouble.<br /><br />Instead, it focused on Alan saving the day instead of his brothers (who were cast too young anyway vs. the original). The breakout part was Lady Penelope and Parker. I didn't care too much for the characters in the original, but I was grateful for them in the movie. They stole",negative,2,"4156, 26412","I was one of those ""few Americans"" that grew up with all of Gerry Andersen's marvelous creations. Thunderbirds was a great series for the time and would have made a great action/adventure movie if only the writers could have figured out where to target it.<br /><br />I expected it to be a romp, but I did not expect it to aim at such a low age group. Like Lost in Space, this could have been both visually stunning and exciting. It should have focused on more action/adventure and the goal of the original series... saving people in trouble.<br /><br />Instead, it focused on Alan saving the day instead of his brothers (who were cast too young anyway vs. the original). The breakout part was Lady Penelope and Parker. I didn't care too much for the characters in the original, but I was grateful for them in the movie. They stole the show!<br /><br />I always enjoyed Thunderbirds more for the high-tech than the stories, and even that did not get enough screen time as far as I was concerned. I would have enjoyed seeing more of the cool gadgets.<br /><br />But then, I'm just a big kid... ;)"
"I was fortunate to attend the London premier of this film. While I am not at all a fan of British drama, I did find myself deeply moved by the characters and the BAD CHOICES they made. I was in tears by the end of the film. Every scene was mesmerizing. The attention to detail and the excellent acting was quite impressive.<br /><br />I would have to agree with some of the other comments here which question why all these women were throwing themselves at such a despicable character.<br /><br />*******SPOLIER ALERT******** I was also hoping that Dylan would have been killed by William when he had the chance! ****END SPOILER*****<br /><br />Keira Knightley did a great job and radiate beauty and innocence from the screen, but it was Sienna Miller's performance that was truly Oscar worthy.<br /><br />I am sure this production will be nominated for other awards.",positive,2,"5509, 18608","I was fortunate to attend the London premier of this film. While I am not at all a fan of British drama, I did find myself deeply moved by the characters and the BAD CHOICES they made. I was in tears by the end of the film. Every scene was mesmerizing. The attention to detail and the excellent acting was quite impressive.<br /><br />I would have to agree with some of the other comments here which question why all these women were throwing themselves at such a despicable character.<br /><br />*******SPOLIER ALERT******** I was also hoping that Dylan would have been killed by William when he had the chance! ****END SPOILER*****<br /><br />Keira Knightley did a great job and radiate beauty and innocence from the screen, but it was Sienna Miller's performance that was truly Oscar worthy.<br /><br />I am sure this production will be nominated for other awards."
"I want very much to believe that the above quote (specifically, the English subtitle translation), which was actually written, not spoken, in a rejection letter a publisher sends to the protagonist, was meant to be self-referential in a tongue-in-cheek manner. But if so, director Leos Carax apparently neglected to inform the actors of the true nature of the film. They are all so dreadfully earnest in their portrayals that I have to conclude Carax actually takes himself seriously here, or else has so much disdain for everyone, especially the viewing audience, that he can't be bothered letting anyone in on the joke.<br /><br />Some auteurs are able to get away with making oblique, bizarre films because they do so with élan and unique personal style (e.g., David Lynch and Alejandro Jodorowsky). Others use a subtler approach while still weaving surreal elements into the fabric of the story (e.g., Krzysztof Kieslowski,",negative,2,"717, 6479","I want very much to believe that the above quote (specifically, the English subtitle translation), which was actually written, not spoken, in a rejection letter a publisher sends to the protagonist, was meant to be self-referential in a tongue-in-cheek manner. But if so, director Leos Carax apparently neglected to inform the actors of the true nature of the film. They are all so dreadfully earnest in their portrayals that I have to conclude Carax actually takes himself seriously here, or else has so much disdain for everyone, especially the viewing audience, that he can't be bothered letting anyone in on the joke.<br /><br />Some auteurs are able to get away with making oblique, bizarre films because they do so with élan and unique personal style (e.g., David Lynch and Alejandro Jodorowsky). Others use a subtler approach while still weaving surreal elements into the fabric of the story (e.g., Krzysztof Kieslowski, and David Cronenberg's later, less bizarre works). In Pola X, Carax throws a disjointed mess at the viewer and then dares him to find fault with it. Well, here it is: the pacing is erratic and choppy, in particular continuity is often dispensed with; superfluous characters abound (e.g., the Gypsy mother and child); most of the performances are overwrought; the lighting is often poor, particularly in the oft-discussed sex scene; unconnected scenes are thrust into the film for no discernible reason; and the list goes on.<br /><br />Not to be completely negative, it should be noted that there were some uplifting exceptions. I liked the musical score, even the cacophonous industrial-techno music being played in the sprawling, abandoned complex to which the main characters retreat in the second half of the film (perhaps a reference to Andy Warhol's 'Factory' of the '60s?). Much of the photography of the countryside was beautiful, an obvious attempt at contrast with the grimy city settings. And, even well into middle-age, Cathering Deneuve shows that she still has 'it'. Her performance was also the only one among the major characters that didn't sink into bathos.<br /><br />There was an earlier time when I would regard such films as ""Pola X"" more charitably. Experimentation is admirable, even when the experiment doesn't work. But Carax tries nothing new here; the film is a pastiche of elements borrowed from countless earlier films, and after several decades of movie-viewing and literally thousands of films later, I simply no longer have the patience for this kind of unoriginal, poorly crafted tripe. At this early moment in the 21st century, one is left asking: With the exception of Jean-Pierre Jeunet, are there *any* directors in France who know how to make a watchable movie anymore? Rating: 3/10."
"I used to watch this show when I was a little girl. Although I don't remember much about it, I must say that it was a pretty good show. Also, I don't think I've seen every episode. However, if you ask me, it was still a good show. I vaguely remember the theme song. Everyone was ideally cast, the costume design was great. The performances were top-grade, too. I just hope some network brings this series back one day so that I'll be able to see every episode. Before I wrap this up, I'd like to say that I'll always remember this show in my memory forever, even though I don't think I've seen every episode. Now, in conclusion, when and if this show is ever brought back on the air, I hope that you catch it one day before it goes off the air for good.",positive,2,"18188, 45515","I used to watch this show when I was a little girl. Although I don't remember much about it, I must say that it was a pretty good show. Also, I don't think I've seen every episode. However, if you ask me, it was still a good show. I vaguely remember the theme song. Everyone was ideally cast, the costume design was great. The performances were top-grade, too. I just hope some network brings this series back one day so that I'll be able to see every episode. Before I wrap this up, I'd like to say that I'll always remember this show in my memory forever, even though I don't think I've seen every episode. Now, in conclusion, when and if this show is ever brought back on the air, I hope that you catch it one day before it goes off the air for good."
"I used to always love the bill because of its great script and characters, but lately i feel as though it has turned into an emotional type of soap. If you look at promotional pictures/posters of the bill now you will see either two of the officers hugging/kissing or something to do with friendships whereas promotional pictures of the bill a long time ago would have shown something to do with crime. This proves that it has changed a lot from being an absolutely amazing Police drama to an average type of television soap. When i watch it i feel like I'm watching a police version of Coronation Street or something similar. I have to say i still like the bill as I'm interested in Police work and that type of thing but i really miss the greatness that The Bill used to have. I want to rate it as",negative,2,"22767, 34142","I used to always love the bill because of its great script and characters, but lately i feel as though it has turned into an emotional type of soap. If you look at promotional pictures/posters of the bill now you will see either two of the officers hugging/kissing or something to do with friendships whereas promotional pictures of the bill a long time ago would have shown something to do with crime. This proves that it has changed a lot from being an absolutely amazing Police drama to an average type of television soap. When i watch it i feel like I'm watching a police version of Coronation Street or something similar. I have to say i still like the bill as I'm interested in Police work and that type of thing but i really miss the greatness that The Bill used to have. I want to rate it as 2 out of ten because you have to admit it has been totally ruined by the people who took the bill over.<br /><br />As for the script and characters they have both gone downhill, most of the great characters are gone now (although a few still remain i think) and I'm not saying that the newer characters are poor or anything because they definitely aren't, its just that they lack the tough looks, personalities and script lines that all of the old characters used to have because most of the new ones are at the moment involved with silly relationships and family trouble.<br /><br />Overall being one of the only Police programs on television these days, The Bill will always be a crappily interesting thing to watch, but like i say it has lost a lot of its uniqueness (if thats the right spelling) and would now be classed as a terrible, unreal television soap.<br /><br />Recommended to watch for a good laugh over the stupidity of the police officers involved - 2/10"
"I thought maybe a film which boasted a cast including Peter O'Toole, Susannah York, Michael Craig & Harry Andrews might be worth watching. Alas, I was wrong. Utter pretentious nonsense from beginning to end with both O'Toole and York overacting wildly. I watched it twice and still have no idea what is was about. I've a feeling O'Toole plays the Laird of a Scottish castle who has a drink problem and likes reliving childhood games with his sister (York). He is also barking mad. But apart from that, your guess is as good as mine.<br /><br />The film has no redeeming feature whatsoever. I can only assume the cast and director were blackmailed into making this dreary, unimaginative, stagy piffle. Clearly a waste of the time of a talented cast and director. Risible.",negative,2,"14805, 22647","I thought maybe a film which boasted a cast including Peter O'Toole, Susannah York, Michael Craig & Harry Andrews might be worth watching. Alas, I was wrong. Utter pretentious nonsense from beginning to end with both O'Toole and York overacting wildly. I watched it twice and still have no idea what is was about. I've a feeling O'Toole plays the Laird of a Scottish castle who has a drink problem and likes reliving childhood games with his sister (York). He is also barking mad. But apart from that, your guess is as good as mine.<br /><br />The film has no redeeming feature whatsoever. I can only assume the cast and director were blackmailed into making this dreary, unimaginative, stagy piffle. Clearly a waste of the time of a talented cast and director. Risible."
"I thought Rachel York was fantastic as ""Lucy."" I have seen her in ""Kiss Me, Kate"" and ""Victor/Victoria,"" as well, and in each of these performances she has developed very different, and very real, characterizations. She is a chameleon who can play (and sing) anything!<br /><br />I am very surprised at how many negative reviews appear here regarding Rachel's performance in ""Lucy."" Even some bonafide TV and entertainment critics seem to have missed the point of her portrayal. So many people have focused on the fact that Rachel doesn't really look like Lucy. My response to that is, ""So what?"" I wasn't looking for a superficial impersonation of Lucy. I wanted to know more about the real woman behind the clown. And Rachel certainly gave us that, in great depth. I also didn't want to see someone simply ""doing"" classic Lucy routines. Therefore I was very pleased with the decision",positive,2,"1078, 36218","I thought Rachel York was fantastic as ""Lucy."" I have seen her in ""Kiss Me, Kate"" and ""Victor/Victoria,"" as well, and in each of these performances she has developed very different, and very real, characterizations. She is a chameleon who can play (and sing) anything!<br /><br />I am very surprised at how many negative reviews appear here regarding Rachel's performance in ""Lucy."" Even some bonafide TV and entertainment critics seem to have missed the point of her portrayal. So many people have focused on the fact that Rachel doesn't really look like Lucy. My response to that is, ""So what?"" I wasn't looking for a superficial impersonation of Lucy. I wanted to know more about the real woman behind the clown. And Rachel certainly gave us that, in great depth. I also didn't want to see someone simply ""doing"" classic Lucy routines. Therefore I was very pleased with the decision by the producers and director to have Rachel portray Lucy in rehearsal for the most memorable of these skits - Vitameatavegamin and The Candy Factory. (It seems that some of the reviewers didn't realize that these two scenes were meant to be rehearsal sequences and not the actual skits). This approach, I thought, gave an innovative twist to sketches that so many of us know by heart. I also thought Rachel was terrifically fresh and funny in these scenes. And she absolutely nailed the routines that were recreated - the Professor and the Grape Stomping, in particular. There was one moment in the Grape scene where the corner of Rachel's mouth had the exact little upturn that I remember Lucy having. I couldn't believe she was able to capture that - and so naturally.<br /><br />I wonder if many of the folks who criticized the performance were expecting to see the Lucille Ball of ""I Love Lucy"" throughout the entire movie. After all, those of us who came to know her only through TV would not have any idea what Lucy was really like in her early movie years. I think Rachel showed a natural progression in the character that was brilliant. She planted all the right seeds for us to see the clown just waiting to emerge, given the right set of circumstances. Lucy didn't fit the mold of the old studio system. In her frustrated attempts to become the stereotypical movie star of that era, she kept repressing what would prove to be her ultimate gifts.<br /><br />I believe that Rachel deftly captured the comedy, drama, wit, sadness, anger, passion, love, ambition, loyalty, sexiness, self absorption, childishness, and stoicism all rolled into one complex American icon. And she did it with an authenticity and freshness that was totally endearing. ""Lucy"" was a star turn for Rachel York. I hope it brings a flood of great roles her way in the future. I also hope it brings her an Emmy."
"I think this programme is a load of rubbish. All they do is argue and slap each other across the face and they call this acting?! These people get paid lots of money for this and most of them can't even act to save their lives. Also, the story lines are awful and after watching it for a few minutes, I am bored with it. I like the way that Harry Hill takes the mickey out of it on his TV show 'TV Burp' e.g. the weak joke ""The Princess and the Pea isn't exactly Shakespeare is it?"" that had Sonia and Naomi in stitches. I don't see how that is funny. I think this is a waste of everybody's money for their TV licence so this can be shown 4/5 days a week. Isn't there anything better than this?",negative,2,"29904, 41699","I think this programme is a load of rubbish. All they do is argue and slap each other across the face and they call this acting?! These people get paid lots of money for this and most of them can't even act to save their lives. Also, the story lines are awful and after watching it for a few minutes, I am bored with it. I like the way that Harry Hill takes the mickey out of it on his TV show 'TV Burp' e.g. the weak joke ""The Princess and the Pea isn't exactly Shakespeare is it?"" that had Sonia and Naomi in stitches. I don't see how that is funny. I think this is a waste of everybody's money for their TV licence so this can be shown 4/5 days a week. Isn't there anything better than this?"
"I saw this movie twice. I can't believe Pintilie made such a fantasy movie. I'm also a movie/theatre director and I know what I speak. This is not Romania anymore, but I see the events are happening in the same period with the incident from 11 September. No story, no plot, nothing. No conclusion, no message, nothing profound, nothing hidden. Just empty images.<br /><br />What most of Romanians don't know, this movie is for the french viewers, not for us. They really believe that is the reality in Romania. Also for teenagers. Pintilie should stop making movies. I don't really know if we can call this a movie, maybe a horror :) And we wonder why we've got such an image in Europe. This WAS a reality, but isn't anymore. A good friend of mine from the Brithish embassy said: ""You have no idea what a long way Romanian people",negative,2,"21059, 30991","I saw this movie twice. I can't believe Pintilie made such a fantasy movie. I'm also a movie/theatre director and I know what I speak. This is not Romania anymore, but I see the events are happening in the same period with the incident from 11 September. No story, no plot, nothing. No conclusion, no message, nothing profound, nothing hidden. Just empty images.<br /><br />What most of Romanians don't know, this movie is for the french viewers, not for us. They really believe that is the reality in Romania. Also for teenagers. Pintilie should stop making movies. I don't really know if we can call this a movie, maybe a horror :) And we wonder why we've got such an image in Europe. This WAS a reality, but isn't anymore. A good friend of mine from the Brithish embassy said: ""You have no idea what a long way Romanian people walked from Ceausescu""."
I've read the book 'Scarlett' and was expecting a good movie the first time I saw it. I'm afraid to say that I was disappointed. The movie did not follow the book and made many changes that I did not like. <br /><br />One of the changes that I did not like the way that Lord Fenton was portrayed. It made no sense to make him out to be a bad man. The way that things ended between Lord Fenton and Scarlett was a lot different and their whole relationship was too intimate. <br /><br />There was also a lot less confrontation between Scarlett and Rhett in the movie than was originally written in the book. The movie sent the two in two completely opposite ways and they did not seem to cross paths often enough to make it seem like there still could be love between the two. A,negative,2,"14433, 31423","I've read the book 'Scarlett' and was expecting a good movie the first time I saw it. I'm afraid to say that I was disappointed. The movie did not follow the book and made many changes that I did not like. <br /><br />One of the changes that I did not like the way that Lord Fenton was portrayed. It made no sense to make him out to be a bad man. The way that things ended between Lord Fenton and Scarlett was a lot different and their whole relationship was too intimate. <br /><br />There was also a lot less confrontation between Scarlett and Rhett in the movie than was originally written in the book. The movie sent the two in two completely opposite ways and they did not seem to cross paths often enough to make it seem like there still could be love between the two. A fine movie, but I believe that it certainly could've been better than it was, had it more true to Alexandra Rippley's book."
"I've seen some bad things in my time. A half dead cow trying to get out of waist high mud; a head on collision between two cars; a thousand plates smashing on a kitchen floor; human beings living like animals.<br /><br />But never in my life have I seen anything as bad as The Cat in the Hat.<br /><br />This film is worse than 911, worse than Hitler, worse than Vllad the Impaler, worse than people who put kittens in microwaves.<br /><br />It is the most disturbing film of all time, easy.<br /><br />I used to think it was a joke, some elaborate joke and that Mike Myers was maybe a high cocaine sniffing drug addled betting junkie who lost a bet or something.<br /><br />I shudder",negative,2,"8913, 33605","I've seen some bad things in my time. A half dead cow trying to get out of waist high mud; a head on collision between two cars; a thousand plates smashing on a kitchen floor; human beings living like animals.<br /><br />But never in my life have I seen anything as bad as The Cat in the Hat.<br /><br />This film is worse than 911, worse than Hitler, worse than Vllad the Impaler, worse than people who put kittens in microwaves.<br /><br />It is the most disturbing film of all time, easy.<br /><br />I used to think it was a joke, some elaborate joke and that Mike Myers was maybe a high cocaine sniffing drug addled betting junkie who lost a bet or something.<br /><br />I shudder"
"I've seen this movie twice already and am very impressed with it.<br /><br />The conversations between Nimi and her mother plus Nimi and Matthew are very touching. The Nigerian community is shown very truthfully and as colourfully as it usually is.<br /><br />Although certain things could have done with a bit more explanation; if we knew why Matthew was in the South of France in the first place, the scenes following Matthew being found in his car would be more understandable.<br /><br />Luckily, Optimum Releasing have a website that has detailed production notes that help to make such scenes better to understand.<br /><br />I would go and see it again but unfortunately it had a limited release in London and is not longer available to see. I hope the video release gets it to a bigger audience because the film deserves it.",positive,2,"31335, 42385","I've seen this movie twice already and am very impressed with it.<br /><br />The conversations between Nimi and her mother plus Nimi and Matthew are very touching. The Nigerian community is shown very truthfully and as colourfully as it usually is.<br /><br />Although certain things could have done with a bit more explanation; if we knew why Matthew was in the South of France in the first place, the scenes following Matthew being found in his car would be more understandable.<br /><br />Luckily, Optimum Releasing have a website that has detailed production notes that help to make such scenes better to understand.<br /><br />I would go and see it again but unfortunately it had a limited release in London and is not longer available to see. I hope the video release gets it to a bigger audience because the film deserves it."
"I've tried to reconcile why so many bad reviews of this film, while the vast majority of reviews are given a rating of between 7 and 10. The reason may be this film is kind of hard to describe in a positive review, although a few have done that quite nicely already. This film is confusing, depressing, and doesn't have a happy ending. I still gave Pola X a rating of 10, because it is basically for me literature and art combined on film. That is really my favorite kind of filmmaking. I've only seen two of Carax's films: this one and Mauvis Sang. As with this film, I'm being somewhat pretentious when I call this one of Carax's best films- but I am. Carax has a minimalist style. If that type of film does not appeal to you and is boring, then it would be best not to watch",positive,2,"1196, 38176","I've tried to reconcile why so many bad reviews of this film, while the vast majority of reviews are given a rating of between 7 and 10. The reason may be this film is kind of hard to describe in a positive review, although a few have done that quite nicely already. This film is confusing, depressing, and doesn't have a happy ending. I still gave Pola X a rating of 10, because it is basically for me literature and art combined on film. That is really my favorite kind of filmmaking. I've only seen two of Carax's films: this one and Mauvis Sang. As with this film, I'm being somewhat pretentious when I call this one of Carax's best films- but I am. Carax has a minimalist style. If that type of film does not appeal to you and is boring, then it would be best not to watch this. But Pola X was less minimalist than Mauvis Sang, so it had quite a lot of intensity for a thriller- at least for my taste. I found it quite interesting and absorbing. The two lead roles did an excellent job acting. (I mean the lead and the young woman he thought was his half sister.) Catherine D. is always great, but her role was not very large or significant in the story. But everyone did a fine job. I thought the cult stuff was great. It may have not been very believable, but that is due to its being rather abstract. There is a lot going on between the lines in this film. This is a very Freudian psycho-thriller."
"Isabelle Huppert is a wonderful actor. The director of ""La Pianiste"" understands this, providing the viewer with long takes of Huppert's face, and these are a pleasure to see. Huppert is not an animated actor--she registers emotion with the smallest lift of an eyebrow or flicker of a smile.<br /><br />Other than the enjoyment of watching an experienced actor excel in her profession, there is nothing in this movie that makes me want to recommend it. (Well, if you enjoy self-mutilation, sado-masochism, and bizarre behavior, ""La Pianiste"" might work for you. Other than these attributes, I could not find any redeeming value in it.)<br /><br />Buried in all this strange material there is a kernel of truth. People who compete at the very highest level--musically, athletically, whatever--begin as strange people, and are shaped into stranger people by the competitive environment.<br /><br />Not worth a trip to a movie theater to",negative,2,"12657, 13811","Isabelle Huppert is a wonderful actor. The director of ""La Pianiste"" understands this, providing the viewer with long takes of Huppert's face, and these are a pleasure to see. Huppert is not an animated actor--she registers emotion with the smallest lift of an eyebrow or flicker of a smile.<br /><br />Other than the enjoyment of watching an experienced actor excel in her profession, there is nothing in this movie that makes me want to recommend it. (Well, if you enjoy self-mutilation, sado-masochism, and bizarre behavior, ""La Pianiste"" might work for you. Other than these attributes, I could not find any redeeming value in it.)<br /><br />Buried in all this strange material there is a kernel of truth. People who compete at the very highest level--musically, athletically, whatever--begin as strange people, and are shaped into stranger people by the competitive environment.<br /><br />Not worth a trip to a movie theater to relearn this life lesson. <br /><br />"
"Is there any other time period that has been so exhaustively covered by television (or the media in general) as the 1960s? No. And do we really need yet another trip through that turbulent time? Not really. But if we must have one, does it have to be as shallow as ""The '60s""? <br /><br />I like to think that co-writers Bill Couturie and Robert Greenfield had more in mind for this two-part miniseries than what ultimately resulted, especially given Couturie's involvement in the superb HBO movie ""Dear America: Letters Home From Vietnam"" which utilized little original music and no original footage, letting the sights and sounds of the time speak for themselves. This presentation intercuts file footage with the dramatic production, but it doesn't do anyone any favours by trying to do too much in too little time; like so many of its ilk, it's seen from the point",negative,2,"40259, 47023","Is there any other time period that has been so exhaustively covered by television (or the media in general) as the 1960s? No. And do we really need yet another trip through that turbulent time? Not really. But if we must have one, does it have to be as shallow as ""The '60s""? <br /><br />I like to think that co-writers Bill Couturie and Robert Greenfield had more in mind for this two-part miniseries than what ultimately resulted, especially given Couturie's involvement in the superb HBO movie ""Dear America: Letters Home From Vietnam"" which utilized little original music and no original footage, letting the sights and sounds of the time speak for themselves. This presentation intercuts file footage with the dramatic production, but it doesn't do anyone any favours by trying to do too much in too little time; like so many of its ilk, it's seen from the point of view of one family. But the children of the family seem to be involved tangentially with almost every major event of the '60s (it's amazing that one of them doesn't go to the Rolling Stones gig at Altamont), making it seem less like a period drama and more like a Cliff Notes version of the decade.<br /><br />The makers rush through it so much that there's little or no time to give the characters any character, with the stick figures called our protagonists off screen for ages at a time - the children's father is especially clichéd - and then when they're back on BLAMMO! it's something else. Garry Trudeau could teach the filmmakers a thing or two about doing this kind of thing properly. In fairness, Jerry O'Connell, Jordana Brewster, Jeremy Sisto, Julia Stiles and Charles S. Dutton give their material the old college try, but they're wasted (especially the latter two); it's undeniably good to see David Alan Grier in a rare straight role as activist Fred Hampton, and Rosanna Arquette (in an uncredited cameo in part 2) is always welcome.<br /><br />What isn't welcome is how ""The '60s"" drowns the soundtrack with so many period songs that it ultimately reduces its already minimal effect (and this may well be the only time an American TV presentation about post-60s America never mentions the British Invasion - no Beatles, no Rolling Stones... then again, there's only so much tunes you can shoehorn into a soundtrack album, right?). Capping its surface-skimming approach to both the time and the plot with an almost out-of-place happy ending, ""American Dreams"" and ""The Wonder Years"" did it all much, much better. Nothing to see here you can't see elsewhere, people... except for Julia Stiles doing the twist, that is."
"Inappropriate. The PG rating that this movie gets is yet another huge misstep by the MPAA. Whale Rider gets a PG-13 but this movie gets a PG? Please. Parents don't be fooled, taking an elementary school child to this movie is a huge mistake. There were numerous times I found myself being uncomfortable not just because the humor was inappropriate for kids, but also because it was totally out of the blue and unnecessary.<br /><br />But all that aside, The Cat in the Hat is still a terrible movie. The casting and overall look of the movie are the only saving graces. The beautiful Kelly Preston and the always likeable (or hateable in this case) Alec Baldwin are both good in their roles even though Preston is almost too beautiful for a role like this. The kids are conditioned actors and it shows, especially with Dakota Fanning. Fanning is the",negative,2,"21940, 31842","Inappropriate. The PG rating that this movie gets is yet another huge misstep by the MPAA. Whale Rider gets a PG-13 but this movie gets a PG? Please. Parents don't be fooled, taking an elementary school child to this movie is a huge mistake. There were numerous times I found myself being uncomfortable not just because the humor was inappropriate for kids, but also because it was totally out of the blue and unnecessary.<br /><br />But all that aside, The Cat in the Hat is still a terrible movie. The casting and overall look of the movie are the only saving graces. The beautiful Kelly Preston and the always likeable (or hateable in this case) Alec Baldwin are both good in their roles even though Preston is almost too beautiful for a role like this. The kids are conditioned actors and it shows, especially with Dakota Fanning. Fanning is the only human aspect of the film that kept me watching and not throwing things at the screen.<br /><br />Did I mention there was an oversized talking cat in this movie? Mike Myers is absolutely deplorable. I didn't like him as the voice of Shrek, and I truly believe now that Myers should not be allowed near the realm of children's films ever again. His portrayal of The Cat is a slightly toned down version of Fat Bastard and Austin Powers.<br /><br />In the end, the cat should not have come, he should have stayed away, but he came, even if just for a day, he ruined 82 minutes of my life, 82 minutes of personal anger and strife.<br /><br />The Cat in the Hat may be the worst kids movie ever."
"In watching this off and on for a few seasons, two things come to mind: One - wondering what kind of girl wants to be a ""model"" and two - run to the nearest ice cream store and have a low fat sundae.<br /><br />I tried to be a fan because I liked the idea of this reality show competition. No other ""famous"" model thought of this, and it is very admirable for Tyra Banks to do so. But as the series goes on and on I've come to the conclusion that this is a sorry lot of folks trying to make a mountain out of a molehill. Women shouldn't watch this, teens should stay clear of it unless they're doing book reports on the subject.<br /><br />Many women try out for slots to compete for ""Americas Next Top Model"". They live together, cat fight together, cry together, get put",negative,2,"27150, 44346","In watching this off and on for a few seasons, two things come to mind: One - wondering what kind of girl wants to be a ""model"" and two - run to the nearest ice cream store and have a low fat sundae.<br /><br />I tried to be a fan because I liked the idea of this reality show competition. No other ""famous"" model thought of this, and it is very admirable for Tyra Banks to do so. But as the series goes on and on I've come to the conclusion that this is a sorry lot of folks trying to make a mountain out of a molehill. Women shouldn't watch this, teens should stay clear of it unless they're doing book reports on the subject.<br /><br />Many women try out for slots to compete for ""Americas Next Top Model"". They live together, cat fight together, cry together, get put through pointless modeling shoots with pointless modeling people and fashionatas and get eliminated and almost all of them claim, ""You will see me again"". Heck, I'm trying to see what happened to the ones that DID win, actually.<br /><br />This is the dream of some girls, and good for them. In watching this I hope the other girls that see this and run like Hades the other way - like to college.<br /><br />I just happened to watch more of this recent season because of the ""ploy"" of full figured models joining the group. That even made me think more of this as a sorry lot of folks. The ""full figured models"" were no more than average sized ladies competing with what I think is the thinnest group of models they ever chose - so of course that would make them look even fatter - a ""ploy"" fashionatas use all the time. Bad, bad, Tyra and crew.<br /><br />But to be fair, ""Americas Next Top Model"" is not about ""full figured"" models, it's about projecting an imagined image a beauty that can be mass marketed and sold as the ultimate in beauty - and this show is just looking for the next fresh piece of meat to add to the mix. Hence the name of the show. Hence the sorry lot of judges, photographers, associations. Hence Tyra and her consistent ""this was me"" plugs every camera angle you can get. But then again, that IS the one thing I like about this show - the ex-model giving others who wouldn't have the chance -- a chance to enter the doors. But after that...everything else is status quo for that industry which is why there are no surprises or week to week interest in the program."
"In all, it took me three attempts to get through this movie. Although not total trash, I've found a number of things to be more useful to dedicate my time to, such as taking off my fingernails with sandpaper.<br /><br />The actors involved have to feel about the same as people who star in herpes medication commercials do; people won't really pay to see either, the notoriety you earn won't be the best for you personally, but at least the commercials get air time.<br /><br />The first one was bad, but this gave the word bad a whole new definition, but it does have one good feature: if your kids bug you about letting them watch R-rated movies before you want them to, tie them down and pop this little gem in. Watch the whining stop and the tears begin. ;)",negative,2,"17226, 31460","In all, it took me three attempts to get through this movie. Although not total trash, I've found a number of things to be more useful to dedicate my time to, such as taking off my fingernails with sandpaper.<br /><br />The actors involved have to feel about the same as people who star in herpes medication commercials do; people won't really pay to see either, the notoriety you earn won't be the best for you personally, but at least the commercials get air time.<br /><br />The first one was bad, but this gave the word bad a whole new definition, but it does have one good feature: if your kids bug you about letting them watch R-rated movies before you want them to, tie them down and pop this little gem in. Watch the whining stop and the tears begin. ;)"
"In all truth, this really isn't a ""movie"" so much as an extended final episode; by this I mean that, had you NOT followed the TV series (Homicide: Life On The Street) I suspect that you would have a hard time following this made-for-tv movie. Having said that, ""Homicide: The Movie"" is still a great watch. I think it says a lot about a television production that EVERY single cast member would return, many after years of absence, to once again portray their characters and bring closure to an incredible program. The movie brings out that sense of ""family"", not only amongst the characters, but amongst the actors, as well. It's all very bitter-sweet knowing that this will be the LAST time we will see them all together again under the title of HOMICIDE. Story-wise, I found this film somewhat lacking. Giardello's mayoral candidacy seems particularly contrived, and I felt",positive,2,"8236, 42607","In all truth, this really isn't a ""movie"" so much as an extended final episode; by this I mean that, had you NOT followed the TV series (Homicide: Life On The Street) I suspect that you would have a hard time following this made-for-tv movie. Having said that, ""Homicide: The Movie"" is still a great watch. I think it says a lot about a television production that EVERY single cast member would return, many after years of absence, to once again portray their characters and bring closure to an incredible program. The movie brings out that sense of ""family"", not only amongst the characters, but amongst the actors, as well. It's all very bitter-sweet knowing that this will be the LAST time we will see them all together again under the title of HOMICIDE. Story-wise, I found this film somewhat lacking. Giardello's mayoral candidacy seems particularly contrived, and I felt his shooting could've been dealt with within the parameters of his regular position, as Leiutenant. Also, Det. Bayliss's extreme plot twist, which was left hanging at series end, is finally resolved, but I, for one, NEVER felt that it needed to be; I enjoyed being left with a mystery (let us recall that the very first episode's first case also went unsolved for the entire series run!). As a DEVOTED fan of the TV series I can love this movie, and the fact that it even got made after H:LOTS had been canceled, but I would not recommend it to anyone who hasn't had the slightest exposure to the series. Now, if they'd just release it on DVD..."
"In a way, Corridors of Time is a success story because the movie reaches its goal : being seen by thousands. But it fails at making them laugh...<br /><br />Les Visiteurs has had its success, because the subject was an original way of considering the time travel : forget about Zemeckis's Back to the future, here comes the old France, the middle-age knight and its nearly barbaric way of life. Full of pride, funny thanks to the ancient words he uses, Montmirail can sometimes be disgusting but he keeps his honor. Then comes the sequel.<br /><br />Nobody had foreseen the tremendous success of Les Visiteurs, the first. And it's no use being a movie expert to realize that the Corridors of Time has been made for money.<br /><br />The general story begins after the end of Les Visiteurs, and immediately tries to justify the sequel with a time paradox that",negative,2,"21603, 43907","In a way, Corridors of Time is a success story because the movie reaches its goal : being seen by thousands. But it fails at making them laugh...<br /><br />Les Visiteurs has had its success, because the subject was an original way of considering the time travel : forget about Zemeckis's Back to the future, here comes the old France, the middle-age knight and its nearly barbaric way of life. Full of pride, funny thanks to the ancient words he uses, Montmirail can sometimes be disgusting but he keeps his honor. Then comes the sequel.<br /><br />Nobody had foreseen the tremendous success of Les Visiteurs, the first. And it's no use being a movie expert to realize that the Corridors of Time has been made for money.<br /><br />The general story begins after the end of Les Visiteurs, and immediately tries to justify the sequel with a time paradox that would have needed some second tought. Explanation : it's no use trying to get back the jewelry Jacquouille has stolen ; don't you remember this nice red shiny and expensive car he bought at the end of the 1st episode ? Where do you think he found the money ? Selling the jewelry... And that's only one of many holes Poiré tries to avoid... and fails.<br /><br />Let's have a look at the characters : Montmirail doesn't change, he's just a little more boring. Regarding Frenegonde... that's another story : Valérie Lemercier decided not to compromise herself in this sequel to avoid getting stuck in the bourgeoise role. And Muriel Robin tries to imitate her in a way that I found so pitiful I nearly felt pain for her. And Poiré doesn't realize that a cast of humorists isn't enough to make a good comedy.<br /><br />Forget about the time travels, about the digital effects, concentrate on the story and you'll see that there's enough room on a mail stamp to write it 10 times.<br /><br />The main interest of this film is the landscapes. A movie for youngsters, let's say up to 13 years old."
"In a movie that follows a struggling actor, played, evidently, by a struggling actor, this does no favours for Chris Klein. He struggles to bring anything memorable to the role and meanders on through the shallow script managing to display, what could only be described as, a bland leading man. The story exists, but that is all, and fails to show any basic start, middle and end and the viewer is left shrugging his shoulders feeling as though nothing in the past hour and three quarters has really happened.<br /><br />One bright light in the midst of this is Fred Durst, who manages to stand out above his seemingly averagely talented co-stars and does a semi-decent job of bringing the backward character of Legde to life. Whether Fred can re-create this when working with a higher calibre of cast remains to be seen but I'l be watching out for him",negative,2,"14047, 30347","In a movie that follows a struggling actor, played, evidently, by a struggling actor, this does no favours for Chris Klein. He struggles to bring anything memorable to the role and meanders on through the shallow script managing to display, what could only be described as, a bland leading man. The story exists, but that is all, and fails to show any basic start, middle and end and the viewer is left shrugging his shoulders feeling as though nothing in the past hour and three quarters has really happened.<br /><br />One bright light in the midst of this is Fred Durst, who manages to stand out above his seemingly averagely talented co-stars and does a semi-decent job of bringing the backward character of Legde to life. Whether Fred can re-create this when working with a higher calibre of cast remains to be seen but I'l be watching out for him in future."
"In a college dorm a guy is killed by somebody with a scythe. His girlfriend Beth (Dorie Barton) discovers him and tries to commit suicide. She's institutionalized. A year later she's out, has a new boyfriend named Hank (Joseph Lawrence) and is about to spend Spring Break with Hank and four other mindless friends in a BIG, beautiful condo in Florida. Naturally the killer pops up (for no reason) and starts killing again.<br /><br />Lousy slasher thriller--a textbook example of how NOT to do a low-budget horror movie. For starters, large portions of this film are ENDLESS filler of these six idiots videotaping themselves, having ""fun"" (more fun than the audience), getting drunk, acting stupid etc etc. Also there is NO nudity in here at all. I'm not saying a horror film needs nudity but ANYTHING to liven this up would have helped. None of the deaths are really shown",negative,2,"28097, 29865","In a college dorm a guy is killed by somebody with a scythe. His girlfriend Beth (Dorie Barton) discovers him and tries to commit suicide. She's institutionalized. A year later she's out, has a new boyfriend named Hank (Joseph Lawrence) and is about to spend Spring Break with Hank and four other mindless friends in a BIG, beautiful condo in Florida. Naturally the killer pops up (for no reason) and starts killing again.<br /><br />Lousy slasher thriller--a textbook example of how NOT to do a low-budget horror movie. For starters, large portions of this film are ENDLESS filler of these six idiots videotaping themselves, having ""fun"" (more fun than the audience), getting drunk, acting stupid etc etc. Also there is NO nudity in here at all. I'm not saying a horror film needs nudity but ANYTHING to liven this up would have helped. None of the deaths are really shown (you hear them), are only a little bloody and there is no gore. There's one REAL gruesome one--but that's not till the end.<br /><br />With a few exceptions the acting sucks. Dorie Barton is dreadful as the main woman and Tom Jay Jones is lousy as Oz. Chad Allen pops up as Brad and he's TERRIBLE. Lawrence is actually very good--handsome and hunky and giving this crap his all. And Jeff Conaway pops up in a small role doing a pretty good job.<br /><br />Logic lapses abound--after they realize a friend has been killed two of the girls casually talk about sex; Baston's non reaction to seeing a friend getting killed is kind of funny and WHAT happens to Lawrence? His character disappears without a trace at the end! Dull, stupid, no gore, no nudity--skip this one."
"In The Book of Life, Martin Donovan plays Jesus, who shows up at JFK airport on December 31 to usher in the new millennium by battling with Thomas Jay Ryan (Satan) and deciding the fate of the world. There is also David Simonds (Kurt the accountant from Amateur) as a compulsive, homeless gambler.<br /><br />As usual, Hartley creates a surreal world in which the beauty of the ordinary made strange and otherworldly flows through artfully-framed scenes and urban/industrial landscapes filled with dazzling light and shadow. As usual, he introduces seemingly incidental details early, then brings them back later in hilarious and unexpected contexts--the humor is simple, but giddy and irrepressible. Hartley has an amazing ability to build toward small and rapturous moments of the simultaneously mundane and outrageous. As usual, he creates a tone that is jaded and world-weary but at the same time, vulnerable, open, and honest. He moves",positive,2,"21720, 22635","In The Book of Life, Martin Donovan plays Jesus, who shows up at JFK airport on December 31 to usher in the new millennium by battling with Thomas Jay Ryan (Satan) and deciding the fate of the world. There is also David Simonds (Kurt the accountant from Amateur) as a compulsive, homeless gambler.<br /><br />As usual, Hartley creates a surreal world in which the beauty of the ordinary made strange and otherworldly flows through artfully-framed scenes and urban/industrial landscapes filled with dazzling light and shadow. As usual, he introduces seemingly incidental details early, then brings them back later in hilarious and unexpected contexts--the humor is simple, but giddy and irrepressible. Hartley has an amazing ability to build toward small and rapturous moments of the simultaneously mundane and outrageous. As usual, he creates a tone that is jaded and world-weary but at the same time, vulnerable, open, and honest. He moves within minutes from uproarious humor into language that is metaphysical and poetic-the kind of writing that is so dead-on and perfect that it's difficult to hold back tears despite the lack of obvious emotion. Another awesome and highly entertaining film. The Book of Life is shot (a digital camera?) with a blurry effect: a sense of the celestial hand-in-hand with impending doom and a hyper-awareness of the present as fragile and fleeting in it's last moments. All of Hartley's films have a way of prioritizing the present, but this unique effect compounds it as the images wash across the screen in a way that is at first jarring, but becomes increasingly beautiful as you settle into it. The final shot is spectacular. All this may sound precious, but the film is a comedy and it makes fun of itself even as it makes fun of the concept of Armageddon, Judgment Day, and `urbanity.' Although it is actually quite profound, moving, and life-affirming, it is for the most part lighthearted and playful. The acting is flawless in terms of the kind of the subdued tone that Hartley has developed in his films (a tone that some people don't get and that prompts them to judge such acting as hollow--the same people who have a negative response to Peter Greenaway). As always, there are bound to be people who respond to this film with cynicism and scorn-people put off by Hartley's abrupt shifts and what they see to be pretentious or mannerist techniques, but who has time to consider the opinions of such dull and callous fools? Anyone who is a Hartley fan will love this film-if they can get a chance to see it, that is. It's hard to say what it would be like on video."
"In 1993, ""the visitors"" was an enormous hit in France. So, the sequence was inevitable and unfortunately, this sequence ranks among the worst ones ever made. <br /><br />This is a movie that doesn't keep its promises. Indeed, it's supposed to tell a sole story. Jean Reno must go in the twentieth century and take Christian Clavier back in the Middle Ages so that time can normally follow its course. The problem is that Clavier feels completely at ease in the world of the twentieth century, and so make him get back in the Middles Ages is rather hard... Instead of this, the movie goes on several other stories without succeeding in following the main plot. As a consequence, the movie becomes sometimes muddle-headed, sometimes a bit of a mess.<br /><br />But the movie also suffers from the performance of nearly all the actors. Reno and Clavier fall into the",negative,2,"2353, 27754","In 1993, ""the visitors"" was an enormous hit in France. So, the sequence was inevitable and unfortunately, this sequence ranks among the worst ones ever made. <br /><br />This is a movie that doesn't keep its promises. Indeed, it's supposed to tell a sole story. Jean Reno must go in the twentieth century and take Christian Clavier back in the Middle Ages so that time can normally follow its course. The problem is that Clavier feels completely at ease in the world of the twentieth century, and so make him get back in the Middles Ages is rather hard... Instead of this, the movie goes on several other stories without succeeding in following the main plot. As a consequence, the movie becomes sometimes muddle-headed, sometimes a bit of a mess.<br /><br />But the movie also suffers from the performance of nearly all the actors. Reno and Clavier fall into the trap that however they could avoid in the first movie: they're going over the top and become annoying. Then, why did Jean-Marie Poiré the film-maker engage Muriel Robin in the female main role? He made a mistake because she seems ill-at-ease and is absolutely pitiful. The other actors aren't better: Marie-Anne Chazel is nonexistent and Christian Bujeau, unbearable.<br /><br /> Of course, the movie contains a few good moments with efficient gags but it often falls into vulgarity and easiness. Certain sequences and dialogs are affected. It also appears hollow because Poiré takes back elements that secured the success of the first movie. Thus, a young girl takes Reno for a close relative of her family and asks him to take part in her wedding.<br /><br />A labored and disappointing follow-up. Anyway, what's the interest of this movie otherwise commercial?<br /><br />"
Im a huge M Lillard fan that's why I ended up watching this movie. Honestly I doubt that if he wasn't in the movie i would of enjoyed it as much or even watched it but once I did watch it realize the story was pretty decent. A bad ending I must say but I did see it coming. It's a low budget movie and some of the actors weren't really good but all in all I rated this movie 7/10.<br /><br />The suspense of wondering what Lillard was actually up to was what really keeped me interested in this movie.<br /><br />Its a good rental!<br /><br />7/10,positive,2,"16919, 36835",Im a huge M Lillard fan that's why I ended up watching this movie. Honestly I doubt that if he wasn't in the movie i would of enjoyed it as much or even watched it but once I did watch it realize the story was pretty decent. A bad ending I must say but I did see it coming. It's a low budget movie and some of the actors weren't really good but all in all I rated this movie 7/10.<br /><br />The suspense of wondering what Lillard was actually up to was what really keeped me interested in this movie.<br /><br />Its a good rental!<br /><br />7/10
"Ill-conceived sequel(..the absurd idea of having the killer snowman on the rampage at an island resort where there is no snow or cold weather)brings back the spirit of the psychopath, returning thanks to a scientific experiment providing foreign elements which reintroduce life to his molecules(..it's the best I could do to explain this preposterous concept).<br /><br />I could go into depth about how he winds up at the island in order to slay numerous tourists, but I simply find no reason to bother because it'd all be so exhausting. Anyway, the filmmakers think it wise to kill off the pretty girls not ten minutes after their arrival(..I mean seriously, why worry with even introducing them to us if we can't enjoy our eye candy no longer that this?!).<br /><br />The ""snow anvil"" murder scene takes the cake. Ice icicles protrude from the beach's sand so that a victim can fall",negative,2,"44633, 46779","Ill-conceived sequel(..the absurd idea of having the killer snowman on the rampage at an island resort where there is no snow or cold weather)brings back the spirit of the psychopath, returning thanks to a scientific experiment providing foreign elements which reintroduce life to his molecules(..it's the best I could do to explain this preposterous concept).<br /><br />I could go into depth about how he winds up at the island in order to slay numerous tourists, but I simply find no reason to bother because it'd all be so exhausting. Anyway, the filmmakers think it wise to kill off the pretty girls not ten minutes after their arrival(..I mean seriously, why worry with even introducing them to us if we can't enjoy our eye candy no longer that this?!).<br /><br />The ""snow anvil"" murder scene takes the cake. Ice icicles protrude from the beach's sand so that a victim can fall on them. Oh, and another girl is stabbed with a pair of weenie tongs.<br /><br />Look I get what's coming to me when I sit down to watch a killer snowman movie..such a ridiculous supernatural slasher will either tickle your funnybone(""Oh, it's such a wonderfully cheesy horror movie!"")or have you pondering why the hell you're wasting time with such nonsense. Jack Frost has the power to freeze water(..then how were they able to melt him in the first film?)and causes the island resort to snow. One sequence has Jack freezing pool water, encasing a swimming model under the sheet, result being her drowning with nowhere to escape.Oh, there's also a recreation of the ""tongue stuck to the icy pole"" bit from The Christmas Story(""Cowatonga dude!"").<br /><br />I gotta hand it to the cast, though..they're real troopers for trying to make this wretched material entertaining. Christopher Allport(..perhaps unwisely)returns as Sam, to face his old nemesis, as does Eileen Seeley, as his wife. The attempts at tongue-in-cheek humor(..for me, at least) fell flat, but the cast soldiers onward trying to make the most of a very difficult situation, with spirited performances they do their best to rise above the pitiful premise and woeful dialogue.<br /><br />A development occurs which increases the danger towards those still around to face off with Jack, his genetically altered water molecules, thanks to the introduced foreign elements, allow him to withstand coolant/anti-freeze, and, even worse, he now can reproduce..through indigestion, Jack hacks up what appear to be snowballs which hatch to reveal little snowballs with black eyes, mouth and sharp teeth! The killer snowman costume and little snowball puppets introduced later in the film might produce belly-laughs if you are in the mood for such shenanigans, but I personally found this junk rather hokey(..that's the purpose behind it, I suppose, cheap guffaws from those willing to embrace this)and unbearable.The snowball offspring is an obvious homage to Gremlins where we get a bar scene where the little bastards are celebrating in number over terrorizing victims at the resort. The weapon against them..bananas! It's explained that when Jack went to kill Sam in the first film, both fell in a truck bed full of anti-freeze(..an icicle emerging from Jack's belly was penetrating Sam's chest when he pushed them out a window into the truck bed, and I guess in their being ""being linked"" by the icicle, Jack inherited Sam's banana allergy, or so this is what we are led to believe!)and in doing so both ""merged"" in a sense.<br /><br />Phew, such a film as this defies simple explanation. It's a film with effects and plot so terrible, one might find the presentation enjoyable because of it's many failings."
"Ik know it is impossible to keep all details of a book in a movie. But this movie has changed nearly everything without any reason. Furthermore many changes have made the story illogical. A few examples: 1) in the movie ""Paul Renauld"" really meets Poriot before he dies (in the book Poirot only gets a letter), telling him he is afraid to be killed. This is completely stupid because if Renaulds plan would have succeeded, Poirot would have known that the dead man would not have been Renauld.(Poirot was in the morgue when Mrs Renauld identified the victim). 2) The movie has ""combined"" two persons into one! ""Cinderella"" has been removed by the movie. The girl Hastings falls in love with and the ex-girlfriend of Jack Renauld are one person in the movie! Why for god's sake? 3)Hastings finds the victims cause he is such a bad golf player. Totally",negative,2,"4389, 8868","Ik know it is impossible to keep all details of a book in a movie. But this movie has changed nearly everything without any reason. Furthermore many changes have made the story illogical. A few examples: 1) in the movie ""Paul Renauld"" really meets Poriot before he dies (in the book Poirot only gets a letter), telling him he is afraid to be killed. This is completely stupid because if Renaulds plan would have succeeded, Poirot would have known that the dead man would not have been Renauld.(Poirot was in the morgue when Mrs Renauld identified the victim). 2) The movie has ""combined"" two persons into one! ""Cinderella"" has been removed by the movie. The girl Hastings falls in love with and the ex-girlfriend of Jack Renauld are one person in the movie! Why for god's sake? 3)Hastings finds the victims cause he is such a bad golf player. Totally unfunny and stupid. 4) The movie tells secrets much too early (for example at the very beginning). So you know things you shouldn't know. 5) The murderer gets shot at the end by a person who doesn't exists in the book. Perhaps because the person (""cinderella"") who stops the murderer does not exists in the movie. 6)The book is very complex. The movie takes only about 90 minutes. Sure it is difficult to include all the necessary details but it is impossible if you include stupid things which were not in the book and have no meaning (e.g. bicycle race)."
"If you want Scream or anything like the big-studio horror product that we get forced on us these days don't bother. This well-written film kept me up thinking about all it had to say. Importance of myth in our lives to make it make sense, how children interpret the world (and the violence in it), our ransacking of the environment and ignorance of its history and legends.. all here, but not flatly on the surface. You could technically call it a ""monster movie"" even though the Wendigo does not take physical form until the end, and then it's even up to you and your beliefs as to what's happening with the legendary spirit/beast. Some standard thriller elements for those looking just for the basics and the film never bores, though in fact the less you see of the creature, the better. Fessenden successfully continues George Romero's tradition of using the",positive,2,"18206, 36364","If you want Scream or anything like the big-studio horror product that we get forced on us these days don't bother. This well-written film kept me up thinking about all it had to say. Importance of myth in our lives to make it make sense, how children interpret the world (and the violence in it), our ransacking of the environment and ignorance of its history and legends.. all here, but not flatly on the surface. You could technically call it a ""monster movie"" even though the Wendigo does not take physical form until the end, and then it's even up to you and your beliefs as to what's happening with the legendary spirit/beast. Some standard thriller elements for those looking just for the basics and the film never bores, though in fact the less you see of the creature, the better. Fessenden successfully continues George Romero's tradition of using the genre as parable and as a discussion forum while still keeping us creeped out."
"If you really loved GWTW, you will find quite disappointing the story. Those who may think this is just about a romantic story and the south, will be probably satisfied with this decent TV production (altought I consider an important miscast the choice for Scarlett). But, let me say that considering the novel, nothing good could came out of this.<br /><br />I've read GWTW more than 20 times and I can really appreciate the adaptation Mrs. Mitchell did for the film. It took me some time to understand how good the ending was: Scarlett knew for sure she was going to recover Rhett, since she always got what she wanted. But there was no kiss in the end.<br /><br />Then Alexandra Ripley came to ""fix"" this by showing us exactly how perfect and mighty Scarlett could be, and of course, describing in detail how exactly she gets Rhett back even",negative,2,"16806, 19653","If you really loved GWTW, you will find quite disappointing the story. Those who may think this is just about a romantic story and the south, will be probably satisfied with this decent TV production (altought I consider an important miscast the choice for Scarlett). But, let me say that considering the novel, nothing good could came out of this.<br /><br />I've read GWTW more than 20 times and I can really appreciate the adaptation Mrs. Mitchell did for the film. It took me some time to understand how good the ending was: Scarlett knew for sure she was going to recover Rhett, since she always got what she wanted. But there was no kiss in the end.<br /><br />Then Alexandra Ripley came to ""fix"" this by showing us exactly how perfect and mighty Scarlett could be, and of course, describing in detail how exactly she gets Rhett back even when she had an important affair with someone else (nothing could have been further from Mrs. Mitchell mind, I am sure).<br /><br />The story between these points is in my opinion just a long and boring ride made up to tie ends, showing off costumes and scenarios just to give us an obvious and totally unnecessary ending.<br /><br />If Margaret Mitchell could came to live again, she would die one more time at the very moment she'd find out what Scarlett became after GWTW.<br /><br />Sure it's not fair to compare this to the original but this is not GWTW fault. Isn't it? Is it any good if I don't compare it to the original? Maybe. Sorry to say I don't really care.<br /><br />I would expect little more compromise to continue someone else's (suberb) work, otherwise don't even try."
"If you make a suspense movie it is kind of important that the ""villain"" not be more sympathetic than the ""victim"". And this fails miserably. It was so terrible and frustrating to watch that I was actually moved to register and comment. OK, so the husband is rich and cocky. There are worse vices, and the cabana boy and wife display plenty. The husband is a jerk because he - um, didn't approve of the cabana boy physically assaulting that woman - the witch one which had absolutely nothing to do with the plot BTW. The cabana boy threatens the husband and repeatedly attempts to seduce the wife. He then forces himself on her - which the woman finds so hot she stops thinking rape and starts thinking she wants him. Uh huh. The misogynistic, inferiority complex thoughts the director displays are just revolting. It is one thing when a",negative,2,"3398, 11682","If you make a suspense movie it is kind of important that the ""villain"" not be more sympathetic than the ""victim"". And this fails miserably. It was so terrible and frustrating to watch that I was actually moved to register and comment. OK, so the husband is rich and cocky. There are worse vices, and the cabana boy and wife display plenty. The husband is a jerk because he - um, didn't approve of the cabana boy physically assaulting that woman - the witch one which had absolutely nothing to do with the plot BTW. The cabana boy threatens the husband and repeatedly attempts to seduce the wife. He then forces himself on her - which the woman finds so hot she stops thinking rape and starts thinking she wants him. Uh huh. The misogynistic, inferiority complex thoughts the director displays are just revolting. It is one thing when a fine film like American Psycho deliberately tries to get us to empathise with the villain but in Survival Island I felt like I was watching a movie about Ted Bundy but the director failed to make him unlikeable and instead made us hate his victims. What was he thinking???"
"If you liked the Grinch movie... go watch that again, because this was no where near as good a Seussian movie translation. Mike Myers' Cat is probably the most annoying character to ""grace"" the screen in recent times. His voice/accent is terrible and he laughs at his own jokes with an awful weasing sound, which is about the only laughing I heard at the theater. Not even the kids liked this one folks, and kids laugh at anything now. Save your money and go see Looney Tunes: Back in Action if you're really looking for a fun holiday family movie.",negative,2,"4292, 6352","If you liked the Grinch movie... go watch that again, because this was no where near as good a Seussian movie translation. Mike Myers' Cat is probably the most annoying character to ""grace"" the screen in recent times. His voice/accent is terrible and he laughs at his own jokes with an awful weasing sound, which is about the only laughing I heard at the theater. Not even the kids liked this one folks, and kids laugh at anything now. Save your money and go see Looney Tunes: Back in Action if you're really looking for a fun holiday family movie."
"If you like bad movies (and you must to watch this one) here's a good one. Not quite as funny as the first, but much lower quality. A must-see for fans of Jack Frost as well as anyone up for a good laugh at the writing.",negative,2,"2097, 25351","If you like bad movies (and you must to watch this one) here's a good one. Not quite as funny as the first, but much lower quality. A must-see for fans of Jack Frost as well as anyone up for a good laugh at the writing."
"If this is not heavily featured on every list of ""what not to watch"", it should only be because those keeping that particular list are not aware of its existence, which, as long as that remains so, is the acceptable alternative. I'm not kidding you, this is a *bad* ""movie"". Joseph Meeker returns from the dead, with various vague, undefined supernatural powers, the most employed of which would seem to be appearing in new, increasingly comical-looking and ridiculous(and never scary or creepy... in general, when this goes for the latter of those, it winds up just being bizarre, and attempts at the former just don't work, period) outfits and stereotypes/archetypes, and he is portrayed by David Keith(whom I respect in... well, at least Daredevil), doing a more often than not terribly inconsistent(which could also have to do with script) and often over the top performance. A character or two have",negative,2,"4901, 35855","If this is not heavily featured on every list of ""what not to watch"", it should only be because those keeping that particular list are not aware of its existence, which, as long as that remains so, is the acceptable alternative. I'm not kidding you, this is a *bad* ""movie"". Joseph Meeker returns from the dead, with various vague, undefined supernatural powers, the most employed of which would seem to be appearing in new, increasingly comical-looking and ridiculous(and never scary or creepy... in general, when this goes for the latter of those, it winds up just being bizarre, and attempts at the former just don't work, period) outfits and stereotypes/archetypes, and he is portrayed by David Keith(whom I respect in... well, at least Daredevil), doing a more often than not terribly inconsistent(which could also have to do with script) and often over the top performance. A character or two have personalities so unbelievably irritating that they're painful to watch. The editing thinks it's considerably more clever than it really is(and what on Earth was with the red tint for the flashbacks?). Cinematography... oh, dear. Framing, coverage, effective use of angle(that one could be attributed some to editing, too, perhaps), please, guys, stop me when I say something you've ever heard about the existence of. As far as the technical side goes, this is a pretty lousy excuse for something more worthwhile to put in the projector than unexposed film. But why stop there? The plot is just poor. The basic idea's been done, and it's been done so much better than this(The Crow would be one). The way it's told is gimmicky, and while there is some explanation behind the flashbacks, it still doesn't satisfy. Pacing is about non-existent. The lead is distinctly unlikeable, and there's more personality in a barn door, not to mention that those are also considerably less wooden. Kelly Perine and Thomas Ian Nicholas? What in the name of all that is good and just(pun intended) are you doing in this? Perine, you were already funny before this, on The Drew Carey Show, Nicholas, well, I haven't seen you in anything preceding American Pie, but if nothing else, you *were* funny later on, and in those productions, the amusement was intentional. Dialog is... the less said, the better. Language is unrestrained, and tends to be stupid. The violence is shoddily done, and they don't even seem to care to try to hide it(hinting at it might have been the smarter strategy). Characters, don't get me started. Why spend so much energy on portraying unexciting, at times utterly illogical, events? The more you think about this, the worse it gets. It's not even passable as a ""bad horror flick"", or a B movie(it may very well pass through the rest of the alphabet, and go further still), it couldn't scare you on the scariest day of your life if it had an electrified scaring machine. I recommend this only to people who want to disprove how bad this is, and don't say I didn't warn ya. 1/10"
"If this is classed as 'real life' of London, then the producers must be on different planet.<br /><br />It is the most depressing, suicidal, dark, dingy, dross on TV.<br /><br />Everyone is fighting, everything has nasty under tones running through it, nothing is done for genuine reasons.<br /><br />If you want a real life picture of people in London or the UK, then this programme is by the farthest from reality.<br /><br />There is not one good word I can say about this programme. The only certainty is that will be a great big fight over Christmas dinner.<br /><br />Even the characters are totally unbelievable!",negative,2,"12141, 36207","If this is classed as 'real life' of London, then the producers must be on different planet.<br /><br />It is the most depressing, suicidal, dark, dingy, dross on TV.<br /><br />Everyone is fighting, everything has nasty under tones running through it, nothing is done for genuine reasons.<br /><br />If you want a real life picture of people in London or the UK, then this programme is by the farthest from reality.<br /><br />There is not one good word I can say about this programme. The only certainty is that will be a great big fight over Christmas dinner.<br /><br />Even the characters are totally unbelievable!"
I saw this in the summer of 1990. I'm still annoyed by how bad this movie is in 2001.<br /><br />Implausible plot. You'd have to be a child to think this could happen.<br /><br />I'm just really annoyed by it. Don't see this.,negative,2,"13755, 22234",I saw this in the summer of 1990. I'm still annoyed by how bad this movie is in 2001.<br /><br />Implausible plot. You'd have to be a child to think this could happen.<br /><br />I'm just really annoyed by it. Don't see this.
"I rented this thinking it would be pretty good just by the cover of the movie case. Judge and Jury started out pretty good killer chasing the man who killed his wife on a bike with a cool gun, but this movie got progressively stupider as it went on. David Keith is awesome actor especially when he plays a role like this too bad the movie was a piece of crap it really wasted his talent. Judge and Jury was well plain dumb I gave it a 3 should have gave it a 2, I gave it an extra star just because David Keith's gun was cool.",negative,2,"636, 13858","I rented this thinking it would be pretty good just by the cover of the movie case. Judge and Jury started out pretty good killer chasing the man who killed his wife on a bike with a cool gun, but this movie got progressively stupider as it went on. David Keith is awesome actor especially when he plays a role like this too bad the movie was a piece of crap it really wasted his talent. Judge and Jury was well plain dumb I gave it a 3 should have gave it a 2, I gave it an extra star just because David Keith's gun was cool."
"Holy cow, what a piece of sh*t this movie is. I didn't how these filmmakers could take a 250 word book and turn it into a movie. I guess they didn't know either! I don't remember any farting or belching in the book, do you?<br /><br />They took this all times childrens classic, added some farting, belching and sexual inuindo, and prostituted it into a KAKA joke. This should give you a good idea of what these hollywood producers think like. I have to say, visually it was interesting, but the brilliant visual story is ruined by toilet humor (if you even think that kind of thing is funny) I DON'T want the kids that I know to think it is.<br /><br />Don't take your kids to see, don't rent the DVD. I hope the ghost of Doctor Suess ghost comes and haunts the people that made this movie.",negative,2,"10197, 38984","Holy cow, what a piece of sh*t this movie is. I didn't how these filmmakers could take a 250 word book and turn it into a movie. I guess they didn't know either! I don't remember any farting or belching in the book, do you?<br /><br />They took this all times childrens classic, added some farting, belching and sexual inuindo, and prostituted it into a KAKA joke. This should give you a good idea of what these hollywood producers think like. I have to say, visually it was interesting, but the brilliant visual story is ruined by toilet humor (if you even think that kind of thing is funny) I DON'T want the kids that I know to think it is.<br /><br />Don't take your kids to see, don't rent the DVD. I hope the ghost of Doctor Suess ghost comes and haunts the people that made this movie."
"I am not so much like Love Sick as I image. Finally the film express sexual relationship of Alex, kik, Sandu their triangle love were full of intenseness, frustration and jealous, at last, Alex waked up and realized that they would not have result and future.Ending up was sad.<br /><br />The director Tudor Giurgiu was in AMC theatre on Sunday 12:00PM on 08/10/06, with us watched the movie together. After the movie he told the audiences that the purposed to create this film which was to express the sexual relationships of Romanian were kind of complicate.<br /><br />On my point of view sexual life is always complicated in everywhere, I don't feel any particular impression and effect from the movie. The love proceeding of Alex and Kiki, and Kiki and her brother Sandu were kind of next door neighborhood story.<br /><br />The two main reasons I don't like this movie",negative,2,"33908, 49595","I am not so much like Love Sick as I image. Finally the film express sexual relationship of Alex, kik, Sandu their triangle love were full of intenseness, frustration and jealous, at last, Alex waked up and realized that they would not have result and future.Ending up was sad.<br /><br />The director Tudor Giurgiu was in AMC theatre on Sunday 12:00PM on 08/10/06, with us watched the movie together. After the movie he told the audiences that the purposed to create this film which was to express the sexual relationships of Romanian were kind of complicate.<br /><br />On my point of view sexual life is always complicated in everywhere, I don't feel any particular impression and effect from the movie. The love proceeding of Alex and Kiki, and Kiki and her brother Sandu were kind of next door neighborhood story.<br /><br />The two main reasons I don't like this movie are, firstly, the film didn't told us how they started to fall in love? Sounds like after Alex moved into the building which Kiki was living, then two girls are fall in love. It doesn't make sense at all. How a girl would fall in love with another girl instead of a man. Too much fragments, you need to image and connect those stories by your mind. Secondly, The whole film didn't have a scene of Alex and Kik's sexual intercourse, that 's what I was waiting for. However, it still had some parts were deserved to recommend. The ""ear piercing "" part was kind of interesting. Alex was willing to suffer the pain of ear piercing to appreciate kik's love. That was a touching scene which gave you a little idea of their love. Also, the scene of they were lying in the soccer field, the conversation express their loves were truthful and passionate."
"I find it rather useless to comment on this ""movie"" for the simplest reason that it has nothing to comment upon.It's similar to a rotten egg which has nothing good to show to the world excerpt for the fact that it is rotten as other endless number of eggs have been before it. But since a comment is mandatory for such a grandiose insignificance ... <br /><br />Filth is definitely the proper word to describe this movie created in the same manner as any other Romanian ""movie"" directed by Lucian Pintilie who insists to depict the so called ""Romanian reality"" following the Communist era (1990 to present days).<br /><br />Under no circumstances recommended for people outside Romania as for the others (who lately find amateurish camera, lack of plot, lack of directorial / actors's quality etc, noise etc. as being trendy and even art-like) : watch & enjoy this ""movie""",negative,2,"16890, 25690","I find it rather useless to comment on this ""movie"" for the simplest reason that it has nothing to comment upon.It's similar to a rotten egg which has nothing good to show to the world excerpt for the fact that it is rotten as other endless number of eggs have been before it. But since a comment is mandatory for such a grandiose insignificance ... <br /><br />Filth is definitely the proper word to describe this movie created in the same manner as any other Romanian ""movie"" directed by Lucian Pintilie who insists to depict the so called ""Romanian reality"" following the Communist era (1990 to present days).<br /><br />Under no circumstances recommended for people outside Romania as for the others (who lately find amateurish camera, lack of plot, lack of directorial / actors's quality etc, noise etc. as being trendy and even art-like) : watch & enjoy this ""movie"" (as I know you will) but do the other well intentioned IMDb members a favor, don't write an online review for it will misguide, irritate and in the end waste their time.<br /><br />On the other hand this movie (among others) has some value whatsoever, an educational one for it sets the example for : ""How NOT to make a movie."""
"I feel like I've just watched a snuff film....a beautifully acted, taut, engrossing and horrible thing! A two hour litany of perversion in the most basic and all inclusive sense of the word, sexual violence and torture, rape, decapitation, incest, corruption, live burial, and abuse, abuse, abuse. No redemption whatsoever. And I WAS entertained. I couldn't stop watching. What does this say about me, about the people who make and act in this sort of thing, and a world that has become so desensitized that eventually real snuff films will be the norm. And I'm neither puritanical nor humorless, I don't try to hide from the existence of darkness, and I definitely have not led a sheltered life, but I am ashamed of myself. AND I'm sorry to see my British cousins dragging the subject-matter sewers the way my own tribe does. It doesn't have to be cozy, but does",negative,2,"11651, 38268","I feel like I've just watched a snuff film....a beautifully acted, taut, engrossing and horrible thing! A two hour litany of perversion in the most basic and all inclusive sense of the word, sexual violence and torture, rape, decapitation, incest, corruption, live burial, and abuse, abuse, abuse. No redemption whatsoever. And I WAS entertained. I couldn't stop watching. What does this say about me, about the people who make and act in this sort of thing, and a world that has become so desensitized that eventually real snuff films will be the norm. And I'm neither puritanical nor humorless, I don't try to hide from the existence of darkness, and I definitely have not led a sheltered life, but I am ashamed of myself. AND I'm sorry to see my British cousins dragging the subject-matter sewers the way my own tribe does. It doesn't have to be cozy, but does it have to wallow in vicarious sadism?"
"I enjoyed Carax's ""Les Amants du Pont Neuf"" and was therefore expecting this film to be of a similar standard. Well, the first 10 minutes were OK, but then it disintegrates into a rather pretentious journey of a young man looking for the essence of life. A sad disappointment.",negative,2,"12019, 48837","I enjoyed Carax's ""Les Amants du Pont Neuf"" and was therefore expecting this film to be of a similar standard. Well, the first 10 minutes were OK, but then it disintegrates into a rather pretentious journey of a young man looking for the essence of life. A sad disappointment."
"I don't know how people can watch this - the only people who enjoy watching this are those who have no feelings and emotions and enjoy watching people die, houses burn down, car crashes, babies die, and cast members being killed off every week. Its the most absurd thing on television and i still don't know how it pulls in the ratings. Its so depressing. I can imagine the writers sitting down and saying - 'so who shall we kill of next week then' or 'whose house shall we torch in a months time?'<br /><br />Its the most depressing, absurd and most stupid thing on TV at the moment, and i cant understand peoples motives for watching this depressing pile of crap anymore",negative,2,"25876, 48060","I don't know how people can watch this - the only people who enjoy watching this are those who have no feelings and emotions and enjoy watching people die, houses burn down, car crashes, babies die, and cast members being killed off every week. Its the most absurd thing on television and i still don't know how it pulls in the ratings. Its so depressing. I can imagine the writers sitting down and saying - 'so who shall we kill of next week then' or 'whose house shall we torch in a months time?'<br /><br />Its the most depressing, absurd and most stupid thing on TV at the moment, and i cant understand peoples motives for watching this depressing pile of crap anymore"
"I do not fail to recognize Haneke's above-average film-making skills. For example, I appreciate his lingering on unremarkable-natural-day-lighted settings as a powerful way to force a strong sense of realism. However, regarding the content of this film, I am very sad to see that in the 21st century there is still an urge to pathologize domination-submission relations or feelings (and/or BDSM practices). The problem that the main character has with her mother is unbelievably topical as is the alienation and uncomprehension felt by Walter (I don't mean the frustration of a lover which is not loved back in the same way, which is understandable; I mean that he looks upon her as if she were crazy, or as if he was a monk, come on!). I mean D/s is not something new in the world and I think it is rather silly to treat the subject as if it were",negative,2,"7026, 36716","I do not fail to recognize Haneke's above-average film-making skills. For example, I appreciate his lingering on unremarkable-natural-day-lighted settings as a powerful way to force a strong sense of realism. However, regarding the content of this film, I am very sad to see that in the 21st century there is still an urge to pathologize domination-submission relations or feelings (and/or BDSM practices). The problem that the main character has with her mother is unbelievably topical as is the alienation and uncomprehension felt by Walter (I don't mean the frustration of a lover which is not loved back in the same way, which is understandable; I mean that he looks upon her as if she were crazy, or as if he was a monk, come on!). I mean D/s is not something new in the world and I think it is rather silly to treat the subject as if it were something ""freakish"" or pathological; it isn't. In general, films dealing with this subject are really lagging behind the times.<br /><br />So, for me, I feel that this film ends up being quite a programmatical film, worried with very outdated psicoanalitical theories (isn't it nearly embarrassing?), and that does not really relate with real-life lives and experiences of those engaged in D/s relationships (personal experience, forums, irc chatrooms even recent scholar studies will show this)."
"I can only assume the previous posts came from execs at the production company...<br /><br />Attended the UK premiere last night. Zane and Brook attended (they probably knew I was gonna be there) and are undoubtedly stars, but what a turkey of a film. I felt sorry for them at times, when the audience erupted in laughter at what were serious 'thriller' scenes.<br /><br />But perhaps I was missing the point. Perhaps an element of tongue-in-cheek was intended. If so, pure genius. If not, career genocide.<br /><br />On the plus side, Zane always shines, and Brook can actually act a little. As the other half said (as we ran out the cinema, avec broken ribs), they can be forgiven for this film as they both seem like nice people! The scriptwriter, however, should be marooned.",negative,2,"37372, 46116","I can only assume the previous posts came from execs at the production company...<br /><br />Attended the UK premiere last night. Zane and Brook attended (they probably knew I was gonna be there) and are undoubtedly stars, but what a turkey of a film. I felt sorry for them at times, when the audience erupted in laughter at what were serious 'thriller' scenes.<br /><br />But perhaps I was missing the point. Perhaps an element of tongue-in-cheek was intended. If so, pure genius. If not, career genocide.<br /><br />On the plus side, Zane always shines, and Brook can actually act a little. As the other half said (as we ran out the cinema, avec broken ribs), they can be forgiven for this film as they both seem like nice people! The scriptwriter, however, should be marooned."
"I bought this video on a throw-out table at the video store expecting a good cast in what was touted as an award-winning Brit sex comedy. I guess I should have read the finer print. I rarely write a panning review, but here goes.<br /><br />These actors in gay roles really play games with your memories of a lot of far more worthy films. This comedy was a very cruel joke at the expense of the actors, the theatre-going public and of all the nice films that have contributed to their reputations.<br /><br />I repeat: is the joke about trashing the actors' other highly respectable on-screen personae with this scurrilously trashy flick? Can the reference to the Austen classics 'Pride and Prejudice' and 'Sense and Sensibility' be anything else? How much of a political statement was it to produce this melodrama using these stars? Are we meant to simply take",negative,2,"1911, 37314","I bought this video on a throw-out table at the video store expecting a good cast in what was touted as an award-winning Brit sex comedy. I guess I should have read the finer print. I rarely write a panning review, but here goes.<br /><br />These actors in gay roles really play games with your memories of a lot of far more worthy films. This comedy was a very cruel joke at the expense of the actors, the theatre-going public and of all the nice films that have contributed to their reputations.<br /><br />I repeat: is the joke about trashing the actors' other highly respectable on-screen personae with this scurrilously trashy flick? Can the reference to the Austen classics 'Pride and Prejudice' and 'Sense and Sensibility' be anything else? How much of a political statement was it to produce this melodrama using these stars? Are we meant to simply take it as a lay-down misere that all actors are gay and thus letting their on-screen roleplay affect our lifestyles is accepting their private homosexual dealings in our faces, too? I'm sorry, but I don't think so. I say NO to this one."
"I became a fan of the TV series `Homicide: Life on the Street' late in the show's run, but became a fan very quickly. It was a cop show unlike any other: visually different in its use of hand-held cameras, taking the viewer everywhere, with its multiethnic and mutiracial cast and their varying and fascinating personalities, and that it covered all of the good and bad of a police department, including the corruption and personality clashes that bubble up to the surface. <br /><br />Homicide: The Movie, the reunion follow-up to the series, is as good as a made-for-television film can be. After Lt. Giardello (Yaphet Kotto), now a candidate for mayor of Baltimore, is shot, the series' cast members are back to help find the killer. In addition, the cast members who left the force and those who died, also manage to have their place in the film. The",positive,2,"18751, 43220","I became a fan of the TV series `Homicide: Life on the Street' late in the show's run, but became a fan very quickly. It was a cop show unlike any other: visually different in its use of hand-held cameras, taking the viewer everywhere, with its multiethnic and mutiracial cast and their varying and fascinating personalities, and that it covered all of the good and bad of a police department, including the corruption and personality clashes that bubble up to the surface. <br /><br />Homicide: The Movie, the reunion follow-up to the series, is as good as a made-for-television film can be. After Lt. Giardello (Yaphet Kotto), now a candidate for mayor of Baltimore, is shot, the series' cast members are back to help find the killer. In addition, the cast members who left the force and those who died, also manage to have their place in the film. The intensity and fire that marked the series return, and the script bristles with the same fire that marked the series. All in all, a terrific TV movie.<br /><br />Vote: 9"
I and a friend rented this movie. We both found the movie soundtrack and production techniques to be lagging. The movie's plot appeared to drag on throughout with little surprise in the ending. We both agreed that the movie could have been compressed into roughly an hour giving it more suspense and moving plot.,negative,2,"14163, 23363",I and a friend rented this movie. We both found the movie soundtrack and production techniques to be lagging. The movie's plot appeared to drag on throughout with little surprise in the ending. We both agreed that the movie could have been compressed into roughly an hour giving it more suspense and moving plot.
"I am partly a fan of Miyazaki's work. I say ""partly"" because most of his films fall into two categories: brilliant, and boring. Sadly this film falls into the later category.<br /><br />This film suffers from the same fundamental problems as Miyazaki's recent film ""Howl's Moving Castle"". An intriguing premise is set up, but then immediately reduced to little more than a backdrop for some unfathomable events that only serve to confuse the plot rather than explain it.<br /><br />The first third of the film reveals the post-apocalyptic world the story is set in, and actually looks like an very interesting story is about to unfold. From then on things go down hill. The middle part of the film is mostly made up of thinly-veiled eco-propaganda, and the ending is heavily marred by the reliance on the kind of impenetrable spiritualism which ruins a large number of Japanese animated films.<br",negative,2,"31895, 40291","I am partly a fan of Miyazaki's work. I say ""partly"" because most of his films fall into two categories: brilliant, and boring. Sadly this film falls into the later category.<br /><br />This film suffers from the same fundamental problems as Miyazaki's recent film ""Howl's Moving Castle"". An intriguing premise is set up, but then immediately reduced to little more than a backdrop for some unfathomable events that only serve to confuse the plot rather than explain it.<br /><br />The first third of the film reveals the post-apocalyptic world the story is set in, and actually looks like an very interesting story is about to unfold. From then on things go down hill. The middle part of the film is mostly made up of thinly-veiled eco-propaganda, and the ending is heavily marred by the reliance on the kind of impenetrable spiritualism which ruins a large number of Japanese animated films.<br /><br />Overall the film feels as though someone ripped out every other page from the script before passing it on the the animators. What is left is something which is visually stunning (although sadly the version I saw was an Nth-generation copy, with poor colour - which gives rise to the common myth that Nausicaa shows her bare bottom when flying), but which makes little sense and ultimately left me confused."
"I am insulted and angry over the idea that a sequel to 'Gone with the Wind' should EVER have been undertaken. Having expressed that, I have no problem with the quality of the acting or the actors in this film. The performers are talented people whose talents were wasted on this piece of garbage. The hype surrounding this book and film just happens to be an exercise in futility. I think it will go down as one of the misguided films of Hollywood. I don't believe that the beloved characters created by Margaret Mitchell should have been soiled by the ideas and interpretations of another writer. The film and the book should be on the list of worst ideas conceived in the world of publishing and film-making. The sad thing is that people actually made money off of this tripe.",negative,2,"13862, 18885","I am insulted and angry over the idea that a sequel to 'Gone with the Wind' should EVER have been undertaken. Having expressed that, I have no problem with the quality of the acting or the actors in this film. The performers are talented people whose talents were wasted on this piece of garbage. The hype surrounding this book and film just happens to be an exercise in futility. I think it will go down as one of the misguided films of Hollywood. I don't believe that the beloved characters created by Margaret Mitchell should have been soiled by the ideas and interpretations of another writer. The film and the book should be on the list of worst ideas conceived in the world of publishing and film-making. The sad thing is that people actually made money off of this tripe."
"I rented this movie because I am a huge Dudikoff fan. I figured it couldn't be that bad. Boy was I wrong! At the 15 minute mark , I was begiing the others to let me rip the DVD out and fling it back to the rental store, but they refused. They swore it had to get better.<br /><br />They were wrong! This movie was lacking everything. The actors delivered their lines with as much emotion as a comatose rock! The plot was ridiculous and I was offended that Hollywood assumed people were dumb enough to enjoy it. None of the characters interacted very well with each other. Ice-T gives one of his worst performances here.<br /><br />After watching footage of the wrong plane, bad guys standing up to get shot, and clips being emptied and missing everything, I wanted to scream and bang my head on concrete. The movie",negative,2,"17713, 45845","I rented this movie because I am a huge Dudikoff fan. I figured it couldn't be that bad. Boy was I wrong! At the 15 minute mark , I was begiing the others to let me rip the DVD out and fling it back to the rental store, but they refused. They swore it had to get better.<br /><br />They were wrong! This movie was lacking everything. The actors delivered their lines with as much emotion as a comatose rock! The plot was ridiculous and I was offended that Hollywood assumed people were dumb enough to enjoy it. None of the characters interacted very well with each other. Ice-T gives one of his worst performances here.<br /><br />After watching footage of the wrong plane, bad guys standing up to get shot, and clips being emptied and missing everything, I wanted to scream and bang my head on concrete. The movie hit its plateau of ignorance when the people on the space station used an elevator to travel. Space suits are not needed and there is gravity in space regardless of what real astronauts may say.<br /><br />I didn't finish this movie and hated it. I don't want to finish this movie. This is slow suicide. I could feel my cerebral cortex planning to avenge the torture I put it through."
"I am decidedly not in the target audience for this film. I am a man nearly 50 who has only recently stumbled across the world of independent film. This happened quite by accident, with the discovery of a movie called Clerks late one night on television. The first two things I noticed about that film were that it was 1) technically amateurish and 2) brilliantly written. When I read an interview with the director in the local paper and he said that one of his influences was Clerks, I started to get interesting. When he said his main influence was The Station Agent, a movie I'd seen on DVD a week prior, I decided I had to go and check it out. The result could be described along the same lines as Clerks, although the two films are nothing alike content wise. Both films suffer from technical gaffes that are",positive,2,"9864, 46194","I am decidedly not in the target audience for this film. I am a man nearly 50 who has only recently stumbled across the world of independent film. This happened quite by accident, with the discovery of a movie called Clerks late one night on television. The first two things I noticed about that film were that it was 1) technically amateurish and 2) brilliantly written. When I read an interview with the director in the local paper and he said that one of his influences was Clerks, I started to get interesting. When he said his main influence was The Station Agent, a movie I'd seen on DVD a week prior, I decided I had to go and check it out. The result could be described along the same lines as Clerks, although the two films are nothing alike content wise. Both films suffer from technical gaffes that are overcome through amazing writing. Whereas Clerks is a day in the life of a man who has nothing in his life at all and is afraid to ask tough questions about himself and his situation, Less Like Me is about a man who seemingly forces himself to be constantly busy, he's always running one way or another, filling his life with little things so that he will never have to deal with the big ones. The themes and ideas of this film are strong and poignant. I can tell from watching it that not much has changed since I was growing up, young men still have the same problems they always have. The writer dresses up these problems and themes in the modern vernacular, crafts wonderfully honest characters, and has them do completely believable things. As far as indie cinema goes, this may not be perfect from a technical standpoint, but from an artistic one, it is very close."
"I agree with ""johnlewis"", who said that there is a lot going on between the lines in this film. While I do think the pacing of this film could be improved, I do think that the complexity of the relationships between the characters is fascinating.<br /><br />Examples : <br /><br />Pierre is going to marry his cousin, even though his love for her seems very cousin-y ? <br /><br />Pierre and his stepmother have a rather...curious relationship.<br /><br />Pierre, Lucie, and Thibault seem to have a triangular relationship, and the actual points to the triangle are not quite certain...<br /><br />Lucie's brother is a bit of a eunuch, or is he ? <br /><br />And Isabelle, who is she really ?? <br /><br />Overall, I think it was worth my time. An interesting film, and one that makes me want to read Melville.",positive,2,"32306, 40111","I agree with ""johnlewis"", who said that there is a lot going on between the lines in this film. While I do think the pacing of this film could be improved, I do think that the complexity of the relationships between the characters is fascinating.<br /><br />Examples : <br /><br />Pierre is going to marry his cousin, even though his love for her seems very cousin-y ? <br /><br />Pierre and his stepmother have a rather...curious relationship.<br /><br />Pierre, Lucie, and Thibault seem to have a triangular relationship, and the actual points to the triangle are not quite certain...<br /><br />Lucie's brother is a bit of a eunuch, or is he ? <br /><br />And Isabelle, who is she really ?? <br /><br />Overall, I think it was worth my time. An interesting film, and one that makes me want to read Melville."
"I absolutely hate this programme, what kind of people sit and watch this garbage?? OK my dad and mum love it lol but i make sure I'm well out of the room before it comes on. Its so depressing and dreary but the worst thing about it is the acting i cant stand all detective programmes such as this because the detectives are so wooden and heartless. What happened to detective programmes with real mystery??? I mean who wants to know what happened to fictional characters we know nothing about that died over 20 years ago??? I wish the bbc would put more comedy on bbc1 cos now with the vicar of dibley finished there is more room for crap like this.",negative,2,"10976, 49361","I absolutely hate this programme, what kind of people sit and watch this garbage?? OK my dad and mum love it lol but i make sure I'm well out of the room before it comes on. Its so depressing and dreary but the worst thing about it is the acting i cant stand all detective programmes such as this because the detectives are so wooden and heartless. What happened to detective programmes with real mystery??? I mean who wants to know what happened to fictional characters we know nothing about that died over 20 years ago??? I wish the bbc would put more comedy on bbc1 cos now with the vicar of dibley finished there is more room for crap like this."
"I Enjoyed Watching This Well Acted Movie Very Much!It Was Well Acted,Particularly By Actress Helen Hunt And Actors Steven Weber And Jeff Fahey.It Was A Very Interesting Movie,Filled With Drama And Suspense,From The Beginning To The Very End.I Reccomend That Everyone Take The Time To Watch This Made For Television Movie,It Is Excellent And Has Great Acting!!",positive,2,"701, 48058","I Enjoyed Watching This Well Acted Movie Very Much!It Was Well Acted,Particularly By Actress Helen Hunt And Actors Steven Weber And Jeff Fahey.It Was A Very Interesting Movie,Filled With Drama And Suspense,From The Beginning To The Very End.I Reccomend That Everyone Take The Time To Watch This Made For Television Movie,It Is Excellent And Has Great Acting!!"
"Humm, an Italian movie starred by David hasselhoff and Linda Blair, I wasn´t expecting very much, to be honest and in fact, I took even less than I was expecting. It doesn´t mean this movie is the worst I have seen because I have watched worse things than this but the plot was most of the times confusing and uninteresting and some good gore scenes are the only thing saving this. Apart from that you are going to love some special effects, they are really cheesy and bad. Now I only want to watch ""Troll 3"" by this same director, sure it is not going to be worse than that.",negative,2,"4123, 19890","Humm, an Italian movie starred by David hasselhoff and Linda Blair, I wasn´t expecting very much, to be honest and in fact, I took even less than I was expecting. It doesn´t mean this movie is the worst I have seen because I have watched worse things than this but the plot was most of the times confusing and uninteresting and some good gore scenes are the only thing saving this. Apart from that you are going to love some special effects, they are really cheesy and bad. Now I only want to watch ""Troll 3"" by this same director, sure it is not going to be worse than that."
"How pointless, hideous characters and boring film. Saved by brief sex scenes, mad witch, gorgeous desert island and Brooks body. The plot is tenuous, the characters are shallow and unlikeable. Having said that I did manage to watch it all, mainly because I was totally transfixed by the jiggling and kind of hoping that her character would come good in the end. The film was well shot, well directed but perhaps the casting let it down in some ways. Disappointing. Really summed the review up in the first line but this website dictates that you need to write 10 lines minimum. It would be better to spend the time watching another film.",negative,2,"27656, 29926","How pointless, hideous characters and boring film. Saved by brief sex scenes, mad witch, gorgeous desert island and Brooks body. The plot is tenuous, the characters are shallow and unlikeable. Having said that I did manage to watch it all, mainly because I was totally transfixed by the jiggling and kind of hoping that her character would come good in the end. The film was well shot, well directed but perhaps the casting let it down in some ways. Disappointing. Really summed the review up in the first line but this website dictates that you need to write 10 lines minimum. It would be better to spend the time watching another film."
"How much do I love this film?! Now I'm not a fan of bad films, but I do love a film that is so bad it's good. This is one of those. Juan Pablo Di Pace has a great butt, looks fab on screen, and definitely doesn't make a bad turn at his acting debut (I believe). Billy Zane is suitably mean and moody, though I still constantly feel that there is something more in him. I felt it in Titanic, the look on his face when La Winslet spat on him for example, totally broken, shocked, and put-down ... fierce! Kelly Brook is a pretty face ... no seriously, I think that's it! It's worth catching this to see one really hot guy, some big bra fillers from Brook, nasty growling from Billy, laugh at the dialogue, revel in the scenery and madness of the whole affair ... I'm",negative,2,"10246, 40980","How much do I love this film?! Now I'm not a fan of bad films, but I do love a film that is so bad it's good. This is one of those. Juan Pablo Di Pace has a great butt, looks fab on screen, and definitely doesn't make a bad turn at his acting debut (I believe). Billy Zane is suitably mean and moody, though I still constantly feel that there is something more in him. I felt it in Titanic, the look on his face when La Winslet spat on him for example, totally broken, shocked, and put-down ... fierce! Kelly Brook is a pretty face ... no seriously, I think that's it! It's worth catching this to see one really hot guy, some big bra fillers from Brook, nasty growling from Billy, laugh at the dialogue, revel in the scenery and madness of the whole affair ... I'm gona go watch it again now - yes, I bought it!!!"
Horrible movie. This movie beat out revenge of the living zombies for the WORST movie I have ever suffered through. What the !@$% were the morons who made this film thinking. Was it supposed to be scary. Because man let me tall you it wasn't. It was so dumb it wasn't funny. We all know that tropical islands are the natural hunting grounds for killer snowmen. And those stupid baby snowballs. Stupid Stupid Stupid Stupid Stupid Stupid Stupid Stupid. Fake snow and lousy actors. OH and frost looks nothing like he does on the box. DO NOT WASTE YOUR TIME. REnt it and destroy it.,negative,2,"13879, 36604",Horrible movie. This movie beat out revenge of the living zombies for the WORST movie I have ever suffered through. What the !@$% were the morons who made this film thinking. Was it supposed to be scary. Because man let me tall you it wasn't. It was so dumb it wasn't funny. We all know that tropical islands are the natural hunting grounds for killer snowmen. And those stupid baby snowballs. Stupid Stupid Stupid Stupid Stupid Stupid Stupid Stupid. Fake snow and lousy actors. OH and frost looks nothing like he does on the box. DO NOT WASTE YOUR TIME. REnt it and destroy it.
"Homicide: The Movie proved to be a good wrap-up to a well-written, well-directed, and well-acted series. Loose ends were tied up that weren't properly addressed at the end of the final season. The entire series, and especially the movie, provided a life-like look at life (and death) in Baltimore, a culturally unique city with an extremely high murder rate. My attraction to the series began long before I moved to Baltimore, but once I experienced life here for myself, I realized how realistic it was. And the movie certainly retained that spirit. I will certainly miss new original episodes of the series, but am very grateful to NBC and the producers and cast for giving us one last glimpse at the dark side of Charm City.",positive,2,"2668, 16117","Homicide: The Movie proved to be a good wrap-up to a well-written, well-directed, and well-acted series. Loose ends were tied up that weren't properly addressed at the end of the final season. The entire series, and especially the movie, provided a life-like look at life (and death) in Baltimore, a culturally unique city with an extremely high murder rate. My attraction to the series began long before I moved to Baltimore, but once I experienced life here for myself, I realized how realistic it was. And the movie certainly retained that spirit. I will certainly miss new original episodes of the series, but am very grateful to NBC and the producers and cast for giving us one last glimpse at the dark side of Charm City."
"Holy freaking God all-freaking-mighty. This movie was so bad, I thought I was on drugs. In a bad way... The character acting is the poorest thing I've seen in quite some time. This movie was more akin to Lord of the G-Strings, IMHO(it's a real movie). Most of the movie appeared to be done on a horrible green screen. My favorite part was when they are in the carriage, and you can tell there's no horse. They're fleeing from alien monsters, and going about the same speed as a swift jog. Then it switches to a far-shot with a ridiculous CG horse. And the CG in general seems to be sub-par to 1992's Beyond the Mind's Eye. I mean, Come on, really. It felt like a horrible episode of Hercules, only without Kevin Sorbo there to save the day. Worst. Movie. Ever.",negative,2,"38867, 45722","Holy freaking God all-freaking-mighty. This movie was so bad, I thought I was on drugs. In a bad way... The character acting is the poorest thing I've seen in quite some time. This movie was more akin to Lord of the G-Strings, IMHO(it's a real movie). Most of the movie appeared to be done on a horrible green screen. My favorite part was when they are in the carriage, and you can tell there's no horse. They're fleeing from alien monsters, and going about the same speed as a swift jog. Then it switches to a far-shot with a ridiculous CG horse. And the CG in general seems to be sub-par to 1992's Beyond the Mind's Eye. I mean, Come on, really. It felt like a horrible episode of Hercules, only without Kevin Sorbo there to save the day. Worst. Movie. Ever."
"I found it hard to care about these characters, who were either annoying or insipid, all living their fabulously hilariously urban lives.<br /><br />The dialogue was excruiciating at times, and at other times the narrative seemed hard to follow - was it me or were entire scenes deleted?<br /><br />It felt like a poor sitcom somehow turned into a film. The stereotypes and jokes about ""men's groups"" would perhaps have been funny in the early 90s. As it is, this is where much of the humour of the film comes from - and boy, does it get old fast.<br /><br />Apart from the attractive Irish man - this film was a dud. And not even in a ""so bad it's good way"". The last 20 minutes were particularly painful. Perhaps if you've never met any gay people or never thought about homosexuality before, then this film might have something meaningful",negative,2,"17681, 32588","I found it hard to care about these characters, who were either annoying or insipid, all living their fabulously hilariously urban lives.<br /><br />The dialogue was excruiciating at times, and at other times the narrative seemed hard to follow - was it me or were entire scenes deleted?<br /><br />It felt like a poor sitcom somehow turned into a film. The stereotypes and jokes about ""men's groups"" would perhaps have been funny in the early 90s. As it is, this is where much of the humour of the film comes from - and boy, does it get old fast.<br /><br />Apart from the attractive Irish man - this film was a dud. And not even in a ""so bad it's good way"". The last 20 minutes were particularly painful. Perhaps if you've never met any gay people or never thought about homosexuality before, then this film might have something meaningful to say. Otherwise - darlings, you'd still be better off renting The Boys in The Band or Beautiful Thing."
"I got interested in this movie because somebody had made a beautiful video for Björks ""Bachelorette"" with clips from it. So I watched the movie. And it is indeed stuningly beautiful. A masterpiece of animation.<br /><br />Unfortunately, the story doesn't keep up. It starts out well, with interesting plotlines about people fencing for the possession of the Rose Bride, but suddenly elevators fill up with water and looses their walls, people float away, and finally for no reason whatsoever, Utena is tranformed into a car, and a highspeed chase ensues.<br /><br />I like much Anime for it's ability to make alternative universes, but this universe is just stupid. If you are gonna watch this movie, turn of the sound, it's better that way.",negative,2,"4914, 34938","I got interested in this movie because somebody had made a beautiful video for Björks ""Bachelorette"" with clips from it. So I watched the movie. And it is indeed stuningly beautiful. A masterpiece of animation.<br /><br />Unfortunately, the story doesn't keep up. It starts out well, with interesting plotlines about people fencing for the possession of the Rose Bride, but suddenly elevators fill up with water and looses their walls, people float away, and finally for no reason whatsoever, Utena is tranformed into a car, and a highspeed chase ensues.<br /><br />I like much Anime for it's ability to make alternative universes, but this universe is just stupid. If you are gonna watch this movie, turn of the sound, it's better that way."
"I had seen Rik Mayall in Blackadder and the New Statesman, so I thought I'd give this film a try.<br /><br />At around 4 pm I bought it, at around 8pm I started to watch, at around 8.15pm I fast forwarded the remaining film to see if there was anything left watchable for a human being with a brain... but there wasn't. At around 8.45pm I threw the DVD into the dustbin. And that's where this ""film"" belongs.<br /><br />What ever happened to British humour? The humour so fine and witty, intelligent and artful that you find in Yes, Minister, Blackadder, Vicar of Dibley, Fawlty Towers or The Fast Show? The black humour Britain is so famous for? I don't want to insult anybody, but I presume even stupid children wouldn't find this funny. They deserve more intelligent fun. And Rik Mayall, you can do better, so please, do!",negative,2,"28440, 47765","I had seen Rik Mayall in Blackadder and the New Statesman, so I thought I'd give this film a try.<br /><br />At around 4 pm I bought it, at around 8pm I started to watch, at around 8.15pm I fast forwarded the remaining film to see if there was anything left watchable for a human being with a brain... but there wasn't. At around 8.45pm I threw the DVD into the dustbin. And that's where this ""film"" belongs.<br /><br />What ever happened to British humour? The humour so fine and witty, intelligent and artful that you find in Yes, Minister, Blackadder, Vicar of Dibley, Fawlty Towers or The Fast Show? The black humour Britain is so famous for? I don't want to insult anybody, but I presume even stupid children wouldn't find this funny. They deserve more intelligent fun. And Rik Mayall, you can do better, so please, do!"
"I have always been a fan of Bottom, grabbing as many videos as I could find of the series here in the states. The chemistry between Rik and Ade is always genius, and the combination of smart writing and utterly stupid humor seems to work without fail. I thus sat down to watch this movie with great eagerness... and was utterly disappointed by the end.<br /><br />The first 3/4 of the movie can best be described as uninspired and poorly directed (sorry, Ade!), but with some utterly brilliant moments. Unfortunately, these laugh-out-loud moments make you realize how less-than-brilliant the rest of the movie is. The slapstick starts off funny but eventually becomes a bit boring, with only the perverted sex jokes to keep things humorous.<br /><br />The end of the movie (the 'green' scenes, for those of you who've seen it) was... perhaps the worst ending I've seen in the",negative,2,"45023, 48355","I have always been a fan of Bottom, grabbing as many videos as I could find of the series here in the states. The chemistry between Rik and Ade is always genius, and the combination of smart writing and utterly stupid humor seems to work without fail. I thus sat down to watch this movie with great eagerness... and was utterly disappointed by the end.<br /><br />The first 3/4 of the movie can best be described as uninspired and poorly directed (sorry, Ade!), but with some utterly brilliant moments. Unfortunately, these laugh-out-loud moments make you realize how less-than-brilliant the rest of the movie is. The slapstick starts off funny but eventually becomes a bit boring, with only the perverted sex jokes to keep things humorous.<br /><br />The end of the movie (the 'green' scenes, for those of you who've seen it) was... perhaps the worst ending I've seen in the past decade. Honestly. It was one joke repeated about thirty times, followed by an abrupt ending that made no sense (which didn't bother me) and wasn't funny (which did).<br /><br />To sum up, I was sorely disappointed by this movie. I shall cling to the few brilliant moments in it, to retain the fondest memories that I can... but I have to warn you, if you're about to overpay for your NTSC conversion tape from the local importer, don't. There are far better things to spend your money on."
"I rented the video of ""The Piano Teacher"" knowing nothing about it other than what was written on the video box. I did this with some trepidation because films that win awards at Cannes are usually very good or very bad. Unfortunately, this one falls in the latter category. About one quarter of the way into it I found myself saying out loud, ""This movie is boring."" About half way through I was saying to myself, ""Where have I seen this before?"" At the three quarters mark I had figured it out.<br /><br />In spite of its literary origins, this film is essentially a remake of Robert Altman's much earlier (1969), and better, ""That Cold Day in the Park."" Although the details obviously differ and Altman's work was more plot-driven and less of a character study, the two films are thematically identical. There is nothing ""new"" to be seen in",negative,2,"32495, 43652","I rented the video of ""The Piano Teacher"" knowing nothing about it other than what was written on the video box. I did this with some trepidation because films that win awards at Cannes are usually very good or very bad. Unfortunately, this one falls in the latter category. About one quarter of the way into it I found myself saying out loud, ""This movie is boring."" About half way through I was saying to myself, ""Where have I seen this before?"" At the three quarters mark I had figured it out.<br /><br />In spite of its literary origins, this film is essentially a remake of Robert Altman's much earlier (1969), and better, ""That Cold Day in the Park."" Although the details obviously differ and Altman's work was more plot-driven and less of a character study, the two films are thematically identical. There is nothing ""new"" to be seen in this production. Every aspect of it has been done before: a character spiralling out of control with increasingly self-destructive behavior (Abel Ferrara's ""Bad Lieutenant"" 1992); a perverse and doomed 'love' culminating in an operatic (near) death scene (David Cronenberg's ""M. Butterfly"" 1993); uncommonly brutal sex scenes (David Lynch's ""Blue Velvet"" 1986); and so on. Hence, I am bemused by the fact that so many found the film to be ""shocking,"" ""shattering,"" etc. This highly derivative film seems to have been made for the sole purpose of making viewers feel uncomfortable, and clearly succeeded with some. However, I largely attribute such a reaction to a lack of film-viewing experience. See enough movies and you really will, eventually, have seen it all. And while it is true that I saw the expurgated 'R-rated' version, I doubt that the additional scenes would change my overall opinion of ""The Piano Teacher.""<br /><br />Technically, the film is not without merit. There is some very good camera work and the lighting is excellent. Isabelle Huppert's creditable performance also helps save it from being a waste of time. This is the first of Haneke's films that I've seen, and if I were to see more I expect I would have the same opinion of him that I have of Ferrara: an interesting director but not nearly the genius others make him out to be. Rating: 4/10."
"I remember when I first heard about Jack Frost. I was in Video Ezy at Miranda with my family on a monthly video hiring tradition. It was at this time that I worked up the courage to venture over towards the horror section of the store. Browsing the various titles, I finally came across Jack Frost. The cover was enough to convince me that the film was beyond my viewing pleasures. Years later the film disappeared, only to be replaced with the inevitable yet unnecessary sequel. I once again ventured to the horror section and picked up the case only to come to one conclusion: the film would be scary but not intentionally.<br /><br />Jack Frost 2: Revenge Of The Killer Mutant Snowman (quite a title) follows off where it's predecessor left it. Sheriff Sam is seeking counseling after his ordeals and Jack is now in the form of anti-freeze.",negative,2,"8971, 41715","I remember when I first heard about Jack Frost. I was in Video Ezy at Miranda with my family on a monthly video hiring tradition. It was at this time that I worked up the courage to venture over towards the horror section of the store. Browsing the various titles, I finally came across Jack Frost. The cover was enough to convince me that the film was beyond my viewing pleasures. Years later the film disappeared, only to be replaced with the inevitable yet unnecessary sequel. I once again ventured to the horror section and picked up the case only to come to one conclusion: the film would be scary but not intentionally.<br /><br />Jack Frost 2: Revenge Of The Killer Mutant Snowman (quite a title) follows off where it's predecessor left it. Sheriff Sam is seeking counseling after his ordeals and Jack is now in the form of anti-freeze. To escape his past, Sam and his wife head to an island hotel where he is in the company of a wide variety of slasher film stereotypes including busty female models, thick headed sports jocks and Caribbean staff. However, Jack is released from his liquid grave and is back to his icy methods. He heads over to the island and proceeds to kill anyone that would prove to have an awesome death. Only Sam can stop him.<br /><br />Let me just say that this is a straight-to-video film so it's bound to be bad. But this is terrible even in the eyes of other over the top films. The camera work is poor, using a camera that would make a soap opera look majestic. Half the actors look like they've come out of a porn shoot and the other half look like they've come out of a retirement home, but in actual fact they've actually come out of an asylum. There is an extensive use of special effects used in the film which tends to alternate between bland puppetry and CGI that can be bettered by an infant, and the death scenes are mostly off screen showing us little of what has happened to the hapless, yet deserving, victims. But the film is most memorable for it's killer one liners such as ""There's something that needs a little Christmas stuffing"" and ""I know pronounce you officially f***ing dead!"" Ultimately the whole purpose behind a film like this is to make a popcorn flick for those Friday nights of boredom and even it fails at that. To make a sequel to a film that was a poor slasher with a concept that a child would find unbelievable must've taken some nerves of steel or a total frontal lobotomy. To director Michael Cooney thanks for wasting my time. To everyone else avoid like arsenic."
"I really should have learned more about this movie before renting it. It was one of those movies where you keep watching it figuring it's got to get better. Then, when it ends, you feel stupid for having wasted precious time in your life that you can never get back. Ice-T did his bad guy thing and, well, that was the highlight of the evening. The pictures of the shuttle looks like it was done with a little toy inside of a box and the spacewalking scenes were funny because you could see the strings attached to the space suits. The script was lacking and the car chase scene with the guy bleeding and going unconscious was incredible because he drove better than I could have on one of my best days. All in all, I have seen worse but this sure isn't one I'd recommend or want to remember.",negative,2,"19320, 22577","I really should have learned more about this movie before renting it. It was one of those movies where you keep watching it figuring it's got to get better. Then, when it ends, you feel stupid for having wasted precious time in your life that you can never get back. Ice-T did his bad guy thing and, well, that was the highlight of the evening. The pictures of the shuttle looks like it was done with a little toy inside of a box and the spacewalking scenes were funny because you could see the strings attached to the space suits. The script was lacking and the car chase scene with the guy bleeding and going unconscious was incredible because he drove better than I could have on one of my best days. All in all, I have seen worse but this sure isn't one I'd recommend or want to remember."
"I really liked the idea of traveling between dimensions, and I even liked the Wade/Quinn tension in early episodes. Some of the worlds they created gave the main characters extremely interesting backdrops for their stories. However, as the show went on there were more silly disputes among the friends and less of a true bond. There was less wonder and excitement when they were involved in other worlds and more condescension. And every world had one of the characters falling in love. The writing just got boring and everything was way too over the top. Too bad it would've been nice to have a closely knit band of friends (a la Star Wars) traveling to different dimensions on TV for several years, rather than a tired band of knit pickers.",negative,2,"11279, 22113","I really liked the idea of traveling between dimensions, and I even liked the Wade/Quinn tension in early episodes. Some of the worlds they created gave the main characters extremely interesting backdrops for their stories. However, as the show went on there were more silly disputes among the friends and less of a true bond. There was less wonder and excitement when they were involved in other worlds and more condescension. And every world had one of the characters falling in love. The writing just got boring and everything was way too over the top. Too bad it would've been nice to have a closely knit band of friends (a la Star Wars) traveling to different dimensions on TV for several years, rather than a tired band of knit pickers."
I really enjoyed this movie. The script is fresh and unpredictable and the acting is outstanding.It is a down-to-earth movie with characters one cares about. It brought tears into my eyes a few times but left me with a great feeling afterwards.,positive,2,"14063, 29043",I really enjoyed this movie. The script is fresh and unpredictable and the acting is outstanding.It is a down-to-earth movie with characters one cares about. It brought tears into my eyes a few times but left me with a great feeling afterwards.
"I read the reviews of this movie, and they were generally pretty good so I thought I should see it. I'm a big Francophile and art film lover, but I believe this is yet another case in which the critics make something ""arty"" or ""intellectual"" into something it is not. I will be blunt: it contains scenes of sexual perverseness that I never, ever wanted to actually see. Obviously, the piano teacher has some major psychological issues, but I really did not want to see them displayed so graphically. The film is, in essence, disgusting. I mean, when I saw Requiem for a Dream, I was repulsed by the last sort of scene with Jennifer Connelly, but that was not anywhere near the sort of disgust and repulsion I felt during this film.",negative,2,"28113, 40372","I read the reviews of this movie, and they were generally pretty good so I thought I should see it. I'm a big Francophile and art film lover, but I believe this is yet another case in which the critics make something ""arty"" or ""intellectual"" into something it is not. I will be blunt: it contains scenes of sexual perverseness that I never, ever wanted to actually see. Obviously, the piano teacher has some major psychological issues, but I really did not want to see them displayed so graphically. The film is, in essence, disgusting. I mean, when I saw Requiem for a Dream, I was repulsed by the last sort of scene with Jennifer Connelly, but that was not anywhere near the sort of disgust and repulsion I felt during this film."
"I must warn you, there are some spoilers in it. But to start it off, I got ""Spanish Judges"" on February I think. It was mention it was the last copy, but as I see, it wasn't back-ordered. But either way, I have it. I thought it was good. I wanted to see this mainly because of the great actor, Matthew Lillard (I'm surprised no one on the reviews mention the scar) although it is kind of low budget, getting enough money to make this film would be worth spending. Man, what a good actor.<br /><br />The story it about a con artist known as Jack (Matthew Lillard) who ""claims"" to have merchandises called The Spanish Judges. If you don't know what Spanish Judges are or haven't seen the trailer for this and this is the first review you have read, I won't even say what they are. I figure",positive,2,"2434, 34546","I must warn you, there are some spoilers in it. But to start it off, I got ""Spanish Judges"" on February I think. It was mention it was the last copy, but as I see, it wasn't back-ordered. But either way, I have it. I thought it was good. I wanted to see this mainly because of the great actor, Matthew Lillard (I'm surprised no one on the reviews mention the scar) although it is kind of low budget, getting enough money to make this film would be worth spending. Man, what a good actor.<br /><br />The story it about a con artist known as Jack (Matthew Lillard) who ""claims"" to have merchandises called The Spanish Judges. If you don't know what Spanish Judges are or haven't seen the trailer for this and this is the first review you have read, I won't even say what they are. I figure it would be a big twist of no one knew what it was. He needs protection, so he hires a couple who are also crooks, Max and Jamie (Vincent D'Onofrio and Valeria Golino) as well as a crook that goes by the name of Piece (Mark Boone Junior). He has a girlfriend who won't even tell anyone her name because she's from Mars, as she said. So they (mainly Jack) call her ""Mars Girl"". Everything starts out fine, but then it turns to one big game. A game that involves some lust, lies and betrayal.<br /><br />There was some over acting in it (Matt and Valeria, as well as Tamara, were not one of them). There were some scenes they could've done better and the score could've been a little better as well. Some of the score was actually good. The theme they used for the beginning and the end (before the credits) was a good song choice, that's my opinion. The fight scene in the end could've been a little longer and a little more violent, but what can you do? One more comment on Matt: Damn, he plays a smooth, slick con man.<br /><br />I know this is a review, but I need to make a correction towards NeCRo, one of the reviewers: Valeria Golino is not a newcomer. According to this site, she has been acting since 1983. To me, and hopefully to others, she is well known as Charlie Sheen's Italian love interest in both the ""Hot Shots!"" movies. But good review.<br /><br />Although I think it's one of the rare films I've seen and it's really good (which is why I gave it 10 stars above), I will give the grade of what I thought when I first saw it.<br /><br />8/10"
"I loved this movie. I knew it would be chocked full of camp and silliness like the original series. I found it very heart warming to see Adam West, Burt Ward, Frank Gorshin, and Julie Newmar all back together once again. Anyone who loved the Batman series from the 60's should have enjoyed Return to the Batcave. You could tell the actors had a lot of fun making this film, especially Adam West. And I'll bet he would have gladly jumped back into his Batman costume had the script required him to do so. I told a number of friends about this movie who chose not to view it... now they wished they had. I have all of the original 120 episodes on VHS. Now this movie will join my collection. Thank You for the reunion Adam and Burt.",positive,2,"21520, 47790","I loved this movie. I knew it would be chocked full of camp and silliness like the original series. I found it very heart warming to see Adam West, Burt Ward, Frank Gorshin, and Julie Newmar all back together once again. Anyone who loved the Batman series from the 60's should have enjoyed Return to the Batcave. You could tell the actors had a lot of fun making this film, especially Adam West. And I'll bet he would have gladly jumped back into his Batman costume had the script required him to do so. I told a number of friends about this movie who chose not to view it... now they wished they had. I have all of the original 120 episodes on VHS. Now this movie will join my collection. Thank You for the reunion Adam and Burt."
"I love how everyone treats this show like it was the next great American sitcom. I watched five episodes of this abomination, and the only person that came close to an actual teacher was the old guy that sort of loved and hated his job. The rest of them were just pretty people trying to read the lines written by people who never actually went inside of a real classroom. I loved how every episode consisted of the two idiots (one who got laid and the other who didn't) getting into some form of zany trouble that indirectly involved their students. The British girl who thought she found an likable quality in the main idiot, but in the end was somehow shocked that he turned out to be a jackass. The hot chick that was there for the particular purpose of being hot, and the principal and her lackey that",negative,2,"3222, 22185","I love how everyone treats this show like it was the next great American sitcom. I watched five episodes of this abomination, and the only person that came close to an actual teacher was the old guy that sort of loved and hated his job. The rest of them were just pretty people trying to read the lines written by people who never actually went inside of a real classroom. I loved how every episode consisted of the two idiots (one who got laid and the other who didn't) getting into some form of zany trouble that indirectly involved their students. The British girl who thought she found an likable quality in the main idiot, but in the end was somehow shocked that he turned out to be a jackass. The hot chick that was there for the particular purpose of being hot, and the principal and her lackey that served to somehow move the almost non-existent plot forward. I loved how almost all the teachers on this show were very young, but I ask you to think back to your high school days and remember the teachers that you had . . . did they look like that? Or did you go to the high school that had middle-aged people teaching in it? That is the high school that everyone else went to. The show lacked any form of research into what goes on in schools. In public schools, principals do not have the power to higher and fire teachers, the school board does, but in every episode that I watched the principal made threats to fire her teachers. Think back to your history class . . . . . or think of any history class, did you ever see an incredibly hot British chick teach an American History class? No. Did you ever see a teacher's lounge that is so huge that you could actually play basketball in? No.<br /><br />Teachers could have been a great show had it actually of based itself in some form of reality. What makes teaching funny is the stories that you get from interaction with students, and the teachers find it funny because they deal with the students day in and day out. The overemphasis on their lives outside of teaching just made it another four camera sitcom that had unrealistic people in an unrealistic environment saying unrealistic lines, and I'm sorry, I just didn't buy it. The show could have modeled itself after other currently successful sitcoms and used a single-camera format, and it should have centered more around the teacher's relationships with their students and not with each other.<br /><br />It gets a star for trying and a star for the hot chick (she was really hot).<br /><br />In the end, it was a failed sitcom that will go down in history as a hacks attempt to understand a profession. I only hope that if they make another sitcom based on teaching that they learn from their mistakes so that a monstrosity such as this never touches the television screen."
"I like a lot of the actors/actresses involved in this project so being insulted by the movie felt even worse than if they used a unknowns .The main problem was this movie was clearly just a concept created to appeal to baby boomers .In 20 or 30 years Nbc will probably do a movie just like this about the early 90's . I can see it now a black family where the kids are involved with the la riot's and the white family has the kids rebel and listen to grunge rock music .The soundtrack will feature bands like Nirvana , N.W.A , Public Enemy , Soundgarden etc .The movie like this will be just as cheesy as The 60's and I gurantee you NBC will do it .See the biggest problem with period pieces when done buy networks is that when you are living in a certain time period",negative,2,"6532, 17307","I like a lot of the actors/actresses involved in this project so being insulted by the movie felt even worse than if they used a unknowns .The main problem was this movie was clearly just a concept created to appeal to baby boomers .In 20 or 30 years Nbc will probably do a movie just like this about the early 90's . I can see it now a black family where the kids are involved with the la riot's and the white family has the kids rebel and listen to grunge rock music .The soundtrack will feature bands like Nirvana , N.W.A , Public Enemy , Soundgarden etc .The movie like this will be just as cheesy as The 60's and I gurantee you NBC will do it .See the biggest problem with period pieces when done buy networks is that when you are living in a certain time period you aren't thinking i am living in the 60's or whatever decade is trendy retro at the time .Next time someone does something like this they should put more weight into there project"
"I like Chris Rock, but I feel he is wasted in this film. The idea of remaking Heaven Can Wait is fine, but the filmmakers followed the plot of that turkey too closely. When Eddie Murphy remade Dr. Doolittle and The Nutty Professor, he re-did them totally -- so they became Murphy films/vehicles, not just tepid remakes. That's why they were successful. If Chris had done the same, this could have been a much better film. The few laughs that come are when he is doing his standup routine -- so he might as well have done a concert film. It also would have been much funnier if the white man whose body he inhabits was a truck driver or hillbilly. So why does Hollywood keep making junk like this? Because people go to see it -- because they like Chris Rock. So give Chris a decent script and give",negative,2,"15178, 38961","I like Chris Rock, but I feel he is wasted in this film. The idea of remaking Heaven Can Wait is fine, but the filmmakers followed the plot of that turkey too closely. When Eddie Murphy remade Dr. Doolittle and The Nutty Professor, he re-did them totally -- so they became Murphy films/vehicles, not just tepid remakes. That's why they were successful. If Chris had done the same, this could have been a much better film. The few laughs that come are when he is doing his standup routine -- so he might as well have done a concert film. It also would have been much funnier if the white man whose body he inhabits was a truck driver or hillbilly. So why does Hollywood keep making junk like this? Because people go to see it -- because they like Chris Rock. So give Chris a decent script and give us better movies! Don't remake films that weren't that good in the first place!"
"I knew it was going to be awful but not this awful!!, as it's one of the most boring movies i have ever seen, not a damn thing happens!. All the characters are dull, and the story is stupid and incredibly boring!,plus The ending is especially lame!. The only reason i rented this piece of crap because i am a big fan of Michael Dudikoff, however he is wasted here, and looks extremely bored and shows no emotion what so ever!, plus i cheered out loud when the movie was over!. It's like the movie had no plot and it was all about nothing, and Ice-T is god awful(even though he is OK in some stuff), plus Dudikoff and Yvette Nipar had no chemistry together at all. There's one scene that the director tried to make emotional but he fails miserably as Yvette Nipar didn't really show all that much",negative,2,"3595, 37205","I knew it was going to be awful but not this awful!!, as it's one of the most boring movies i have ever seen, not a damn thing happens!. All the characters are dull, and the story is stupid and incredibly boring!,plus The ending is especially lame!. The only reason i rented this piece of crap because i am a big fan of Michael Dudikoff, however he is wasted here, and looks extremely bored and shows no emotion what so ever!, plus i cheered out loud when the movie was over!. It's like the movie had no plot and it was all about nothing, and Ice-T is god awful(even though he is OK in some stuff), plus Dudikoff and Yvette Nipar had no chemistry together at all. There's one scene that the director tried to make emotional but he fails miserably as Yvette Nipar didn't really show all that much emotion, however there is a decent Car chase scene, but that's not enough for me to recommend this god awful film!, plus the dialog is atrocious. Avoid this movie like the plague not a damn thing happens, please avoid and trust me on this one you may thank me afterwords. The Direction is horrible!. Fred Olen Ray does a horrible job here, with shoddy camera work, laughably cheap looking set pieces, terrible angles, laughable use of stock footage, and keeping the film at an incredibly dull pace. The Acting is terrible!. Michael Dudikoff is nowhere near his usual amazing self, he looks extremely bored, and shows no emotion what so ever, his character is also extremely dull, as i can't believe he signed on for this piece of garbage, he also had no chemistry with Yvette Nipar(Dudikoff still rules!!!). Ice-T has barely anything to do and also looks bored, and he didn't convince me one bit. Hannes Jaenicke is not very good here, he had somewhat of a wimpy character, i didn't like him. Yvette Nipar is pretty but was really terrible here, she didn't show much emotion, and had no chemistry with Dudikoff, and as a result i didn't give a damn about her character!. Art Hindle,(Owen Marsh),Kathy Harren(Katharine Marsh), and the rest of the cast are bad as well. Overall Please avoid like the plague!, Fred Olen Ray and Steve Lathshaw should be ashamed of themselves!. BOMB out of 5"
"I kind of like JAG. It do have it´s charm but lately it´s to much propaganda in it. For an outsider (a non American) the patriotic feeling can be a bit to much.<br /><br />I don´t like that Rabb and MacKenzie goes from being lawyers (as they were in the early parts of the TV show) to become super heros that stops wars and rescues entire continents. Its almost like watching a recruitment video from the US army.<br /><br />I still watch the show, so it´s not that bad. But i would prefer more episodes when Rabb and MacKenzie investigates military accidents and don´t save the world in the future.",negative,2,"24606, 32019","I kind of like JAG. It do have it´s charm but lately it´s to much propaganda in it. For an outsider (a non American) the patriotic feeling can be a bit to much.<br /><br />I don´t like that Rabb and MacKenzie goes from being lawyers (as they were in the early parts of the TV show) to become super heros that stops wars and rescues entire continents. Its almost like watching a recruitment video from the US army.<br /><br />I still watch the show, so it´s not that bad. But i would prefer more episodes when Rabb and MacKenzie investigates military accidents and don´t save the world in the future."
"I just don't understand why anytime someone does a show about one of the largest metro areas in the country (Houston, Dallas, Austin/San Antonio etc.), they portray the average person as someone who wears wranglers/cowboy hat , talks with a drawl, has zero fashion sense, and drives a truck on his way to either the ""saloon"" or his next hunting trip, rodeo, skeet shooting or country music concert. I have never even seen a small town cop driving a police-truck...anywhere in Texas.<br /><br />The funny thing is this is not done for artistic reasons or comedy...they are actually serious and I guess believe the average person is too stupid to know the difference. The bad scripts and equally bad acting give that away. This show makes goofy shows in the past like Knightrider look like high-brow entertainment. At least Knightrider had the talking car.",negative,2,"29156, 39830","I just don't understand why anytime someone does a show about one of the largest metro areas in the country (Houston, Dallas, Austin/San Antonio etc.), they portray the average person as someone who wears wranglers/cowboy hat , talks with a drawl, has zero fashion sense, and drives a truck on his way to either the ""saloon"" or his next hunting trip, rodeo, skeet shooting or country music concert. I have never even seen a small town cop driving a police-truck...anywhere in Texas.<br /><br />The funny thing is this is not done for artistic reasons or comedy...they are actually serious and I guess believe the average person is too stupid to know the difference. The bad scripts and equally bad acting give that away. This show makes goofy shows in the past like Knightrider look like high-brow entertainment. At least Knightrider had the talking car."
"I have some great memories watching ""Robin of Sherwood"" on TV as a kid (but I think I only saw Michael Praed´s episodes, by some reason). And recently my brother bought the new released DVD-boxes of the complete series. It was great to see it again, and it is the best of all the Robin Hood movies and TV-series. The cast is great, and the locations mixed with Clannad´s music adds this very special feeling. I personally think that Praed is the best of the two Robins, but Jason Connery was a great choice to continue the series with. Ray Winstone, Nicolas Grace and Robert Addie is terrific in their roles as Will Scarlet, The Sheriff of Nottingham and Guy of Gisburne. It´s a pity that a fourth season never got made, and I´ve also heard that the writer Richard Carpenter actually had plans to make a feature film following",positive,2,"4327, 13807","I have some great memories watching ""Robin of Sherwood"" on TV as a kid (but I think I only saw Michael Praed´s episodes, by some reason). And recently my brother bought the new released DVD-boxes of the complete series. It was great to see it again, and it is the best of all the Robin Hood movies and TV-series. The cast is great, and the locations mixed with Clannad´s music adds this very special feeling. I personally think that Praed is the best of the two Robins, but Jason Connery was a great choice to continue the series with. Ray Winstone, Nicolas Grace and Robert Addie is terrific in their roles as Will Scarlet, The Sheriff of Nottingham and Guy of Gisburne. It´s a pity that a fourth season never got made, and I´ve also heard that the writer Richard Carpenter actually had plans to make a feature film following the events of the series. Robert of Huntingdon (Connery) could finally have married Marion (Judi Trott), or maybe Herne the Hunter could resurrect Robin of Loxley (Praed), and he could take his revenge against the sheriff. As have been mentioned before; if the producers of ""Robin Hood: The Prince of Thieves"" would have been smart, they would have got the cast from ""Robin of Sherwood"", and made the movie to a sort of sequel to the series. As Ray Winstone puts it in the DVD bonusmaterial, it would have been great to see them as old men, just like in Sean Connery´s ""Robin and Marian"". Who knows, maybe we will se more of this perfect interpretation of the legend in the future. In any case, we can now watch our favorite series over and over again!"
"I have seen this film at least 100 times and I am still excited by it, the acting is perfect and the romance between Joe and Jean keeps me on the edge of my seat, plus I still think Bryan Brown is the tops. Brilliant Film.",positive,2,"245, 12608","I have seen this film at least 100 times and I am still excited by it, the acting is perfect and the romance between Joe and Jean keeps me on the edge of my seat, plus I still think Bryan Brown is the tops. Brilliant Film."
"I have seen most of the Tarzan episodes. Certainly the rated X with O'Keeffe & Bo Derek, which is totally deplorable.<br /><br />I have seen this version several times since it was originally shown.<br /><br />All the cast had memorable parts, great acting the Ape sequences.<br /><br />Last night I viewed same on Spanish station and other than some French dialog all in Spanish.<br /><br />As far as Hudson not wanting Andie's voice he did nothing until the very end. He viewed the dailies and could have hired a dialog coach.<br /><br />It seems silly that a story about apes and a man raised by them all speaking gibberish that Hudson attacked Andie.The story line in the movie was that she was an American cousin. The last time I checked Carolina was in the USA.<br /><br />She was beautiful in movie and her eyes, and gorgeous hair, alabaster skin mystified",positive,2,"10590, 44605","I have seen most of the Tarzan episodes. Certainly the rated X with O'Keeffe & Bo Derek, which is totally deplorable.<br /><br />I have seen this version several times since it was originally shown.<br /><br />All the cast had memorable parts, great acting the Ape sequences.<br /><br />Last night I viewed same on Spanish station and other than some French dialog all in Spanish.<br /><br />As far as Hudson not wanting Andie's voice he did nothing until the very end. He viewed the dailies and could have hired a dialog coach.<br /><br />It seems silly that a story about apes and a man raised by them all speaking gibberish that Hudson attacked Andie.The story line in the movie was that she was an American cousin. The last time I checked Carolina was in the USA.<br /><br />She was beautiful in movie and her eyes, and gorgeous hair, alabaster skin mystified all us males. She did not have to resort to Bo's level.<br /><br />She has remained a LADY throughout the rest of her career and should look at this movie (half her life ago),as a starting point. Her performance, sincerity, made this movie enjoyable, believable that a half wild man could ascertain her inner beauty.<br /><br />Great sending point for Sir Richardson, he did steal the movie."
"I have been familiar with the fantastic book of 'Goodnight Mister Tom' for absolutely ages and it was only recently when I got the chance to watch this adaption of it. I have heard lots of positive remarks about this, so I had high hopes. Once this film had finished, I was horrified.<br /><br />This film is not a good film at all. 'Goodnight Mister Tom' was an extremely poor adaption and practically 4.5/10 of the book was missed out. Particularly, I found that a lot of the characters and some great scenes in the book were not in this. There was not much dialogue, It was rushed and far too fast-moving, but I was mostly upset by the fact that you never got to see the bonding and love between William Beech and Tom in this film which was a true let down. The casting was not all that",negative,2,"21484, 38356","I have been familiar with the fantastic book of 'Goodnight Mister Tom' for absolutely ages and it was only recently when I got the chance to watch this adaption of it. I have heard lots of positive remarks about this, so I had high hopes. Once this film had finished, I was horrified.<br /><br />This film is not a good film at all. 'Goodnight Mister Tom' was an extremely poor adaption and practically 4.5/10 of the book was missed out. Particularly, I found that a lot of the characters and some great scenes in the book were not in this. There was not much dialogue, It was rushed and far too fast-moving, but I was mostly upset by the fact that you never got to see the bonding and love between William Beech and Tom in this film which was a true let down. The casting was not all that good,either. I thought this could have been really good, but it was so different to the book! Anextremely poor adaption, one of the worst I've seen. This deserves a decent remake that'd better be 1000 times better than this pile of garbage."
"I have been a huge Lynn Peterson fan ever since her breakthrough role in the 1988 blockbuster movie ""Far North"", and even though I loved her in her one other film ""Slow"" (2004) where she plays ""Francis"", this is by far and away her strongest role.<br /><br />Lynn, as I'm sure you all know (or should), plays the critical role of ""Driver"".<br /><br />Unfortunately, other than Lynn's amazing performance, I'm afraid this movie doesn't really have much going for it.<br /><br />Oh wait - there was one other thing - the amazing creativity of the editing to remove profanity for TV viewers. Memorable lines like: ""You son-of-a-gun!"", ""You son-of-a-witch!"", ""Shoot!"", and ""Well, Forget You!""<br /><br />O.K. Bye.<br /><br />P.S.: Does anyone know where I can get another Lynn Peterson poster?",negative,2,"9380, 37958","I have been a huge Lynn Peterson fan ever since her breakthrough role in the 1988 blockbuster movie ""Far North"", and even though I loved her in her one other film ""Slow"" (2004) where she plays ""Francis"", this is by far and away her strongest role.<br /><br />Lynn, as I'm sure you all know (or should), plays the critical role of ""Driver"".<br /><br />Unfortunately, other than Lynn's amazing performance, I'm afraid this movie doesn't really have much going for it.<br /><br />Oh wait - there was one other thing - the amazing creativity of the editing to remove profanity for TV viewers. Memorable lines like: ""You son-of-a-gun!"", ""You son-of-a-witch!"", ""Shoot!"", and ""Well, Forget You!""<br /><br />O.K. Bye.<br /><br />P.S.: Does anyone know where I can get another Lynn Peterson poster?"
"I have always been a huge fan of ""Homicide: Life On The Street"" so when I heard there was a reunion movie coming up, I couldn't wait.<br /><br />Let me just say, I was not disappointed at all. It was one of the most powerful 2 hours of television I've ever seen. It was great to see everyone back again, but the biggest pleasure of all was to have Andre Braugher back, because the relationship between Pembleton and Bayliss was always the strongest part of an all-together great show.",positive,2,"4546, 7221","I have always been a huge fan of ""Homicide: Life On The Street"" so when I heard there was a reunion movie coming up, I couldn't wait.<br /><br />Let me just say, I was not disappointed at all. It was one of the most powerful 2 hours of television I've ever seen. It was great to see everyone back again, but the biggest pleasure of all was to have Andre Braugher back, because the relationship between Pembleton and Bayliss was always the strongest part of an all-together great show."
"I have always been a fan of the show so I'll admit that I am biased. When the show's run ended, I felt like too many questions remained unanswered. This movie to me felt like closure. To see all the people I'd followed over the past few years together at last was most rewarding. I have heard that this is probably the only Homicide movie that we can expect. If that is so, this is the appropriate way to go out. This movie is sometimes poignant, sometimes upsetting, but always satisfying. If you are or ever have been a fan of the show, watch this movie.",positive,2,"3117, 40343","I have always been a fan of the show so I'll admit that I am biased. When the show's run ended, I felt like too many questions remained unanswered. This movie to me felt like closure. To see all the people I'd followed over the past few years together at last was most rewarding. I have heard that this is probably the only Homicide movie that we can expect. If that is so, this is the appropriate way to go out. This movie is sometimes poignant, sometimes upsetting, but always satisfying. If you are or ever have been a fan of the show, watch this movie."
"when I first heard about this movie, I noticed it was one of the most controversial films of the 1970s. I noticed the music was by Elton John, so I figured I had nothing to loose, so I got it. What a Surprise!!! The movie was awesome. It was true love is all about. The characters (Paul and Michelle) had no luxuries, no money, and sometimes no food, yet they were still happy. I recommended this film to all my friends, but they all critized my tastes, and even called me names, becuase the movie featured two minors naked. I think that only made the movie more realistic. The cinematography was great and it only come to show the great abilities of director Lewis Gilbert",positive,2,"10163, 15305","when I first heard about this movie, I noticed it was one of the most controversial films of the 1970s. I noticed the music was by Elton John, so I figured I had nothing to loose, so I got it. What a Surprise!!! The movie was awesome. It was true love is all about. The characters (Paul and Michelle) had no luxuries, no money, and sometimes no food, yet they were still happy. I recommended this film to all my friends, but they all critized my tastes, and even called me names, becuase the movie featured two minors naked. I think that only made the movie more realistic. The cinematography was great and it only come to show the great abilities of director Lewis Gilbert"
